// Generated by romconv/fantasy/fantasy_rom_convert.py; do not edit.
// MAME Fantasy speech samples converted to mono 6 kHz 4-bit IMA-ADPCM.
#define FANTASY_SAMPLE_COUNT 12
const unsigned long fantasy_sample_offsets[] = {
  0,7090,13500,21130,27575,34508,36634,40606,42314,45799,50607,54336
};
const unsigned long fantasy_sample_lengths[] = {
  14176,12817,15256,12887,13862,4249,7941,3413,6966,9613,7454,2020
};
const unsigned char fantasy_samples[] = {
  0x00,0x01,0x2f,0xff,0xf5,0x89,0xe0,0x1f,0xc0,0xa0,0x10,0x70,0x90,0x81,0x14,0x08,0x2a,0x80,0xb3,0x08,0x8c,0x8b,0xd0,0xb3,0x88,0xcc,0xcb,0xbb,0x73,0x00,0x3f,0x95,
  0x90,0x28,0x42,0xc1,0x90,0x32,0x98,0xca,0x82,0xa2,0xd8,0x2a,0xb0,0xe0,0x08,0x28,0xaa,0x38,0x80,0x80,0x3d,0xff,0x16,0x89,0x8b,0x24,0x93,0xaa,0x51,0x01,0xab,0x39,
  0x02,0xba,0x1f,0x10,0xb0,0x9b,0x2a,0xd8,0xa0,0x22,0x35,0x89,0xff,0x7e,0x93,0xb9,0x28,0x42,0xc9,0x09,0x31,0xa0,0xba,0x21,0x82,0xcb,0x19,0x22,0x91,0x9b,0x22,0x84,
  0x99,0x18,0xa2,0xd0,0x91,0xfa,0xef,0x77,0xb8,0x88,0x11,0x82,0xca,0x10,0x01,0x98,0x99,0x20,0x81,0xaa,0x18,0x00,0x00,0x08,0x31,0x88,0x98,0x21,0x28,0x3a,0x02,0xb4,
  0x08,0xfc,0xff,0x7f,0x07,0x9d,0x20,0x81,0x88,0x89,0x28,0x81,0x9a,0x00,0x81,0x08,0x98,0x18,0x00,0x98,0x00,0x80,0x80,0x08,0x88,0x90,0x99,0x28,0x08,0x02,0x86,0x04,
  0x28,0x01,0xff,0x7f,0x37,0xde,0x30,0x82,0x88,0x99,0x18,0x03,0xba,0x29,0x02,0x98,0x90,0x19,0x21,0xb9,0x19,0x11,0x89,0x88,0x09,0x18,0x08,0x39,0x53,0x08,0x01,0xfd,
  0xff,0x77,0xf8,0x28,0x13,0x8a,0xa0,0x0a,0x34,0xc9,0x1a,0x03,0x89,0x08,0x89,0x12,0xa1,0x0c,0x21,0x99,0x00,0x98,0x38,0x81,0xa9,0x13,0x90,0xff,0x7f,0x06,0xbd,0x31,
  0x81,0x28,0xc9,0x1a,0x15,0xaa,0x18,0x91,0x00,0x91,0x8b,0x33,0xb8,0x2a,0x91,0x19,0x04,0xab,0x40,0xa0,0x1a,0x02,0xac,0xff,0x7a,0x07,0x8f,0x22,0x88,0x22,0xeb,0x29,
  0x04,0x9a,0x10,0x99,0x30,0xb1,0x0b,0x13,0xb8,0x11,0xb0,0x2a,0x14,0xac,0x22,0xb0,0x18,0x93,0xff,0x3f,0x17,0xe9,0x28,0x82,0x28,0xa2,0xae,0x32,0xa1,0x0a,0x82,0x9a,
  0x33,0xc9,0x1a,0x04,0x9a,0x11,0xb0,0x39,0x12,0xac,0x23,0xc0,0xf9,0xcf,0x47,0xa8,0x8c,0x13,0x89,0x22,0xe9,0x1a,0x13,0xb9,0x20,0xa1,0x1b,0x14,0xba,0x20,0x82,0x8b,
  0x23,0xd8,0x39,0x11,0x9c,0x21,0xf0,0xdf,0x71,0x83,0xbc,0x40,0x91,0x19,0x82,0xcb,0x40,0x81,0x8b,0x21,0xa8,0x2a,0x13,0xca,0x20,0x01,0xab,0x32,0xb0,0x0c,0x33,0xca,
  0xfe,0x0d,0x47,0x98,0x9c,0x22,0xa0,0x18,0x82,0xcb,0x30,0x83,0xbb,0x40,0x91,0x8b,0x41,0xa8,0x0a,0x13,0xb8,0x2a,0x33,0xca,0x39,0xc2,0xff,0x5e,0x05,0xc8,0x1a,0x02,
  0x99,0x30,0x91,0x9d,0x21,0x91,0x9a,0x22,0xb0,0x1b,0x33,0xd0,0x1a,0x23,0xc9,0x18,0x22,0xbb,0xf9,0xef,0x61,0x84,0xb8,0x19,0x81,0xaa,0x42,0x91,0x9c,0x30,0x91,0x8b,
  0x32,0xb1,0x8c,0x32,0xa0,0x0c,0x22,0xb0,0x0b,0x43,0xc8,0xfc,0x9f,0x72,0x03,0xa9,0x08,0xa0,0x9b,0x42,0x81,0x9b,0x31,0xb1,0x9c,0x43,0x90,0x9b,0x13,0xb2,0x9c,0x33,
  0xb0,0x8c,0x13,0xf0,0xff,0x28,0x27,0x90,0x09,0x90,0xbb,0x39,0x14,0xa8,0x18,0x83,0xdb,0x29,0x13,0xb9,0x38,0x13,0xdc,0x18,0x03,0xb9,0x39,0xb4,0xff,0x2a,0x47,0x80,
  0x09,0x80,0xdb,0x09,0x22,0x90,0x18,0x23,0xda,0x0a,0x11,0xb0,0x19,0x15,0xa8,0x0a,0x22,0xc9,0x19,0x93,0xff,0x2a,0x47,0x80,0x09,0x80,0xcb,0x0a,0x23,0xa0,0x10,0x04,
  0xba,0x1b,0x23,0xca,0x28,0x15,0xb9,0x29,0x02,0xca,0x19,0xff,0x19,0x55,0x81,0x89,0x81,0xca,0x0b,0x22,0x90,0x29,0x13,0xd8,0x0a,0x12,0xb9,0x39,0x15,0xb9,0x28,0x12,
  0xcb,0x38,0xfb,0xbf,0x74,0x83,0x89,0x10,0xca,0x8b,0x22,0x98,0x28,0x13,0xba,0x2a,0x11,0xcb,0x22,0x02,0x9b,0x31,0xb1,0x8d,0x33,0xf9,0xff,0x78,0x03,0x89,0x80,0xca,
  0x89,0x22,0x88,0x11,0x81,0xab,0x00,0xa1,0x39,0x22,0xb8,0x18,0x91,0xa9,0x32,0x81,0xfb,0xff,0x4f,0x15,0x88,0x88,0xba,0x0b,0x22,0x10,0x12,0xa0,0x9c,0x80,0x08,0x21,
  0x02,0x8a,0x08,0xb9,0x18,0x02,0x80,0x83,0xff,0xbf,0x77,0x80,0x08,0xba,0x8b,0x22,0x00,0x31,0xb1,0x9c,0x00,0x98,0x31,0x12,0x9b,0x01,0xc9,0x39,0x02,0xa9,0xf2,0xff,
  0x71,0x83,0x09,0xb1,0xad,0x28,0x81,0x20,0x03,0xbb,0x08,0xb0,0x2b,0x16,0x98,0x10,0xb1,0x0b,0x22,0xb9,0x21,0xff,0x2f,0x16,0x08,0x01,0xea,0x89,0x01,0x09,0x23,0xa0,
  0x09,0x91,0x9c,0x32,0xa0,0x38,0x83,0xad,0x12,0xb8,0x29,0xf2,0xdf,0x63,0x81,0x28,0xa0,0x9e,0x10,0x98,0x30,0x82,0x8a,0x10,0xc9,0x28,0x82,0x89,0x13,0xc9,0x28,0x91,
  0x1b,0x12,0xff,0x2f,0x05,0x00,0x01,0xda,0x09,0x00,0x09,0x13,0x98,0x19,0x90,0x0b,0x22,0xa9,0x31,0xb1,0x0c,0x03,0x9a,0x31,0xf8,0xff,0x61,0x01,0x11,0xc0,0x8c,0x80,
  0x09,0x31,0x90,0x08,0xa0,0x8a,0x11,0x98,0x22,0x98,0x09,0x90,0x0a,0x11,0xa0,0xff,0x0f,0x17,0x22,0x81,0xae,0x98,0x89,0x30,0x02,0x00,0xa0,0x8a,0x89,0x98,0x32,0x18,
  0x01,0xa8,0xa9,0x80,0x3a,0xf1,0xff,0x71,0x41,0x02,0xd9,0x8a,0xaa,0x18,0x31,0x21,0x83,0x8a,0xba,0xa9,0x19,0x11,0x24,0x10,0xa8,0xb8,0x0c,0xa9,0xfb,0xff,0x14,0x44,
  0x01,0xb9,0xb9,0x8d,0x88,0x20,0x31,0x01,0x81,0x8b,0xba,0x99,0x29,0x20,0x32,0x21,0x88,0xa0,0xf8,0xff,0x3c,0x70,0x04,0x81,0x99,0xbb,0xb8,0x09,0x10,0x23,0x22,0x01,
  0xa8,0x9a,0x9c,0xa8,0x10,0x21,0x83,0x23,0x2a,0xff,0xef,0x01,0x17,0x11,0x80,0xa9,0x9a,0x9b,0xa8,0x11,0x30,0x22,0x02,0x88,0xc8,0x98,0x0a,0x0a,0x02,0x33,0x21,0xf2,
  0xff,0x9b,0x73,0x14,0x83,0x98,0xab,0xac,0x99,0x18,0x11,0x23,0x12,0x90,0x99,0xba,0x8b,0x09,0x11,0x34,0x12,0x10,0xff,0xcf,0x59,0x04,0x42,0x80,0xa8,0xbb,0xba,0x0a,
  0x10,0x24,0x31,0x81,0x88,0xbb,0xb9,0x0a,0x02,0x34,0x23,0x02,0xfa,0xff,0xaa,0x35,0x68,0x83,0x81,0xba,0xc9,0x0c,0x89,0x11,0x22,0x04,0x01,0x99,0xb9,0x8c,0x9a,0x11,
  0x21,0x43,0x21,0xfc,0xae,0x69,0x10,0x24,0x10,0xc0,0xa8,0xab,0xba,0x18,0x20,0x16,0x32,0x81,0x90,0xab,0xcc,0x99,0x09,0x12,0x34,0x02,0xaf,0x9d,0x06,0x32,0x82,0x83,
  0x8c,0xdb,0xa9,0x8b,0x88,0x43,0x41,0x13,0x12,0x99,0xda,0xaa,0x9c,0xa8,0x22,0x42,0xf2,0xc8,0x61,0x20,0x13,0x28,0xb9,0xe8,0x8b,0x9d,0x90,0x20,0x21,0x15,0x21,0x08,
  0xa8,0x9b,0xad,0xb9,0x00,0x30,0x8f,0xb8,0x37,0x42,0x03,0x94,0x89,0xad,0xba,0x9b,0x8b,0x11,0x63,0x32,0x04,0x12,0x99,0xc9,0xaa,0x9d,0x99,0x98,0x3f,0x2e,0x11,0x26,
  0x20,0x81,0x90,0x9b,0xcd,0xb8,0x8a,0x09,0x12,0x53,0x32,0x13,0x83,0x99,0xdb,0xca,0xaa,0xfa,0xa9,0x49,0x51,0x34,0x42,0x08,0xa0,0xc9,0xcb,0xca,0x98,0x18,0x21,0x24,
  0x53,0x11,0x80,0x99,0xcb,0xca,0xbe,0xa0,0x11,0x64,0x22,0x04,0x00,0x98,0xcb,0xbb,0xac,0xa8,0x12,0x52,0x23,0x24,0x12,0x89,0xcb,0xcb,0xfb,0xb9,0x10,0x51,0x24,0x33,
  0x81,0x90,0xea,0xbb,0xcb,0x98,0x28,0x32,0x25,0x24,0x11,0x98,0xc9,0xbb,0xfc,0x1b,0x1a,0x22,0x37,0x31,0x00,0x88,0xac,0xbd,0xb9,0x09,0x20,0x43,0x34,0x32,0x91,0xb8,
  0xad,0xac,0xbe,0x90,0x31,0x73,0x14,0x82,0x80,0xc8,0xba,0x9d,0x99,0x10,0x41,0x32,0x14,0x11,0x99,0xda,0xaa,0xeb,0x0b,0x19,0x34,0x46,0x11,0x80,0x90,0xbc,0xda,0x99,
  0x19,0x11,0x34,0x42,0x01,0x80,0xab,0xdb,0xb9,0xcd,0x80,0x51,0x52,0x13,0x81,0x80,0xea,0xaa,0xab,0x98,0x31,0x61,0x12,0x23,0x08,0xc8,0xa9,0xfd,0x89,0x08,0x22,0x36,
  0x11,0x00,0x98,0x9d,0xcb,0x99,0x09,0x11,0x34,0x41,0x02,0x81,0x9a,0xda,0xbf,0x98,0x21,0x72,0x13,0x82,0x80,0xe0,0xa9,0x9b,0xb9,0x20,0x48,0x14,0x32,0x10,0xc1,0x89,
  0xfe,0x98,0x38,0x10,0x17,0x10,0x88,0xa0,0x8c,0xbb,0x90,0x38,0x12,0x17,0x20,0xa0,0xa0,0x8c,0xbf,0x80,0x32,0x71,0x03,0x08,0xa8,0xea,0x8a,0x0b,0x10,0x52,0x31,0x82,
  0x08,0xbc,0xc9,0xca,0x09,0x20,0x37,0x24,0x08,0x98,0xdb,0xbc,0x08,0x28,0x42,0x16,0x10,0x99,0xc9,0x9b,0x9a,0x90,0x31,0x71,0x07,0x81,0x00,0xca,0xb9,0x8a,0x80,0x44,
  0x41,0x01,0x80,0xac,0xba,0x8a,0xa9,0x58,0x51,0x07,0x81,0x00,0xc8,0x9a,0x9c,0x80,0x41,0x12,0x23,0x09,0xd9,0x99,0x9c,0xd0,0x28,0x40,0x87,0x02,0x08,0xc0,0x9a,0xbb,
  0x10,0x48,0x04,0x32,0x88,0xb0,0x9b,0xbc,0xfa,0x08,0x51,0x05,0x03,0x08,0xc8,0xab,0xba,0x19,0x20,0x16,0x32,0x80,0xa0,0xab,0xcb,0xcf,0x00,0x70,0x02,0x03,0x80,0xc9,
  0xab,0xb9,0x10,0x30,0x16,0x31,0x88,0x99,0xbb,0xfc,0x1b,0x30,0x27,0x21,0x80,0xb9,0xcc,0x99,0x1a,0x12,0x43,0x21,0x01,0xa9,0xca,0xfc,0x0b,0x20,0x27,0x21,0x80,0x98,
  0xdb,0x9a,0x8a,0x01,0x42,0x32,0x02,0x90,0xb9,0xfc,0x8f,0x00,0x33,0x32,0x82,0xa0,0xeb,0x9b,0xaa,0x10,0x31,0x34,0x22,0x81,0x9b,0xfc,0x8f,0x80,0x52,0x21,0x01,0x98,
  0xb9,0x9d,0xa9,0x18,0x21,0x43,0x02,0x81,0x9a,0xfa,0x9f,0x80,0x51,0x22,0x02,0x90,0xba,0xbc,0xaa,0x18,0x31,0x25,0x13,0x00,0xb9,0xda,0xef,0x00,0x30,0x33,0x23,0x08,
  0xbb,0xcd,0xaa,0x89,0x20,0x42,0x33,0x21,0x90,0xba,0xfe,0x0d,0x00,0x42,0x23,0x01,0xa0,0xcb,0xac,0xa9,0x18,0x31,0x43,0x14,0x80,0x99,0xbb,0xfa,0x8f,0x10,0x51,0x23,
  0x81,0xa0,0xbb,0xcc,0x99,0x18,0x41,0x23,0x12,0x90,0xba,0xbc,0x9a,0xfa,0x2c,0x33,0x37,0x12,0x88,0xda,0xab,0xab,0x08,0x33,0x35,0x12,0x91,0xba,0xbd,0x9a,0x18,0x42,
  0xfb,0x48,0x11,0x34,0x83,0x89,0xcc,0xbb,0x99,0x28,0x34,0x23,0x13,0xba,0xcc,0xbb,0x09,0x21,0x45,0x21,0xfa,0x8f,0x11,0x31,0x15,0x80,0xa8,0xbc,0x8b,0x8a,0x32,0x34,
  0x22,0x91,0xcb,0xba,0x9c,0x20,0x32,0x24,0x93,0xff,0x1c,0x21,0x62,0x02,0x98,0xb8,0xbc,0x89,0x88,0x41,0x14,0x01,0x80,0xbb,0x8a,0xaa,0x28,0x34,0x21,0x13,0xfa,0xff,
  0x29,0x12,0x53,0x02,0xa8,0xa9,0xbd,0x89,0x81,0x41,0x23,0x00,0x90,0xda,0x99,0xa8,0x28,0x23,0x22,0x21,0xb9,0xab,0xfa,0xff,0x39,0x23,0x63,0x82,0xa9,0xa9,0xbd,0x09,
  0x00,0x40,0x23,0x01,0x00,0xda,0x9a,0xb8,0x09,0x32,0x13,0x14,0xa2,0x9a,0xb9,0xad,0x10,0xfc,0xaf,0x35,0x20,0x25,0x90,0x9a,0xd9,0xab,0x08,0x88,0x52,0x12,0x11,0x01,
  0xcb,0x9a,0xba,0x1a,0x32,0x32,0x16,0x93,0x88,0xa8,0xad,0x88,0x98,0x40,0xf2,0xdf,0x32,0x12,0x61,0x01,0xaa,0x98,0xbc,0x0a,0x90,0x10,0x35,0x00,0x11,0xb1,0xab,0x98,
  0xdb,0x28,0x01,0x30,0x25,0x98,0x00,0xc1,0x9a,0x80,0xb9,0x31,0x85,0x18,0xf0,0xff,0x49,0x11,0x42,0x13,0xaa,0x88,0xdc,0x9a,0x90,0x89,0x42,0x11,0x30,0x02,0xa9,0x88,
  0xba,0x8c,0x81,0x09,0x52,0x81,0x11,0x82,0x9b,0x89,0xfb,0x99,0x10,0x19,0x34,0x91,0xff,0xbf,0x42,0x12,0x45,0x00,0x89,0xa9,0xad,0x89,0x89,0x18,0x14,0x11,0x12,0xa0,
  0x8a,0xa8,0xca,0x18,0x80,0x30,0x15,0x10,0x38,0xb9,0x9c,0x80,0xaa,0x30,0x95,0x18,0x22,0x9d,0x19,0xff,0xdf,0x21,0x21,0x52,0x03,0x88,0x90,0xcc,0x9a,0xa8,0x0a,0x31,
  0x11,0x43,0x14,0x99,0x80,0xda,0x9a,0x88,0xaa,0x31,0x14,0x12,0x15,0x9a,0x08,0xa1,0x9c,0x28,0xb8,0x01,0x17,0x89,0x19,0xf0,0xff,0x18,0x01,0x32,0x25,0x00,0x10,0xa9,
  0xbc,0xb9,0xac,0x09,0x10,0x10,0x34,0x11,0x10,0x03,0xb9,0x0b,0xca,0x9f,0x88,0x09,0x38,0x53,0x21,0x13,0x21,0x8a,0xb0,0xeb,0xaa,0x0a,0x3b,0xbb,0xff,0xcf,0x11,0x20,
  0x34,0x14,0x21,0x01,0xba,0xa8,0xdc,0x9a,0x98,0xa9,0x10,0x02,0x39,0x25,0x00,0x08,0x91,0xa8,0xb3,0xc0,0x80,0xc0,0xbb,0xc0,0x08,0x78,0x83,0x80,0xb3,0x40,0x08,0x84,
  0xf4,0xdf,0x38,0x90,0x31,0x23,0x10,0x21,0x89,0x80,0x80,0x0a,0x9f,0x9b,0x91,0x08,0x0b,0x08,0x8c,0x84,0x0b,0x48,0xc0,0xb3,0x03,0x3d,0x8b,0xb5,0xb3,0x88,0x80,0xb7,
  0x80,0x40,0x3b,0xd0,0x83,0xff,0x1c,0x00,0x38,0x13,0x32,0x11,0x02,0x82,0xa8,0x0c,0x8b,0x00,0xc4,0xbb,0x8b,0x8c,0xd0,0xb0,0x08,0x3d,0x03,0x84,0x40,0x3c,0x0b,0xec,
  0x08,0x58,0x19,0x10,0x02,0x80,0x08,0xbc,0xff,0x18,0x10,0x41,0x10,0x83,0x31,0x00,0x88,0xad,0x02,0xa8,0x8b,0xcb,0xb8,0xc8,0x0c,0xbf,0x28,0xa2,0x32,0x38,0x80,0x85,
  0x84,0x80,0x40,0xc3,0x03,0x08,0x58,0x8b,0xb4,0x08,0xff,0x19,0x81,0x01,0x28,0x58,0x98,0xa9,0x08,0x38,0x8b,0x40,0x07,0x21,0x3a,0x08,0xf8,0x08,0x08,0x3b,0x0b,0xc3,
  0x0b,0x3c,0xbc,0xb4,0x80,0x80,0x3c,0xd0,0x03,0x08,0x6d,0x19,0x9c,0x01,0x22,0x30,0x33,0x04,0x03,0x3c,0xd0,0xc0,0xb3,0x80,0x3c,0x8b,0xe5,0x9a,0x08,0x08,0xc3,0x86,
  0x20,0x2a,0xa8,0xb8,0x80,0x3c,0x3c,0x34,0x03,0x48,0x8b,0x80,0xe0,0xfb,0x0c,0x2a,0x28,0x32,0x38,0x73,0x80,0xa2,0xa2,0x08,0x0c,0x8b,0x08,0x0d,0x8f,0x2a,0xa2,0x20,
  0x30,0x40,0x80,0x80,0x8d,0x4b,0x08,0xc8,0x84,0x40,0x48,0x08,0xc3,0x80,0x80,0xbf,0xa8,0x02,0x08,0x8c,0xd0,0x06,0x21,0x20,0xb8,0xc0,0x03,0x48,0x80,0x80,0xe0,0x80,
  0x3c,0x0b,0x08,0xd8,0xbc,0x0b,0x08,0xc4,0x73,0x40,0x19,0x08,0xa2,0x32,0x48,0x80,0xc0,0x0c,0x08,0x0c,0x08,0x08,0x08,0x8e,0xc0,0x08,0x08,0x3d,0x80,0xbf,0x80,0x30,
  0x33,0x40,0x84,0x30,0x40,0x80,0xd0,0x48,0x83,0xaf,0x02,0xd8,0x80,0x08,0x8a,0x80,0x80,0xd0,0x9f,0x78,0xb3,0x0b,0x26,0xb8,0x20,0xb2,0x80,0x89,0x89,0xe0,0xa0,0x70,
  0xa4,0x8d,0x15,0xa9,0x28,0x80,0x89,0x81,0x10,0xa9,0xfb,0x50,0xb3,0x1f,0x32,0xba,0x20,0x81,0x8b,0x08,0x81,0xa9,0xca,0x7a,0x07,0x0e,0x32,0xba,0x10,0x92,0x89,0x89,
  0x32,0xea,0xc8,0x78,0xa4,0x0d,0x13,0xb9,0x28,0x00,0x90,0x0a,0x24,0xca,0xd0,0x70,0xa3,0x0e,0x22,0xaa,0x00,0x10,0x90,0x0b,0x04,0xc8,0xc0,0x70,0xb3,0x0e,0x13,0xa9,
  0x08,0x10,0xa1,0x1b,0x22,0xc8,0xf8,0x78,0xa2,0x0d,0x13,0x99,0x88,0x11,0xa1,0x0b,0x13,0xa9,0xfa,0x7f,0xa2,0x0b,0x12,0xa0,0x89,0x21,0xa1,0x8c,0x22,0xa8,0xfa,0x7d,
  0x93,0x8c,0x12,0x90,0x8a,0x21,0x90,0x9a,0x12,0xa1,0xfa,0x5f,0x95,0x9b,0x31,0x90,0x9a,0x30,0x81,0xab,0x31,0x92,0xfc,0x6d,0x84,0xac,0x31,0x91,0xaa,0x30,0x82,0x9c,
  0x20,0x82,0xfa,0x4c,0x06,0xbc,0x40,0x02,0xab,0x29,0x14,0xbb,0x28,0x13,0xfa,0x1b,0x27,0xea,0x38,0x14,0xca,0x19,0x14,0xb9,0x19,0x13,0xe8,0x0a,0x27,0xf9,0x28,0x15,
  0xca,0x19,0x14,0xb9,0x19,0x13,0xd9,0x0b,0x37,0xf8,0x29,0x15,0xd9,0x19,0x23,0xc9,0x19,0x13,0xd9,0x0b,0x37,0xe8,0x1a,0x16,0xd9,0x1a,0x24,0xc9,0x19,0x03,0xc8,0x0b,
  0x27,0xe0,0x0a,0x25,0xd0,0x0b,0x25,0xc8,0x0a,0x23,0xc8,0x8b,0x37,0xc8,0x8b,0x35,0xc8,0x0b,0x43,0xb8,0x8a,0x24,0xf9,0x28,0x06,0xe9,0x29,0x15,0xca,0x29,0x13,0xbb,
  0x28,0xc4,0x0c,0x35,0xb8,0x0c,0x33,0xc9,0x0a,0x23,0xa9,0x1a,0x84,0x9f,0x72,0x80,0x9d,0x32,0xb0,0x8c,0x23,0xb0,0x0a,0x23,0xbf,0x78,0x03,0xcb,0x31,0xa1,0x9c,0x31,
  0x90,0x0b,0x23,0xfa,0x2b,0x27,0xd8,0x38,0x92,0xcb,0x20,0x82,0x9a,0x31,0xf1,0x8b,0x37,0x90,0x0d,0x21,0xb9,0x0a,0x32,0xa0,0x0a,0x02,0xcf,0x72,0x82,0xba,0x10,0x82,
  0xac,0x20,0x03,0x99,0x19,0xbf,0x60,0x05,0xb0,0x8a,0x11,0xa8,0x8a,0x33,0x01,0xaa,0xfb,0x2c,0x37,0x80,0xbb,0x18,0x81,0xb8,0x20,0x32,0xb8,0xf8,0x8f,0x72,0x01,0xb8,
  0x0c,0x10,0x80,0x88,0x28,0x01,0xd0,0x8f,0x40,0x85,0x90,0xab,0x10,0x91,0x8b,0x30,0x15,0xa8,0xaf,0x28,0x27,0x80,0xab,0x10,0x80,0xbb,0x28,0x35,0x90,0xfc,0x08,0x44,
  0x00,0xa9,0x19,0x00,0xcb,0x0a,0x43,0x82,0xea,0x0a,0x63,0x83,0xa8,0x0a,0x02,0xda,0x9b,0x32,0x04,0xba,0x0f,0x31,0x16,0x98,0x89,0x11,0xc8,0xac,0x28,0x13,0xb9,0x9c,
  0x50,0x36,0x08,0x9a,0x01,0xb0,0xbe,0x09,0x22,0x01,0xe9,0x28,0x45,0x81,0xa8,0x89,0x90,0xdb,0x0a,0x32,0x13,0xe0,0x8c,0x44,0x12,0x99,0x99,0x88,0xca,0x9a,0x21,0x32,
  0x02,0xdf,0x41,0x23,0x91,0x9a,0xa8,0xca,0xab,0x18,0x32,0x23,0xf9,0x4a,0x26,0x00,0x88,0x98,0xba,0xac,0x99,0x08,0x30,0xe1,0x0b,0x57,0x11,0x01,0x00,0xa8,0xcb,0xab,
  0xbb,0x9a,0x90,0x1c,0x75,0x33,0x32,0x08,0x08,0xcc,0xbc,0xab,0x9a,0x80,0x18,0x64,0x25,0x13,0x00,0x08,0xd9,0xbc,0xac,0x88,0x80,0x18,0x43,0x36,0x23,0x08,0x08,0xd9,
  0xbd,0xbb,0x88,0x80,0x20,0x53,0x46,0x02,0x80,0x80,0xc8,0xcc,0xaa,0x88,0x08,0x28,0x32,0x55,0x23,0x82,0x80,0x80,0xdd,0xcb,0x9a,0x08,0x88,0x11,0x43,0x54,0x42,0x80,
  0x80,0x90,0xcd,0xbb,0x8a,0x08,0x88,0x32,0x44,0x35,0x14,0x08,0x08,0xd8,0xcc,0xba,0x08,0x88,0x10,0x32,0x55,0x42,0x81,0x80,0x80,0xbd,0xad,0x9a,0x08,0x08,0x12,0x53,
  0x25,0x23,0x80,0x80,0xd9,0xbc,0xac,0x8b,0x08,0x20,0x20,0x64,0x32,0x43,0x81,0x80,0xc8,0xcc,0xbb,0xba,0x09,0x88,0x31,0x36,0x44,0x25,0x00,0x08,0x98,0xbd,0xbc,0xab,
  0x08,0x88,0x30,0x35,0x45,0x43,0x08,0x08,0xa0,0xcd,0xbb,0xaa,0x80,0x08,0x40,0x24,0x45,0x23,0x08,0x08,0xd0,0xbc,0xac,0x8b,0x80,0x08,0x41,0x53,0x34,0x13,0x80,0x80,
  0xea,0xbc,0xbb,0x9a,0x80,0x10,0x52,0x44,0x33,0x24,0x80,0x80,0xcb,0xcc,0xbb,0xaa,0x08,0x81,0x21,0x46,0x33,0x33,0x81,0xaa,0xcc,0xba,0x9b,0x8a,0x00,0xaa,0x63,0x63,
  0x22,0x12,0x88,0xaa,0xbc,0xac,0x99,0x89,0xc1,0x2b,0x36,0x34,0x13,0x00,0xa8,0xcb,0xad,0xaa,0xa9,0x10,0xc9,0x63,0x63,0x21,0x01,0x80,0xba,0xcc,0xaa,0xaa,0x08,0x11,
  0x6a,0x44,0x33,0x10,0x90,0xc9,0xbc,0xbb,0xbb,0x98,0x51,0x83,0x37,0x24,0x01,0x88,0xcb,0xbd,0xb9,0x88,0x30,0x44,0x03,0x30,0x21,0xca,0xac,0xbb,0xba,0x30,0x63,0x33,
  0x23,0xf0,0x09,0x89,0xb0,0x28,0x28,0x82,0x12,0xa2,0xa9,0xaa,0xff,0x9a,0x43,0x02,0x22,0x88,0xe8,0x89,0x0b,0x89,0x22,0xe2,0x26,0x41,0x98,0x91,0xab,0xac,0xa9,0x09,
  0x81,0x61,0x1b,0x14,0x23,0x99,0x91,0x0a,0xfa,0xa0,0x28,0x28,0x14,0x8f,0x33,0x22,0x0c,0xd1,0xa0,0x8b,0xb9,0x08,0x22,0xf5,0x50,0x20,0x81,0x10,0x8a,0xbc,0x8b,0x8e,
  0x18,0x80,0x79,0x13,0x03,0x39,0xcb,0xab,0x9a,0x9d,0x11,0x01,0x5f,0x22,0x12,0x39,0xc9,0xc9,0x9b,0x9a,0x19,0x11,0x3f,0x25,0x22,0x29,0xd0,0xb8,0x9c,0xb9,0x99,0x31,
  0x3f,0x34,0x32,0x10,0xb4,0xb9,0xac,0xda,0x88,0x20,0x1c,0x26,0x23,0x88,0xb1,0xcb,0xbd,0x99,0x29,0xe8,0x53,0x22,0x81,0x30,0x8c,0xba,0x99,0x9b,0xf8,0x58,0x23,0x13,
  0x31,0x9b,0xbd,0xaa,0xcb,0x9d,0x24,0x23,0x11,0x84,0xa8,0xac,0xb8,0xfb,0x28,0x33,0x01,0x25,0x00,0x9b,0x9a,0xfe,0x00,0x12,0x00,0x12,0x02,0x8a,0xba,0xdf,0x10,0x01,
  0x09,0x11,0x82,0x08,0x81,0xa0,0x89,0x80,0x48,0x6b,0x19,0x80,0xb0,0x80,0x8f,0x89,0x80,0x63,0x19,0x29,0x88,0x00,0x3c,0x3b,0xd0,0xf0,0x98,0x80,0x22,0x83,0x03,0x80,
  0x80,0x06,0xc8,0xb3,0x08,0x8d,0xcb,0xc3,0x3a,0x08,0x08,0x05,0x07,0x22,0x08,0xbb,0xc3,0x03,0x8c,0xc0,0x08,0x84,0x40,0x3b,0xd0,0xf0,0x89,0x80,0x80,0x80,0x80,0x74,
  0x10,0x91,0x82,0x8a,0x0f,0x0a,0x31,0x28,0x8a,0x40,0x0c,0xb8,0x84,0x4b,0x8e,0xc2,0x08,0x1c,0x49,0x28,0x82,0x20,0x80,0xb4,0x08,0xb4,0x08,0x08,0x08,0x08,0x88,0x9f,
  0x3d,0xc0,0xc0,0x3b,0x80,0x50,0xc3,0x80,0x7b,0x22,0xa2,0xb2,0xb4,0x0b,0x0c,0xb8,0x27,0x0a,0x6b,0x91,0xc8,0xc9,0x27,0xff,0x50,0x82,0x9c,0x11,0x80,0x88,0x99,0x42,
  0xf1,0x0c,0x54,0xa0,0x9a,0x11,0x00,0xb9,0x1b,0x17,0xe8,0x1a,0x26,0xa8,0x8a,0x11,0x81,0xbb,0x49,0x15,0xce,0x48,0x05,0xb9,0x08,0x11,0x98,0xab,0x52,0x93,0xaf,0x51,
  0x02,0xbb,0x28,0x11,0xb8,0x8c,0x63,0xc1,0x8c,0x63,0x80,0xac,0x11,0x11,0xc9,0x0a,0x35,0xe9,0x09,0x16,0xb0,0x8c,0x31,0x81,0xbc,0x49,0x15,0xbc,0x38,0x06,0xd8,0x0a,
  0x33,0xa0,0x9e,0x41,0x92,0x9d,0x60,0x01,0xcc,0x20,0x23,0xe9,0x0a,0x34,0xd0,0x0b,0x63,0x88,0x8f,0x50,0x02,0xcc,0x10,0x06,0xea,0x18,0x16,0xd8,0x8a,0x35,0xa8,0x8e,
  0x60,0x82,0x9f,0x50,0x02,0xeb,0x28,0x06,0xe8,0x0a,0x34,0xb0,0x8e,0x62,0x80,0x9f,0x60,0x82,0xbc,0x28,0x07,0xf9,0x08,0x26,0xe8,0x0a,0x25,0xb0,0x8e,0x71,0x80,0x9f,
  0x70,0x81,0x9f,0x50,0x02,0xcc,0x20,0x86,0xdb,0x30,0x85,0xea,0x10,0x06,0xf8,0x09,0x17,0xea,0x38,0x05,0xea,0x08,0x17,0xe8,0x0a,0x26,0xea,0x38,0x05,0xea,0x18,0x16,
  0xe8,0x0a,0x17,0xdb,0x48,0x03,0xeb,0x28,0x15,0xf9,0x28,0x06,0xad,0x68,0x02,0xae,0x58,0x83,0xbc,0x58,0x93,0x8f,0x53,0xb0,0x8d,0x52,0x91,0x9e,0x62,0xd8,0x2a,0x06,
  0xea,0x28,0x14,0xd9,0x19,0x87,0xad,0x71,0xa0,0x8e,0x43,0xa1,0x9d,0x62,0xe0,0x1a,0x07,0xea,0x48,0x03,0xeb,0x28,0x06,0xae,0x70,0xa1,0x8e,0x34,0xb0,0x8e,0x53,0xc0,
  0x0b,0x16,0xf9,0x38,0x05,0xdb,0x38,0x05,0xbc,0x78,0x81,0x9f,0x53,0xc0,0x8b,0x44,0xe8,0x29,0x06,0xbc,0x68,0x82,0x9f,0x70,0xa1,0x8e,0x26,0xf8,0x39,0x05,0xbc,0x58,
  0x83,0x9f,0x34,0xe0,0x1a,0x07,0xdb,0x48,0x03,0x9f,0x70,0xd1,0x0a,0x07,0xe9,0x38,0x85,0xbc,0x61,0xa1,0x8e,0x26,0xf9,0x28,0x06,0xad,0x78,0x91,0x9e,0x25,0xe8,0x29,
  0x06,0xdb,0x48,0x03,0x9f,0x34,0xf8,0x29,0x06,0xdb,0x28,0x06,0xbc,0x61,0xc0,0x1b,0x25,0xda,0x09,0x17,0xbc,0x61,0xc0,0x0b,0x25,0xd9,0x19,0x07,0xad,0x62,0xc8,0x0b,
  0x26,0xea,0x38,0x85,0xad,0x34,0xe8,0x19,0x06,0xbc,0x50,0x92,0x8e,0x25,0xe9,0x39,0x85,0xad,0x60,0xb2,0x1d,0x15,0xdb,0x40,0xa3,0xac,0x61,0xb1,0x2d,0x85,0xac,0x50,
  0xa1,0x9c,0x62,0xd0,0x3a,0x84,0x9c,0x40,0xa1,0x0d,0x16,0xbc,0x42,0xa0,0x8b,0x43,0xf9,0x68,0xb2,0x2d,0x03,0xb9,0x39,0x94,0x9f,0x26,0xdb,0x22,0x80,0x9a,0x41,0xf0,
  0x69,0xa1,0x2d,0x82,0x98,0x09,0x13,0xaf,0x17,0xda,0x21,0x88,0x90,0x49,0xf1,0x69,0xa2,0x2d,0x91,0x18,0x99,0x33,0xbf,0x17,0xd9,0x11,0x89,0x81,0x3a,0xf3,0x7a,0xa1,
  0x1c,0x91,0x18,0x99,0x23,0xaf,0x17,0xc9,0x01,0x09,0x91,0x3a,0xf3,0x7a,0xa1,0x1b,0xa0,0x21,0xba,0x25,0x9f,0x16,0xba,0x81,0x29,0xb2,0x5b,0xf2,0x69,0xa1,0x0a,0x98,
  0x23,0xac,0x14,0x8f,0x16,0xaa,0x90,0x39,0xc3,0x4a,0xf1,0x68,0xa1,0x0a,0x8a,0x14,0x9b,0x13,0x9f,0x17,0xaa,0xa0,0x59,0xb1,0x39,0xf0,0x60,0xa0,0x89,0x8a,0x05,0x8a,
  0x82,0x0f,0x16,0x9a,0xa9,0x50,0x98,0x18,0xf0,0x60,0xa1,0x99,0x1a,0x84,0x89,0x81,0x0f,0x16,0x9a,0xa9,0x22,0x98,0x00,0xf8,0x78,0xa2,0xa9,0x29,0x82,0x88,0x91,0x8f,
  0x27,0x9a,0x9a,0x13,0x88,0x80,0xf8,0x78,0xa2,0xa9,0x39,0x80,0x81,0x08,0x8f,0x17,0x9a,0x8b,0x84,0x10,0x09,0xf0,0x60,0xa0,0xb9,0x40,0x88,0x91,0x00,0x1f,0x05,0xaa,
  0x1b,0x95,0x18,0x19,0xf0,0x51,0xa0,0xba,0x51,0x89,0x80,0x01,0x1f,0x85,0x9a,0x2c,0x94,0x09,0x18,0xf1,0x51,0xa8,0xc9,0x42,0x8a,0x80,0x12,0x1f,0x04,0x8b,0x2d,0xa4,
  0x19,0x18,0xf2,0x50,0xa8,0xd8,0x42,0xaa,0x82,0x31,0x8f,0x85,0x0a,0x2e,0x94,0x2c,0x28,0xd3,0x5b,0xa2,0xe0,0x59,0xc1,0x88,0x61,0xd9,0x68,0x81,0xeb,0x60,0xb8,0x8a,
  0x27,0xdb,0x51,0x91,0xac,0x52,0xb9,0x1b,0x17,0xbc,0x62,0x90,0x9e,0x34,0xca,0x29,0x05,0xbc,0x62,0x90,0x8f,0x25,0xca,0x39,0x85,0xad,0x53,0xa0,0x8e,0x16,0xe9,0x48,
  0x83,0x9f,0x34,0xd0,0x0b,0x17,0xea,0x48,0x83,0xad,0x62,0x90,0x8f,0x34,0xf0,0x19,0x15,0xea,0x38,0x05,0xea,0x58,0x82,0xad,0x61,0xa1,0x8e,0x71,0x90,0xad,0x34,0xc8,
  0x0b,0x25,0xe8,0x89,0x17,0xc0,0x0c,0x25,0xe9,0x29,0x14,0xda,0x28,0x06,0xf8,0x29,0x15,0xdb,0x38,0x05,0xbc,0x68,0x02,0xbd,0x30,0x86,0xcb,0x48,0x83,0x9e,0x61,0x80,
  0xad,0x58,0x83,0xdb,0x48,0xa2,0x8c,0x53,0x90,0xac,0x40,0x82,0xab,0x21,0xd2,0x1c,0x43,0xa0,0xac,0x41,0x91,0x9a,0x22,0xe1,0x1b,0x35,0xa8,0x9c,0x31,0x91,0x8b,0x32,
  0xf1,0x0c,0x34,0x90,0xac,0x21,0x91,0x8b,0x52,0xa1,0x9f,0x50,0x02,0xca,0x18,0x82,0xba,0x48,0x14,0xfa,0x08,0x25,0xa0,0x8c,0x31,0xb0,0x9c,0x41,0x83,0xbd,0x28,0x17,
  0xa0,0x9b,0x42,0xa0,0xad,0x30,0x13,0xf9,0x89,0x53,0x00,0xaa,0x18,0x82,0xbc,0x1b,0x25,0x91,0xbd,0x40,0x24,0x98,0x9b,0x21,0xa8,0xad,0x20,0x23,0xf0,0x0b,0x63,0x02,
  0xa8,0x8a,0x00,0xca,0x8a,0x32,0x13,0xce,0x39,0x36,0x81,0xa9,0x88,0xa0,0xbc,0x09,0x32,0xd2,0x8c,0x73,0x23,0x88,0x8a,0x08,0xcb,0xbb,0x18,0x11,0xf0,0x19,0x44,0x15,
  0x80,0x09,0x88,0xcb,0xab,0x89,0x00,0x11,0xea,0x40,0x45,0x12,0x88,0x98,0xb8,0xbc,0xaa,0x88,0x10,0x91,0xaf,0x63,0x34,0x81,0x88,0x90,0xb9,0xbc,0x99,0x88,0x08,0xf8,
  0x0c,0x45,0x13,0x80,0x80,0x80,0xbb,0xab,0x9a,0x98,0x08,0xf9,0x8f,0x53,0x13,0x80,0x00,0x08,0xaa,0x9b,0x8a,0x88,0x89,0xe8,0xcf,0x58,0x33,0x00,0x19,0x00,0x98,0xaa,
  0xa9,0xa8,0xa8,0x88,0xa1,0xff,0x3c,0x35,0x00,0x80,0x01,0x98,0xb9,0xa9,0x99,0x98,0x09,0x10,0xff,0x2c,0x34,0x02,0x80,0x10,0x90,0xba,0x9b,0x8a,0x99,0x8a,0x18,0xf0,
  0xdf,0x42,0x23,0x00,0x00,0x10,0xa9,0xbb,0xba,0x99,0xaa,0x08,0x01,0xf9,0xef,0x42,0x12,0x01,0x10,0x10,0x99,0xba,0xaa,0xaa,0xba,0x99,0x18,0x41,0xf9,0xbf,0x63,0x13,
  0x01,0x11,0x08,0xaa,0xab,0xcb,0xaa,0x99,0x08,0x20,0x43,0x23,0xff,0x0a,0x44,0x11,0x10,0x01,0x90,0xaa,0xba,0xac,0xaa,0x9a,0x00,0x33,0x33,0x14,0xff,0x2a,0x34,0x21,
  0x21,0x01,0xa9,0xaa,0xcc,0xcb,0x99,0x89,0x18,0x21,0x33,0xd4,0xaf,0x40,0x33,0x10,0x43,0x01,0x99,0xb8,0xdb,0xbb,0xac,0x9b,0x8a,0x01,0x52,0x43,0xe8,0x1a,0x45,0x11,
  0x22,0x23,0x88,0xbb,0xcd,0xbb,0xbb,0xab,0x8a,0x80,0x34,0x46,0x83,0x9c,0x21,0x14,0x42,0x33,0x90,0x98,0xd9,0xbd,0xbb,0xba,0xaa,0x28,0x20,0x45,0x32,0xe8,0x2a,0x24,
  0x12,0x25,0x02,0x00,0xa9,0xcc,0xaa,0xab,0xac,0xa8,0x9a,0x28,0x43,0xc3,0x9d,0x32,0x22,0x46,0x25,0x13,0x13,0x98,0xb9,0xcd,0xbb,0xcb,0x9c,0x9a,0x99,0x80,0x99,0x51,
  0x26,0x43,0x43,0x33,0x22,0x81,0xc0,0xdb,0xcb,0xda,0xba,0x9a,0x8a,0xb0,0x29,0x64,0x33,0x44,0x33,0x33,0x82,0x98,0xeb,0xca,0xbb,0xbc,0xac,0x99,0xb9,0x20,0x43,0x35,
  0x25,0x34,0x32,0x21,0x88,0xb9,0xcd,0xbb,0xbc,0xad,0xaa,0x9a,0x28,0x33,0x46,0x43,0x32,0x24,0x02,0x80,0xb9,0xbd,0xdb,0xba,0xbb,0xcb,0x9b,0x20,0x52,0x44,0x24,0x33,
  0x23,0x12,0x88,0xda,0xcb,0xcb,0xcb,0xab,0xbb,0x99,0x41,0x43,0x63,0x23,0x43,0x31,0x10,0x90,0xb8,0xbd,0xbc,0xbc,0xbc,0xab,0x9b,0x30,0x45,0x43,0x43,0x33,0x23,0x82,
  0x98,0xca,0xac,0xeb,0xaa,0xdb,0x9a,0x89,0x00,0x53,0x43,0x43,0x22,0x03,0x88,0xaa,0xcc,0xcb,0xab,0xa9,0x8c,0x31,0x34,0x34,0x34,0x12,0x82,0xa8,0xad,0xad,0xba,0xa9,
  0x99,0x2a,0x63,0x24,0x13,0x02,0x09,0x9b,0xc9,0x9b,0x0a,0x8a,0xba,0x06,0x42,0x62,0x21,0x83,0xa0,0x1c,0xab,0xcd,0x08,0x08,0x08,0xa8,0x05,0xa8,0x3a,0x8b,0x34,0x06,
  0x82,0x38,0x0b,0xc8,0xb3,0x08,0x08,0xe8,0xb3,0x88,0x00,0xf8,0xc3,0x03,0xbc,0x0f,0x21,0x08,0x22,0x80,0xc0,0x03,0x34,0x78,0x09,0xba,0xb0,0x30,0x40,0x80,0x80,0x80,
  0x3f,0x8b,0xf0,0xc9,0x0a,0x2a,0x3b,0x07,0x81,0x22,0x80,0x03,0xc3,0x84,0x3b,0x0b,0xd8,0xb3,0x08,0xcf,0x80,0xa2,0x86,0x80,0x80,0x80,0x80,0x80,0x80,0x80,0xb7,0x80,
  0x80,0x80,0xb6,0xb3,0xbd,0x4b,0x02,0xc0,0x48,0x78,0x10,0x91,0xa8,0x38,0x4b,0x83,0xf0,0xa8,0x38,0x08,0x08,0x08,0x88,0x3e,0xcb,0xfb,0x21,0x28,0x20,0xbb,0xb8,0x58,
  0x7b,0x12,0x80,0x32,0x08,0x08,0xb4,0xb4,0xc8,0x0f,0x08,0xa8,0x38,0x3b,0xcb,0x8b,0x07,0x22,0x80,0x80,0x80,0x08,0xcd,0xbb,0x80,0x44,0x33,0x80,0x04,0xc8,0xb3,0x58,
  0x8b,0x80,0xe0,0x30,0x0c,0x08,0xc8,0xc3,0x80,0x4c,0x08,0xc3,0x80,0x8b,0x3c,0x04,0x07,0x28,0x2a,0x80,0x80,0x80,0x3d,0x8b,0xf0,0xa9,0x32,0x8b,0x04,0xc3,0x80,0x0c,
  0x3c,0x08,0x07,0x22,0x08,0xbb,0xb8,0x58,0x48,0x80,0xb8,0xbd,0x30,0x40,0x80,0xd0,0x83,0x4b,0xbc,0xbb,0x08,0x35,0x48,0xbb,0xc8,0x27,0x28,0xb2,0x03,0xf3,0xa8,0x89,
  0x8a,0xb3,0x84,0x30,0x80,0x05,0x07,0x01,0x2a,0x0b,0xb8,0xc8,0x80,0x8c,0xd0,0x80,0x80,0xbf,0xaa,0x08,0x17,0x10,0x3a,0x28,0x43,0x32,0x80,0x3c,0xc0,0x87,0x80,0x29,
  0xa8,0xb2,0xc0,0x08,0xbc,0xc8,0x80,0x0c,0x3c,0xfb,0xa8,0x22,0x23,0x03,0x03,0x84,0x00,0x88,0x00,0xf7,0xa0,0x82,0x80,0xb3,0x87,0x80,0x20,0x8a,0xf0,0x89,0x10,0x0a,
  0x08,0x97,0x01,0x08,0xb8,0xca,0xb0,0x78,0x20,0x21,0x80,0x80,0x4b,0x8b,0xb4,0xc8,0xbb,0x3c,0x48,0x03,0xd0,0x0b,0x48,0xb3,0x84,0x34,0x08,0xb4,0xc3,0x80,0x0c,0xec,
  0x08,0x04,0x28,0xba,0x8a,0xc0,0x73,0x80,0x98,0x82,0x86,0x82,0x20,0x0b,0xf3,0xa0,0x80,0xb0,0xfa,0x80,0x12,0x5a,0x08,0x08,0x80,0x38,0x0b,0xb4,0x08,0x88,0x0d,0xcc,
  0xb0,0x03,0x58,0x78,0x21,0x21,0x20,0x3b,0x8b,0xd0,0x80,0x8b,0x8c,0xbc,0xaf,0x89,0x3a,0x38,0x87,0x82,0x52,0x08,0x91,0xa8,0x0b,0x48,0x48,0xb2,0x84,0x80,0x8b,0xd0,
  0xb8,0x08,0x3d,0x0c,0xb8,0x84,0x80,0x80,0x80,0x80,0x80,0x3f,0x80,0xb6,0x84,0x80,0xbc,0x03,0x04,0x08,0x08,0x08,0x07,0x43,0x70,0x19,0x89,0xa8,0x08,0x0c,0xcb,0xfb,
  0x89,0x29,0x5a,0x91,0x21,0x23,0x4b,0xbb,0xb3,0x34,0x34,0x08,0xc8,0x0c,0x48,0x08,0xc8,0xf0,0x08,0x08,0x88,0x03,0xb3,0x84,0x80,0x4c,0xb8,0x08,0x08,0x3f,0x8b,0x80,
  0xd0,0x8b,0x40,0xb4,0x08,0x58,0x48,0x08,0x87,0x82,0x80,0x80,0x83,0xb4,0x80,0x0c,0xc8,0xf0,0x9a,0x8a,0x80,0xb0,0x07,0x01,0x28,0x80,0xb4,0x80,0x80,0x80,0xf0,0xba,
  0x08,0x58,0x33,0x03,0x08,0x08,0x08,0xb7,0x84,0x40,0x8b,0x40,0xc0,0xb8,0x08,0x8d,0x40,0x08,0xb4,0x08,0x0d,0xc3,0xc0,0x80,0x4b,0xf8,0x99,0x08,0x3b,0x78,0x02,0x01,
  0x42,0x10,0x80,0xb3,0x80,0x80,0x0d,0xbc,0xb3,0x8c,0x80,0x0c,0xc8,0x08,0x08,0x08,0x08,0xb7,0x08,0x9f,0xa8,0x33,0x27,0x4a,0x21,0x80,0x02,0x38,0x9f,0x08,0xd1,0x80,
  0x89,0x8a,0xb0,0x43,0x43,0x08,0xbc,0xc0,0x0b,0x24,0x40,0xc3,0xb3,0xcb,0x0b,0x3c,0x03,0x07,0x80,0xba,0xc0,0xb3,0x03,0x58,0x08,0x43,0x80,0x40,0x40,0xb8,0xc4,0xb0,
  0xc0,0xb8,0xe4,0x91,0x08,0x0b,0xb8,0x80,0x85,0x80,0x80,0x05,0x08,0x58,0x08,0xbc,0x08,0x17,0x88,0x33,0x08,0x84,0x80,0x80,0xe0,0xb3,0x08,0x8d,0xaf,0xa0,0x85,0x10,
  0x29,0xd8,0xa8,0x80,0x6a,0x10,0x04,0x03,0x8a,0x8a,0x03,0x84,0x00,0x88,0x0d,0xc8,0xc3,0x9f,0x89,0x10,0x83,0x80,0x8b,0x3c,0x04,0x07,0x28,0x08,0xb0,0xf8,0x01,0x08,
  0x38,0x08,0x08,0x58,0x3b,0xd0,0xb3,0x80,0x3c,0x0c,0x08,0xd8,0x80,0x80,0xe0,0xf0,0x98,0x10,0x5a,0x84,0x01,0x01,0x38,0x38,0x03,0x8c,0x80,0x0c,0x84,0xb4,0xc3,0x3a,
  0x0c,0xac,0xc3,0x8a,0xbb,0xaf,0xa8,0x62,0x28,0x48,0x82,0x82,0x23,0x4b,0x08,0xc3,0xbb,0x4b,0x08,0xf8,0x88,0x20,0x33,0xc0,0x48,0x08,0x0c,0x08,0x8c,0xb4,0x08,0x0c,
  0xbc,0xcb,0x80,0x47,0x38,0xa0,0x80,0x20,0x30,0x0c,0x08,0x3c,0x08,0x04,0x08,0x85,0x80,0x8c,0x80,0x80,0xfe,0x89,0x02,0xba,0x30,0x83,0x0c,0xbc,0x03,0x74,0x48,0x28,
  0xa8,0xc2,0x08,0x08,0x0b,0x08,0x8c,0x34,0x08,0xc8,0xc8,0x84,0x3b,0x00,0xc4,0x03,0x48,0x80,0x40,0xd0,0x83,0x4b,0xbb,0xc3,0xc0,0xc0,0x80,0xc0,0xb3,0x08,0x80,0xe8,
  0xbb,0xc8,0x73,0x22,0x80,0x20,0x84,0x30,0x48,0x80,0x04,0x43,0x4b,0xbb,0xc8,0xb3,0x8c,0xcb,0xb8,0xc8,0x08,0x8c,0x0c,0x03,0xd8,0x0f,0x28,0x28,0x25,0x23,0x68,0x08,
  0x91,0xaa,0x38,0x8b,0xc0,0x08,0xbc,0x43,0x30,0xd0,0x03,0x3c,0x8b,0xf0,0xc9,0x2a,0x5a,0x10,0x82,0x83,0x0b,0x8f,0x80,0x80,0x23,0x40,0x38,0x84,0xb4,0x80,0x80,0xcc,
  0xb3,0xc8,0x4b,0x3b,0xc0,0xf8,0x0a,0x22,0x0b,0x08,0x80,0x74,0x20,0x01,0x02,0x88,0x8b,0x80,0xb6,0x80,0x80,0x0d,0x03,0xf4,0x08,0x8a,0x80,0xb0,0x08,0x3d,0xcb,0xeb,
  0x21,0x15,0x01,0xaa,0x83,0x33,0x30,0x50,0x08,0x58,0x08,0x8f,0xa9,0x08,0xa8,0x1f,0x10,0x82,0x80,0x80,0x80,0xbc,0xc8,0x08,0x9f,0x72,0x24,0x01,0x0b,0xa9,0x89,0xa2,
  0x83,0x4b,0x3b,0xc0,0xc3,0xbe,0x28,0x85,0xa0,0xaa,0x23,0x30,0xbc,0xb4,0x33,0x4b,0x0c,0x33,0xff,0x18,0x25,0x00,0xb0,0x08,0x0b,0xbb,0xa8,0x23,0x78,0x32,0x82,0xfa,
  0x9d,0x54,0x01,0xb0,0x88,0x9a,0xdb,0xa9,0x00,0x33,0x13,0x31,0xf0,0x8f,0x63,0x02,0x90,0x89,0x99,0xaa,0x9a,0x00,0x12,0x33,0x21,0xf8,0xff,0x31,0x14,0x80,0x89,0xa9,
  0xc9,0xaa,0x18,0x12,0x05,0x22,0xf0,0x9f,0x40,0x14,0x00,0x89,0xa8,0xb8,0x9a,0x0a,0x01,0x22,0x42,0xe1,0xdf,0x30,0x16,0x81,0x89,0xa0,0x98,0x8b,0x8a,0x81,0x03,0x31,
  0x81,0xff,0x2c,0x26,0x01,0x99,0x90,0x99,0x9b,0x89,0x01,0x21,0x20,0x82,0xff,0x2b,0x36,0x01,0x89,0x98,0x99,0xaa,0x88,0x01,0x11,0x11,0x91,0xff,0x2e,0x43,0x81,0x98,
  0x90,0x99,0x9a,0x00,0x00,0x10,0x01,0x91,0xfd,0x0f,0x63,0x00,0x98,0x80,0x89,0x8a,0x08,0x81,0x00,0x00,0x80,0xf9,0xaf,0x45,0x01,0x99,0x00,0x89,0x9b,0x10,0x01,0x09,
  0x28,0x00,0xc8,0xff,0x49,0x24,0x90,0x89,0x80,0xaa,0x89,0x11,0x80,0x00,0x01,0x80,0xc9,0xff,0x58,0x04,0x90,0x08,0x98,0xa9,0x88,0x01,0x08,0x00,0x01,0x98,0xf8,0xbf,
  0x71,0x03,0x90,0x80,0x98,0xab,0x80,0x01,0x08,0x20,0x00,0x98,0xf0,0xcf,0x72,0x01,0x90,0x00,0x89,0x9b,0x18,0x90,0x00,0x11,0x00,0x99,0xf8,0xaf,0x73,0x11,0x88,0x88,
  0xa8,0x9a,0x18,0x80,0x00,0x12,0x00,0x89,0xfc,0x8f,0x44,0x01,0x09,0x80,0xb9,0x9a,0x08,0x80,0x10,0x03,0x91,0x08,0xff,0x0c,0x26,0x81,0x18,0x88,0xb9,0xa9,0x00,0x08,
  0x38,0x12,0x90,0x80,0xff,0x2c,0x25,0x81,0x08,0x80,0xbb,0x9a,0x91,0x80,0x31,0x22,0x80,0x98,0xff,0x3e,0x23,0x81,0x10,0x88,0xad,0x99,0x90,0x80,0x21,0x13,0x00,0x08,
  0xff,0x0c,0x25,0x01,0x10,0x88,0xbb,0x9a,0x98,0x08,0x41,0x21,0x00,0x80,0xfa,0xbf,0x34,0x12,0x20,0x81,0xcb,0xaa,0xa9,0x0a,0x31,0x23,0x21,0x02,0xf9,0xff,0x30,0x12,
  0x20,0x82,0xc9,0x9a,0x9a,0x9a,0x11,0x23,0x22,0x03,0xb8,0xff,0x3e,0x21,0x20,0x13,0xa9,0xab,0xbb,0xbc,0x01,0x21,0x42,0x13,0x80,0xf9,0xcf,0x32,0x11,0x32,0x02,0xbb,
  0xba,0xcc,0x8a,0x10,0x31,0x42,0x02,0x88,0xff,0x0b,0x24,0x20,0x23,0x90,0xab,0xba,0xae,0x08,0x01,0x31,0x33,0x80,0xd8,0xff,0x28,0x12,0x21,0x13,0xb8,0xaa,0xcb,0x9c,
  0x10,0x00,0x43,0x12,0x90,0xf8,0xbf,0x13,0x13,0x42,0x02,0xaa,0xa9,0xcc,0x8a,0x00,0x10,0x43,0x01,0x00,0xff,0x19,0x11,0x21,0x24,0x88,0x99,0xba,0xab,0x99,0x29,0x33,
  0x23,0x23,0xf9,0xef,0x20,0x10,0x42,0x01,0x08,0xb9,0xbb,0xa9,0x89,0x21,0x22,0x34,0x01,0xfd,0x0f,0x01,0x21,0x14,0x00,0x88,0xbb,0x9b,0xbb,0x09,0x11,0x52,0x32,0x81,
  0xff,0x1a,0x21,0x41,0x24,0x80,0x00,0xca,0xab,0xb9,0x9c,0x10,0x08,0x52,0xa1,0xdf,0x30,0x12,0x51,0x13,0x88,0x98,0xda,0x9b,0xa9,0x9a,0x11,0x02,0x24,0xce,0x3b,0x26,
  0x21,0x43,0x90,0x9a,0xb9,0xbd,0x99,0x9a,0x19,0x22,0x22,0xf9,0x8c,0x44,0x14,0x32,0x01,0xaa,0xab,0xbd,0xab,0xa9,0x99,0x32,0x42,0xb2,0xbf,0x51,0x35,0x32,0x03,0xb8,
  0xab,0xcc,0xbb,0xbb,0xca,0x18,0x22,0x04,0xc9,0x40,0x37,0x24,0x13,0x90,0xba,0xcc,0xbb,0xbb,0xaa,0x19,0x42,0x23,0x91,0x38,0x77,0x32,0x12,0x90,0xba,0xbd,0xcb,0xaa,
  0x9a,0x18,0x32,0x35,0x82,0x29,0x53,0x25,0x23,0x90,0xbb,0xbe,0xbb,0xbb,0x9a,0x10,0x51,0x53,0x91,0x9a,0x20,0x45,0x24,0x12,0x80,0xca,0xbb,0xbd,0xaa,0xab,0x88,0x22,
  0x13,0xab,0x61,0x37,0x35,0x23,0x82,0xa8,0xdb,0xcb,0xbb,0xab,0xa9,0x19,0x42,0xb0,0x10,0x47,0x24,0x23,0x01,0xa0,0xb9,0xbd,0xac,0x9b,0x99,0x09,0x30,0x22,0xca,0x71,
  0x34,0x21,0x22,0x11,0x99,0xbc,0xeb,0xba,0x9a,0x09,0x19,0x12,0xb3,0x28,0x57,0x22,0x12,0x82,0xa9,0x9c,0xbb,0xbb,0xaa,0x3b,0x3b,0x84,0x07,0xac,0x58,0x06,0x11,0x32,
  0x81,0x99,0xd0,0xac,0x9a,0xac,0xa9,0xa0,0x09,0x51,0xa9,0x62,0x26,0x21,0x20,0xb0,0xa8,0x99,0x9c,0x89,0xaa,0x80,0x73,0x80,0x80,0xda,0x28,0x22,0x8a,0x06,0x08,0xba,
  0xcd,0x89,0x02,0x31,0x72,0x28,0x81,0xa0,0xad,0x8d,0x90,0x01,0x14,0x14,0x28,0x22,0x95,0x88,0x0a,0x0e,0x9a,0x08,0xa8,0xbe,0xaa,0x52,0x17,0x90,0xbb,0xa8,0x91,0x48,
  0x50,0x91,0x33,0x42,0x2d,0x8a,0x01,0x0a,0xaa,0x9e,0x21,0x8a,0x73,0x1a,0x4b,0x0b,0x08,0x28,0x3f,0x8c,0x98,0x40,0x4a,0x09,0x08,0x23,0x1c,0x0f,0xa1,0x81,0x31,0xc0,
  0x08,0x34,0xa1,0x49,0x10,0xec,0x81,0x99,0x80,0x22,0xe4,0xb1,0x92,0x86,0x90,0xb3,0xa0,0xc9,0x2b,0x7a,0x08,0x11,0x2a,0x98,0x01,0xa2,0x0f,0x08,0xaa,0xd2,0x93,0x58,
  0x39,0x82,0x22,0x3d,0x2c,0xa8,0x05,0x2a,0xa8,0xb0,0x80,0xb4,0x3b,0x80,0x80,0xf0,0x8e,0x8b,0x02,0x02,0xb8,0x58,0x63,0x80,0x02,0x02,0x8b,0x80,0xe0,0x80,0x80,0x8c,
  0xd0,0xb3,0x08,0x08,0xcf,0x08,0x85,0x80,0x3a,0x32,0x43,0x83,0x40,0xb8,0xc8,0x0c,0x0c,0x48,0xb8,0xc0,0x03,0x43,0x80,0xd0,0x83,0x8b,0x0c,0xc3,0x80,0x8c,0x80,0x80,
  0xb6,0xc8,0xbb,0x58,0x33,0x03,0x04,0x48,0x8b,0xb5,0xb3,0x48,0x8b,0x80,0xe0,0xb3,0x0d,0x8e,0x20,0x08,0x68,0x10,0x82,0xaa,0x08,0x0c,0x3c,0x83,0x97,0x82,0x20,0xb2,
  0xb4,0xf0,0x89,0x8b,0xa8,0x80,0x43,0x30,0x97,0x01,0xd2,0x9a,0x28,0x83,0xb3,0xb4,0x08,0x08,0xf8,0xac,0x20,0x38,0x03,0xc8,0x0c,0x7b,0x89,0x02,0x82,0x30,0x48,0x03,
  0x80,0x35,0x8b,0x3c,0xd0,0xb0,0x8c,0x0b,0xc8,0xf8,0xaa,0x0a,0x32,0xb3,0x84,0x40,0x7b,0x21,0x04,0x01,0x8a,0x80,0xc0,0x80,0x84,0x8b,0x80,0xd0,0x08,0x0d,0x08,0x8c,
  0x80,0x3c,0x8b,0x80,0xf6,0xa9,0x80,0x50,0x03,0x28,0x53,0x19,0xaa,0x33,0x83,0x80,0x80,0xb6,0xc8,0x0b,0x8c,0xc0,0xb8,0x08,0xcf,0x9f,0x1a,0x23,0x72,0x20,0x02,0x11,
  0x81,0xb9,0xae,0xda,0xb8,0x19,0x41,0xa9,0x99,0x35,0x45,0x42,0x12,0x88,0xca,0xbc,0xac,0xab,0xa9,0x18,0x40,0xd3,0xc4,0x23,0x43,0x43,0x22,0x02,0x9b,0xad,0xac,0xac,
  0xaa,0x09,0x30,0x83,0xdd,0x2a,0x26,0x35,0x23,0x02,0xb8,0xdc,0xac,0xaa,0x99,0x08,0x42,0x33,0x0c,0x1c,0x61,0x14,0x13,0x80,0xa8,0xbd,0xbb,0xab,0x8a,0x40,0x23,0x15,
  0x8e,0x0c,0x31,0x44,0x23,0x01,0xb9,0xcc,0xbb,0xaa,0x0a,0x20,0x33,0x05,0xaf,0x0b,0x62,0x34,0x33,0x81,0xba,0xcd,0x9b,0xaa,0x08,0x21,0x33,0xa3,0xdf,0x8b,0x42,0x36,
  0x24,0x01,0xb9,0xcc,0xaa,0x9a,0x18,0x11,0x32,0xb1,0xdc,0x99,0x54,0x44,0x12,0x91,0xca,0xbb,0xab,0x89,0x20,0x43,0x22,0xbb,0xaf,0x10,0x46,0x33,0x81,0xb9,0xcc,0xab,
  0x9a,0x08,0x21,0x33,0xa4,0xbc,0x0a,0x56,0x25,0x02,0x98,0xbb,0xbc,0xaa,0x99,0x11,0x43,0x33,0xca,0xad,0x30,0x47,0x22,0x80,0xba,0xbc,0xab,0x8b,0x18,0x32,0x36,0xa3,
  0xcc,0x8a,0x73,0x24,0x02,0xa9,0xdb,0xaa,0x99,0x00,0x21,0x24,0x22,0xfa,0xab,0x20,0x46,0x23,0x90,0xcb,0xbb,0x9b,0x19,0x11,0x43,0x23,0xc2,0xbe,0x0c,0x61,0x24,0x03,
  0xa8,0xbc,0xab,0x89,0x10,0x31,0x22,0x12,0xdd,0xac,0x39,0x46,0x24,0x80,0xba,0xbc,0x9a,0x08,0x21,0x22,0x12,0xc1,0xbe,0x8b,0x72,0x35,0x13,0xa8,0xbc,0xac,0x89,0x10,
  0x22,0x02,0x80,0xdc,0xba,0x20,0x57,0x23,0x80,0xca,0xbb,0x9b,0x10,0x43,0x02,0x91,0xfa,0xba,0x20,0x46,0x23,0x81,0xda,0xbb,0x9a,0x20,0x33,0x12,0xa0,0xfa,0xbc,0x28,
  0x55,0x23,0x82,0xda,0xab,0x9b,0x11,0x33,0x13,0x98,0xf9,0xbc,0x19,0x64,0x33,0x82,0xb9,0xbd,0x9b,0x18,0x33,0x13,0x91,0xfb,0xac,0x2a,0x72,0x24,0x01,0xb8,0xac,0xab,
  0x10,0x42,0x12,0x90,0xca,0xad,0x1a,0x73,0x33,0x02,0xb9,0xbd,0x9b,0x18,0x42,0x03,0x90,0xba,0xaf,0x0a,0x63,0x34,0x02,0xb8,0xcc,0xaa,0x18,0x32,0x13,0x90,0xba,0xbf,
  0x8a,0x63,0x44,0x02,0x98,0xdb,0xaa,0x19,0x31,0x23,0x91,0xba,0xbf,0xa9,0x52,0x35,0x13,0xa0,0xcc,0xab,0x09,0x32,0x33,0x81,0xb9,0xce,0x9a,0x41,0x45,0x03,0x90,0xbc,
  0xbb,0x08,0x32,0x33,0x91,0xc9,0xaf,0x89,0x52,0x34,0x12,0xb9,0xbd,0x9b,0x10,0x42,0x12,0x90,0xfa,0xaa,0x20,0x36,0x14,0x98,0xbb,0xad,0x08,0x21,0x33,0x01,0xca,0x9f,
  0x1a,0x53,0x43,0x81,0xca,0xbb,0x8a,0x20,0x34,0x12,0x98,0xbf,0xaa,0x51,0x34,0x03,0xa0,0xcc,0xba,0x08,0x31,0x24,0x02,0xf9,0xaa,0x19,0x35,0x33,0x90,0xdb,0xbb,0x8a,
  0x21,0x43,0x12,0xeb,0x9a,0x31,0x36,0x03,0xa9,0xcc,0x9a,0x09,0x12,0x14,0xe1,0x99,0x20,0x26,0x11,0xb8,0xca,0xaa,0x89,0x12,0x24,0xb2,0x9e,0x18,0x36,0x22,0x90,0xac,
  0xac,0x9a,0x18,0x22,0x23,0xbf,0x10,0x64,0x12,0x90,0xaa,0xbb,0x9b,0x89,0x42,0x33,0xfa,0x19,0x63,0x14,0x80,0xb9,0xba,0xac,0x99,0x20,0x33,0xfb,0x31,0x54,0x12,0x98,
  0xba,0xac,0xbb,0x18,0x31,0xa3,0x2d,0x37,0x24,0xa0,0xa9,0xbc,0xab,0x8b,0x21,0x34,0xc9,0x72,0x24,0x01,0xa9,0xba,0xad,0xaa,0x28,0x32,0x94,0x2c,0x37,0x02,0xa8,0xaa,
  0xca,0xac,0x88,0x21,0x33,0xca,0x73,0x06,0x00,0x99,0x9a,0xcb,0x8a,0x08,0x32,0x93,0x4b,0x57,0x81,0x90,0xa9,0xc9,0xab,0x09,0x21,0xc1,0x61,0x17,0x01,0x88,0xa9,0xca,
  0xaa,0x0a,0x18,0xa0,0x74,0x16,0x00,0x88,0xa9,0xca,0xaa,0x09,0x10,0x19,0x67,0x02,0x01,0x89,0xab,0xbc,0xaa,0x88,0x81,0x50,0x47,0x01,0x00,0xa8,0xca,0xba,0x9b,0x08,
  0x81,0x73,0x17,0x01,0x00,0xa9,0xbb,0xac,0x9a,0x00,0x10,0x56,0x23,0x11,0x90,0xbc,0xbc,0xab,0x89,0x00,0x72,0x26,0x11,0x00,0xa9,0xbc,0xbb,0x8a,0x18,0x31,0x67,0x02,
  0x01,0xa8,0xbb,0xad,0x9a,0x00,0x21,0x64,0x23,0x11,0xa8,0xbc,0xbc,0x9c,0x00,0x21,0x53,0x25,0x01,0x90,0xdb,0xba,0xba,0x18,0x42,0x32,0x45,0x02,0x88,0xda,0xbb,0xbb,
  0x19,0x42,0x14,0x53,0x03,0x98,0xca,0xbc,0x9b,0x09,0x43,0x14,0x41,0x04,0x88,0xba,0xbd,0xa9,0x19,0x32,0x22,0x65,0x01,0x80,0xba,0xbc,0xbb,0x18,0x12,0x51,0x37,0x10,
  0x90,0xcb,0xbb,0xab,0x20,0x01,0x65,0x14,0x01,0xb8,0xcb,0xbb,0x8b,0x10,0x42,0x37,0x13,0x01,0xcb,0xbc,0xbb,0x09,0x21,0x52,0x27,0x12,0x88,0xcb,0xcb,0xab,0x00,0x21,
  0x73,0x24,0x01,0xa8,0xbc,0xbb,0x8b,0x10,0x72,0x34,0x12,0xa0,0xcb,0xbc,0x9b,0x08,0x41,0x46,0x12,0x80,0xb9,0xbd,0xab,0x88,0x21,0x37,0x23,0x01,0xb9,0xbd,0xac,0x89,
  0x10,0x45,0x33,0x01,0xa9,0xcd,0xba,0x89,0x20,0x53,0x25,0x02,0xa8,0xcb,0xac,0x9a,0x20,0x52,0x34,0x03,0xa8,0xdb,0xac,0x9a,0x10,0x33,0x36,0x12,0x98,0xdb,0xab,0x9a,
  0x20,0x43,0x26,0x02,0xa8,0xdb,0xba,0x99,0x20,0x53,0x33,0x12,0xb9,0xbd,0xcb,0x09,0x20,0x63,0x23,0x01,0xa9,0xcb,0xac,0x89,0x12,0x63,0x23,0x00,0xb9,0xbc,0xbb,0x0b,
  0x30,0x37,0x03,0x80,0xba,0xeb,0x99,0x09,0x30,0x36,0x23,0x00,0x99,0xbc,0xca,0x09,0x1a,0x54,0x12,0x82,0xb8,0xdb,0xba,0x0b,0x11,0x24,0x12,0x01,0xb0,0x30,0x48,0x08,
  0xc3,0xc0,0x3b,0x00,0x84,0x80,0x80,0x0e,0xc8,0xcb,0x8a,0x70,0x29,0x08,0xb2,0x03,0x80,0xbd,0xbc,0x84,0x30,0x43,0x80,0x04,0x48,0x30,0x3c,0xb4,0x03,0x08,0x0d,0x8c,
  0xc0,0xb0,0x08,0x0d,0xb8,0xc8,0x8f,0x0a,0x80,0x23,0x37,0x21,0x20,0x82,0x80,0x80,0x3c,0x0c,0x00,0x01,0xff,0xff,0xff,0x10,0x30,0x19,0x32,0x08,0x08,0xf8,0x99,0x22,
  0x80,0xf4,0xd0,0x91,0x28,0x98,0x01,0x22,0x38,0xb4,0x80,0x0c,0x08,0x1f,0x8c,0xa2,0x22,0x30,0x48,0x0b,0xf8,0xa3,0x80,0x3a,0x88,0x40,0xc0,0x3b,0xf4,0xb5,0x91,0x2d,
  0x19,0x91,0xa6,0xb4,0x18,0x39,0x09,0x01,0x4a,0xa0,0x82,0x8a,0xca,0x80,0x70,0x89,0x80,0xb0,0x4b,0x08,0xf8,0x98,0x2a,0x2a,0x7b,0x50,0x18,0x91,0xc2,0x08,0x08,0x78,
  0x07,0xad,0x9a,0x10,0x48,0x22,0x22,0x98,0xd8,0xa9,0xa9,0xa0,0x31,0x61,0x12,0x11,0xba,0xc9,0x0c,0xa9,0x84,0x10,0x50,0x28,0xa1,0xa2,0x80,0xfb,0xff,0x1e,0x22,0x53,
  0x10,0xa1,0xaa,0xdb,0xb8,0x88,0x01,0x24,0x41,0x10,0x91,0x9a,0xac,0x99,0x19,0x81,0x13,0x30,0x08,0x08,0xd8,0x0a,0xfa,0xff,0x1f,0x22,0x73,0x00,0x80,0xa9,0xca,0xb8,
  0x08,0x00,0x23,0x33,0x00,0xb8,0xab,0xcc,0x88,0x30,0x23,0x24,0x18,0xa8,0xbb,0xac,0x89,0xf0,0xdf,0x4d,0x24,0x42,0x90,0xc8,0xab,0xba,0x10,0x41,0x23,0x03,0xaa,0xea,
  0xa9,0x08,0x22,0x24,0x12,0x90,0xac,0xba,0x09,0x31,0x25,0x12,0xfa,0xcf,0x3d,0x16,0x21,0xc0,0xb0,0x8c,0x09,0x40,0x21,0x82,0xa8,0xda,0x89,0x18,0x22,0x23,0xa1,0xd9,
  0xaa,0x89,0x32,0x43,0x02,0xb9,0xbc,0xfa,0x1f,0x4d,0x16,0x00,0xd0,0x98,0x0b,0x10,0x41,0x01,0xa0,0x9a,0xba,0x30,0x40,0x13,0x08,0xda,0xa8,0x1a,0x22,0x13,0x81,0xc8,
  0x9c,0x98,0xf2,0x3f,0x3d,0x17,0x80,0xe0,0x88,0x0a,0x21,0x48,0x90,0x90,0x9a,0x90,0x48,0x10,0x82,0x8a,0xc9,0x18,0x18,0x12,0x18,0xb0,0x8a,0x8d,0x02,0xf0,0x2f,0x3d,
  0x37,0x88,0xe8,0x09,0x0a,0x32,0x10,0xb1,0xa9,0xab,0x22,0x60,0x92,0x80,0xac,0x88,0x38,0x03,0x12,0xca,0x99,0x2b,0x22,0x23,0xb8,0xfa,0x8f,0x7d,0x07,0x98,0xd9,0x08,
  0x28,0x13,0x80,0xd8,0x89,0x08,0x23,0x01,0xb0,0x9c,0x99,0x42,0x12,0x90,0xbb,0xaa,0x41,0x24,0x82,0xba,0xca,0xff,0x13,0x78,0x02,0xab,0xbc,0x30,0x51,0x83,0xa9,0xcb,
  0x19,0x32,0x14,0xa8,0xda,0x09,0x20,0x24,0x90,0xba,0x9b,0x21,0x25,0x01,0xba,0xac,0x10,0xf0,0x79,0x78,0x81,0xaa,0xbb,0x48,0x23,0x04,0xba,0xcb,0x18,0x33,0x04,0xa8,
  0xac,0x1a,0x32,0x14,0xa0,0xcb,0x8a,0x41,0x23,0x90,0xcb,0x9a,0x10,0xff,0x15,0x78,0x98,0xa9,0x8b,0x40,0x13,0x82,0xac,0x9b,0x20,0x43,0x82,0xb9,0xac,0x18,0x43,0x12,
  0xa9,0xbc,0x19,0x32,0x14,0xa0,0xcb,0x8a,0xf0,0x6f,0x00,0x85,0xa8,0xbb,0x08,0x34,0x22,0xc8,0xba,0x0a,0x41,0x23,0x90,0xcb,0x9a,0x12,0x24,0x92,0xaa,0x9c,0x18,0x32,
  0x12,0xb9,0xbc,0xf9,0x2f,0x85,0x17,0x98,0xbc,0x98,0x52,0x11,0xa1,0xaa,0x8b,0x21,0x24,0x00,0xca,0xa9,0x10,0x32,0x02,0x9a,0xac,0x08,0x23,0x13,0xb8,0xbc,0xfa,0x1f,
  0x06,0x07,0x98,0xac,0x88,0x52,0x00,0xb1,0xa9,0x0a,0x22,0x23,0x88,0xeb,0x88,0x20,0x12,0x91,0x9b,0x8c,0x11,0x22,0x01,0xba,0xfa,0xef,0x87,0x22,0x98,0xda,0x88,0x40,
  0x01,0x91,0x9b,0x8a,0x12,0x42,0xa8,0xb8,0x0b,0x21,0x05,0x81,0xaa,0x99,0x11,0x21,0xb3,0xa8,0x0d,0xff,0x52,0x79,0x91,0xb9,0x8a,0x29,0x05,0x20,0xaa,0xa9,0x18,0x20,
  0x84,0x80,0x8c,0x98,0x21,0x30,0x90,0xa0,0x0b,0x98,0x13,0x21,0x9a,0xff,0x5f,0x3a,0x17,0x0a,0xab,0xa9,0x22,0x40,0xa1,0x80,0x8c,0x98,0x22,0x38,0xa0,0x81,0x0c,0x98,
  0x11,0x20,0x90,0x90,0x1b,0x89,0x82,0xfa,0xaf,0xc7,0x67,0x89,0xa8,0x89,0x08,0x28,0x82,0x10,0x9a,0x98,0x19,0x28,0x01,0x01,0x89,0xa8,0x00,0x29,0x81,0xa1,0x8a,0x9b,
  0xa0,0xff,0x7f,0x2a,0x27,0x0a,0xba,0x8a,0x08,0x41,0x81,0x81,0x8a,0xa9,0x00,0x10,0x20,0x88,0x80,0x9a,0x99,0x11,0x80,0x80,0x82,0x04,0xff,0x7f,0x7a,0xa2,0x80,0xab,
  0x08,0x09,0x04,0x00,0x90,0x98,0x89,0x00,0x20,0x80,0x00,0x9a,0x88,0x0a,0x83,0x81,0x01,0x08,0xfa,0xff,0xc4,0x77,0x98,0xa0,0x8a,0x90,0x31,0x00,0x81,0x9b,0xa8,0x28,
  0x02,0x13,0x9a,0xb9,0x0b,0x21,0x24,0x00,0xaa,0x9b,0xf8,0xff,0xa2,0x77,0x80,0xa8,0x8b,0x98,0x32,0x11,0x92,0xab,0xcb,0x10,0x22,0x05,0x08,0xbb,0x98,0x39,0x32,0x33,
  0xb9,0xc9,0xeb,0xff,0x82,0x37,0x08,0xb0,0x8c,0x9a,0x02,0x41,0x82,0x88,0xac,0xa0,0x20,0x11,0x04,0x09,0xc9,0x88,0x1a,0x21,0x12,0x81,0xff,0xaa,0x75,0x10,0x81,0x8b,
  0xca,0x88,0x28,0x03,0x22,0x89,0xd8,0x1a,0x9a,0x03,0x41,0x91,0x01,0x8c,0xc8,0x10,0xfa,0x1f,0x49,0x14,0x12,0xa8,0xd8,0x9a,0x99,0x11,0x41,0x02,0x81,0x8b,0xd9,0x08,
  0x1a,0x02,0x31,0x10,0xc1,0x09,0x9d,0xff,0x91,0x43,0x23,0x03,0x8b,0xae,0xaa,0x1a,0x11,0x24,0x12,0xa1,0x99,0x8e,0x99,0x18,0x10,0x04,0x11,0x89,0xc8,0xdf,0x89,0x26,
  0x41,0x81,0x90,0xab,0xbc,0x89,0x29,0x23,0x25,0x11,0xa0,0x9a,0x9d,0xa9,0x18,0x21,0x24,0x22,0xf0,0x0f,0x1c,0x21,0x43,0x01,0xa1,0xaa,0xbd,0xa9,0x19,0x31,0x25,0x22,
  0x90,0xb8,0x9c,0xbb,0x08,0x40,0x22,0x14,0xf8,0xbc,0x48,0x42,0x43,0x10,0xb9,0xda,0xab,0xb9,0x12,0x52,0x22,0x03,0x80,0xca,0xba,0x9c,0x08,0x31,0x42,0x22,0xef,0xb0,
  0x12,0x52,0x33,0x01,0xaa,0xcc,0xbb,0xaa,0x90,0x34,0x62,0x12,0x11,0x89,0xba,0xcb,0xaa,0x99,0x22,0x23,0xaf,0x2a,0x54,0x34,0x04,0x81,0xab,0xbd,0xab,0x8b,0x19,0x33,
  0x36,0x23,0x12,0xa9,0xac,0x9c,0x9c,0xa9,0xa1,0x8f,0x19,0x64,0x33,0x23,0x02,0xbb,0xbd,0xad,0xaa,0x89,0x00,0x42,0x34,0x32,0x21,0x08,0xba,0xcb,0xcb,0xcf,0xb9,0x10,
  0x52,0x33,0x24,0x12,0x81,0x89,0xbb,0xeb,0xab,0xab,0x8b,0x99,0x21,0x23,0x36,0x42,0x33,0xd3,0xa9,0x1c,0x29,0x43,0x21,0x80,0xa9,0xc9,0xd9,0xaa,0x8d,0x8a,0x00,0x11,
  0x31,0x42,0x03,0x14,0x42,0xb8,0xcf,0x9c,0x10,0x53,0x23,0x03,0x91,0x99,0xac,0xbc,0xaa,0xb9,0x0c,0x98,0x01,0x15,0x63,0x21,0x33,0x01,0xf8,0xdb,0x8a,0x81,0x15,0x23,
  0x10,0x90,0x89,0xa0,0xaa,0xea,0xd9,0xc9,0x88,0x8a,0x19,0x04,0x13,0x44,0x11,0x98,0xd2,0x01,0x51,0x52,0x12,0x18,0x99,0xaa,0xda,0xc9,0xa9,0x8b,0x9f,0x80,0x90,0x08,
  0x5a,0x28,0x21,0x24,0x42,0x89,0xda,0x91,0x22,0x0b,0x38,0xc0,0x80,0x34,0x70,0x00,0xa1,0x80,0x0b,0xbc,0xc3,0x80,0x0c,0xaf,0x80,0xa2,0x02,0xb8,0xbc,0xf8,0x81,0x55,
  0x22,0x12,0x91,0x0a,0x0d,0x0a,0xd2,0xa0,0x80,0x0a,0x02,0x83,0x40,0x3b,0x0c,0xc4,0xb0,0x8b,0x0c,0x03,0x04,0x08,0x68,0xbb,0x0c,0x48,0x7b,0x19,0x08,0x02,0x38,0x8b,
  0x0c,0x08,0x84,0x80,0x50,0x80,0x80,0x8d,0xdb,0x30,0xc8,0xc0,0x30,0x48,0x03,0x08,0x85,0x8b,0xcc,0x80,0xb4,0x30,0x80,0x80,0x06,0x08,0x9f,0x20,0x08,0x03,0x08,0x0f,
  0x80,0x03,0x08,0x58,0x8b,0xf0,0xa9,0x80,0x70,0x08,0x82,0x20,0x3b,0xcb,0xc0,0x83,0x40,0x08,0x08,0xbd,0x80,0x40,0x4b,0x08,0x84,0x80,0x40,0x0c,0x08,0x08,0x0e,0x08,
  0x08,0x08,0x08,0x3f,0x0c,0xc3,0x03,0x0c,0x8f,0x12,0x80,0x83,0x83,0x00,0xd8,0x03,0x08,0x08,0x86,0x97,0x10,0x0a,0x08,0xf8,0x91,0x08,0x0b,0x0b,0xc8,0x80,0x40,0x80,
  0x80,0xe8,0x0b,0x48,0x84,0x24,0x30,0x3c,0x80,0xd0,0xc0,0x30,0x48,0x08,0xbc,0x80,0x40,0x8b,0x8c,0x04,0x08,0x58,0x80,0x80,0xb5,0x08,0x08,0x08,0x08,0x3f,0x8c,0x80,
  0xd0,0x80,0x80,0xe0,0x0b,0x48,0x43,0x48,0x08,0xc3,0x03,0x0c,0xac,0xc3,0x86,0x20,0x2a,0x08,0xb8,0xb3,0x08,0x0e,0xc3,0xc0,0x30,0x3c,0x0b,0xc8,0xc0,0x3b,0x40,0x43,
  0x02,0x84,0x30,0x3c,0xc0,0x80,0xbc,0x3c,0x80,0x84,0x00,0x08,0x88,0xf0,0xcb,0x3b,0x40,0x03,0x84,0xc0,0x8b,0x8c,0x00,0x34,0x70,0x21,0x08,0xb8,0x03,0x0d,0x8f,0xa0,
  0xa2,0x20,0x80,0x80,0xb5,0xb3,0x8c,0x8b,0xb5,0xc3,0x33,0x40,0x03,0x84,0x80,0x80,0x8d,0xd0,0xb3,0x08,0xcc,0xbb,0xb4,0xc3,0x80,0x40,0x03,0x07,0x38,0x88,0x00,0xf3,
  0xa8,0x2a,0x30,0x08,0xc8,0x08,0x3d,0x80,0x04,0x08,0x58,0x8b,0xd0,0xb3,0x08,0x9f,0x0a,0x08,0x87,0x20,0x28,0x80,0x83,0x40,0x08,0x8f,0xa8,0xb3,0x48,0x3b,0xc0,0xb3,
  0x03,0x08,0xe8,0xb3,0xc4,0x80,0x8e,0x80,0xb3,0x83,0x40,0x08,0x84,0x80,0x50,0x3b,0x0c,0xc3,0xb3,0x08,0x08,0xbe,0xc8,0x4b,0x8b,0x84,0x07,0x83,0x80,0x80,0xb0,0xc8,
  0x80,0x0c,0x48,0x03,0x84,0x80,0xd0,0x8b,0xb4,0x80,0x3c,0x80,0xb5,0x03,0x80,0x3e,0xc0,0xc0,0xb0,0x8b,0x80,0x17,0x80,0x33,0x40,0x08,0xb4,0x48,0x8b,0x80,0xe0,0x80,
  0x8b,0x9f,0x80,0xb3,0x80,0x80,0x80,0x27,0x33,0x40,0x3b,0xd0,0xc0,0xb0,0x3b,0x80,0x05,0xc3,0x30,0x0c,0x08,0xd8,0x80,0x0c,0x8f,0x80,0x85,0x10,0x20,0x08,0xb8,0x8b,
  0x8c,0x80,0x35,0x84,0x80,0x00,0x88,0xb7,0x30,0x3c,0x80,0x04,0x08,0x0d,0x1f,0x89,0xa0,0xa8,0x08,0x48,0x48,0x83,0x80,0x80,0xe0,0xf8,0x01,0x08,0x38,0x08,0x08,0x04,
  0x08,0xbd,0x03,0x08,0x08,0x0f,0xc3,0x06,0x01,0x38,0x8b,0x80,0x00,0xbd,0xbc,0xc0,0xb3,0x48,0x70,0x80,0xb0,0x83,0x33,0x40,0xb8,0xb4,0x0c,0x3c,0x8b,0x80,0x80,0x60,
  0x3b,0xc0,0x08,0x08,0x3e,0x8b,0xb4,0x08,0x58,0x0b,0x08,0xbd,0x48,0x43,0x38,0x00,0x84,0x4b,0x3c,0xc0,0xb3,0xc3,0x80,0xd0,0xb3,0xb3,0xd8,0x8b,0x80,0xb5,0x84,0x43,
  0x08,0xb4,0xc3,0x80,0x8f,0x80,0x02,0x23,0x80,0x40,0xf0,0xa8,0x08,0x0b,0x08,0xb4,0x43,0x30,0x80,0xe0,0xc0,0x8a,0x4b,0x83,0x84,0xc0,0x0b,0x0c,0x33,0x80,0x00,0x3f,
  0x3b,0x80,0x04,0x34,0x3b,0xd0,0xb3,0x08,0x3d,0xac,0xf3,0x9a,0x2a,0x6b,0x80,0x80,0x38,0x02,0x48,0x83,0x80,0x50,0x3b,0xd0,0xb3,0x08,0x0d,0xb8,0xc4,0x80,0x4b,0x8b,
  0xcb,0xb8,0x34,0x80,0x3c,0x80,0x35,0x34,0x48,0xb3,0xc3,0xc0,0x0b,0x0c,0x08,0x08,0x58,0x80,0xd0,0x08,0x08,0x3d,0x40,0xb8,0x84,0x40,0x8b,0xbc,0xc3,0x80,0x40,0x40,
  0xc3,0xb0,0x88,0x50,0x8b,0x80,0x05,0x08,0x08,0xe8,0xb3,0x58,0x1f,0xa0,0xa2,0x02,0x3b,0x3b,0x00,0xf8,0x0a,0x30,0x08,0xd8,0x43,0x78,0x80,0xc2,0x91,0x28,0x2a,0xbb,
  0x84,0x80,0x04,0x3c,0xc0,0x08,0x80,0x8c,0xd0,0x80,0x80,0x80,0x80,0x08,0x80,0x08,0x80,0x08,0xb7,0x17,0x58,0x08,0x08,0x80,0x08,0x80,0x08,0xf8,0xe3,0x8b,0x4c,0x08,
  0x48,0x83,0x30,0x0c,0x8c,0xc0,0x43,0x38,0x80,0xb5,0x08,0x80,0x0d,0xc8,0xb3,0x08,0x3d,0x0c,0xb3,0x88,0x50,0x8b,0xcc,0x80,0x40,0x7b,0x21,0x82,0x83,0x80,0xac,0x83,
  0xd0,0x30,0x08,0x08,0xe8,0x80,0x80,0x80,0xbe,0xbc,0x0b,0x58,0x38,0x34,0x08,0x3c,0x4b,0x83,0x04,0xc8,0x4b,0x8b,0x84,0x84,0x80,0x80,0x80,0xe0,0xb8,0x8f,0x8a,0x83,
  0xb3,0x48,0x4b,0x08,0x03,0x44,0x38,0x80,0xb5,0xc0,0xc0,0x8a,0x80,0xd0,0xc0,0x3a,0x83,0xb4,0xb4,0x48,0x3b,0x84,0x80,0x80,0x50,0x40,0xb8,0xb4,0x88,0x0c,0x8f,0x08,
  0xb8,0x00,0x8c,0xb4,0x03,0x03,0x58,0x80,0x34,0x84,0x30,0x0c,0x08,0xc8,0x08,0x8d,0x8b,0xd0,0x08,0x08,0x3d,0x8b,0xb4,0xc8,0x0c,0x48,0x83,0x84,0x24,0x30,0x08,0xb4,
  0x8c,0x40,0x08,0x84,0x80,0x3c,0x0c,0x0c,0xb8,0x08,0x08,0x8e,0xcb,0xb8,0x08,0x68,0x33,0x43,0x03,0x40,0x0c,0xb8,0x08,0x3d,0x30,0x00,0xc5,0xb3,0x80,0xcc,0xbb,0x80,
  0x80,0x78,0x08,0x08,0x08,0x68,0x48,0x02,0x83,0x0c,0x0c,0xcb,0x83,0x40,0x08,0x08,0x08,0x08,0xf8,0xbc,0xc0,0x30,0x03,0x08,0x3e,0x03,0x84,0x40,0x08,0xc8,0xb8,0x84,
  0x4c,0x3b,0x8b,0xb4,0x84,0x30,0x0c,0xc8,0x03,0x58,0x3b,0xc0,0x08,0xc8,0x08,0xcc,0xf0,0x08,0x28,0x20,0x23,0x84,0x30,0x08,0x08,0x08,0x08,0x08,0x9f,0xd8,0xb4,0x08,
  0x3c,0x0c,0x08,0x08,0x08,0x80,0x08,0xb7,0x04,0x3c,0x80,0x80,0xb5,0x8c,0x4b,0x83,0x04,0x03,0x3c,0x80,0xe0,0xb3,0x48,0x0f,0x9a,0x01,0x32,0x3b,0xc0,0xb8,0xc8,0x08,
  0x58,0x03,0x84,0x04,0x88,0x00,0xc4,0x80,0x80,0x0d,0x08,0xd8,0xb3,0x08,0xcf,0x80,0xa2,0x83,0x43,0x0b,0x03,0x04,0x08,0x08,0x88,0x80,0x00,0x88,0xff,0xb8,0x48,0x48,
  0x0b,0x08,0x07,0x08,0x38,0x80,0x08,0x80,0x08,0x3f,0x8b,0xf0,0x0b,0x0b,0x38,0x04,0x83,0x40,0x80,0xc8,0xc8,0x08,0x08,0x68,0x03,0x80,0x35,0x3b,0xd0,0xb3,0x08,0x3d,
  0x8b,0xfc,0xa8,0x22,0x2d,0x28,0xa2,0x32,0x3b,0x0c,0xbc,0xb4,0x30,0x78,0x00,0xa8,0x83,0x43,0x3b,0x80,0x80,0x8d,0x3c,0x0b,0xd8,0xc0,0x08,0xac,0x0c,0xb8,0x64,0x48,
  0x80,0xa0,0x82,0x80,0x30,0x80,0x05,0x48,0x3b,0x80,0xd0,0x03,0x3d,0x0f,0x98,0xa1,0x80,0x0b,0xc0,0xc3,0xc0,0x8a,0x4b,0x38,0x04,0x33,0x34,0x8b,0x80,0x80,0x00,0x78,
  0x00,0x80,0x06,0x48,0x8b,0xd0,0x80,0x8b,0x8c,0xd0,0x80,0xc0,0x8b,0x8f,0x08,0x32,0x38,0x70,0x02,0x08,0x32,0x3b,0x00,0x88,0xf0,0x80,0xc0,0xcb,0xb8,0xc0,0x43,0x38,
  0x80,0x85,0x80,0x80,0xcc,0xb8,0x08,0x78,0x22,0x80,0xb4,0x08,0x1f,0x28,0x80,0x30,0x4b,0x0c,0x08,0x08,0x3d,0x0b,0x88,0xf0,0x0a,0x0b,0x48,0xb3,0x34,0x84,0x30,0x80,
  0xb5,0xc3,0x80,0x4c,0x0b,0xc8,0x03,0x0c,0x08,0xf8,0x99,0x0b,0x38,0x04,0xc3,0x83,0x40,0x48,0xb3,0x43,0x80,0x80,0x80,0xf0,0x0b,0x8c,0x0b,0xc8,0xb4,0x48,0x48,0x08,
  0x83,0x80,0x0d,0x0c,0x08,0x84,0x40,0x48,0x08,0x08,0x08,0xbe,0x4b,0xb8,0xc0,0x08,0x08,0x08,0x86,0x40,0x48,0x48,0x08,0x83,0x80,0x00,0xf8,0xc0,0xb3,0x3b,0x0c,0xc8,
  0x80,0x4c,0x0b,0x08,0xcc,0x80,0x24,0x4b,0x08,0x83,0x34,0x34,0x48,0x08,0x80,0x08,0x8d,0xd0,0xc0,0x80,0x0b,0x8c,0xc0,0xb8,0x8c,0x40,0x03,0x84,0x84,0xc0,0x80,0x80,
  0x35,0x48,0x38,0x80,0x80,0x80,0xbf,0x0b,0x08,0x85,0x80,0x4c,0xb8,0xb3,0x88,0x0d,0xcc,0x80,0x84,0x03,0x48,0x03,0xc8,0x08,0x58,0x30,0xd0,0x80,0x80,0x80,0x86,0xb3,
  0x08,0x80,0x8e,0xc0,0xb3,0xbc,0x8c,0x84,0x03,0x08,0x58,0x3b,0x80,0x80,0x70,0x08,0xbc,0x80,0x40,0x8b,0x80,0x80,0x87,0x40,0x38,0x80,0xd0,0x43,0x08,0x08,0xd8,0xb4,
  0x80,0x0c,0x8b,0xd0,0x80,0x3b,0x0c,0xcc,0x80,0x24,0x70,0x08,0x01,0x08,0x38,0x80,0x0c,0xb3,0x08,0xaf,0x30,0x83,0x80,0x80,0x80,0x80,0xf0,0x8e,0x30,0x8b,0x40,0xb4,
  0x08,0x8c,0x80,0x85,0x24,0x80,0x8b,0x80,0x80,0x78,0x4b,0x8b,0xc0,0x03,0x8c,0x4b,0xb8,0x84,0x4b,0x3c,0x0b,0xc3,0x03,0x3c,0x80,0x80,0x80,0x80,0x80,0x08,0xb7,0xf0,
  0x3b,0x34,0x08,0x84,0x80,0x80,0x80,0xf0,0xc3,0x80,0x80,0xd0,0x08,0x08,0x8d,0xcb,0xb8,0x84,0x40,0x73,0x10,0x02,0x08,0x08,0x08,0x0d,0x08,0xbc,0x8c,0x0b,0xc8,0x24,
  0x70,0x80,0xa2,0x02,0x0b,0x88,0x00,0x88,0xf0,0x8b,0x0c,0x03,0x04,0x48,0x4b,0x08,0xc8,0xc8,0x4b,0x08,0xc3,0x80,0x40,0x40,0x83,0x04,0xc8,0x0b,0x58,0x08,0x08,0x08,
  0x3e,0xcb,0xc0,0xba,0x08,0x3c,0x34,0x08,0x34,0x08,0x08,0x05,0x08,0x08,0xbe,0xc8,0x03,0x08,0x08,0x86,0xf4,0x0f,0x32,0x91,0xa9,0x91,0x29,0x2a,0x08,0xb2,0x00,0x08,
  0x58,0x80,0xb5,0x03,0xff,0x5d,0x84,0x98,0x88,0x80,0x88,0x09,0x00,0x08,0x28,0x98,0x08,0x88,0x00,0xff,0x2f,0x35,0x99,0x09,0x80,0x88,0x88,0x09,0x98,0x90,0x01,0x2a,
  0x08,0x08,0xf3,0xff,0x78,0x94,0x89,0x00,0x88,0x80,0x89,0x00,0x08,0x09,0x88,0x80,0x18,0x10,0x08,0xc8,0xff,0x7f,0x02,0x9a,0x80,0x08,0x81,0xa8,0x08,0x08,0x08,0x80,
  0x80,0x00,0x00,0x08,0x99,0x08,0x01,0x2a,0xf0,0xff,0x77,0xa0,0x8a,0x08,0x11,0x91,0x9b,0x10,0x01,0x80,0x9a,0x28,0x01,0xa8,0x98,0x18,0x11,0xb0,0xbb,0x01,0x2a,0x08,
  0x08,0x07,0x22,0xf2,0xff,0x7b,0x17,0x9c,0x08,0x31,0x91,0xbc,0x30,0x11,0x98,0xba,0x38,0x04,0xa9,0x99,0x31,0x12,0xca,0x09,0x12,0x02,0xb9,0x1a,0x15,0x98,0x9a,0x39,
  0x23,0xa2,0x0b,0x7b,0xd8,0xff,0x7a,0x87,0x8c,0x00,0x31,0xb2,0x9f,0x21,0x00,0x98,0x9a,0x32,0x82,0xab,0x09,0x42,0xa2,0xcb,0x20,0x22,0xb0,0xbb,0x41,0x02,0xaa,0x9c,
  0x42,0x82,0x99,0x29,0x23,0xe1,0xff,0x70,0x97,0x8b,0x88,0x43,0xa0,0x8d,0x10,0x02,0xa0,0xab,0x32,0x02,0xa9,0x9c,0x42,0x81,0xaa,0x0a,0x42,0x92,0xa9,0x19,0x33,0xa1,
  0xd9,0x18,0x31,0x90,0xbc,0x01,0x92,0xff,0x79,0x07,0xaa,0x8b,0x54,0xa1,0xaa,0x09,0x42,0x91,0xab,0x18,0x41,0x90,0xba,0x00,0x33,0x81,0xbc,0x18,0x23,0x80,0xcb,0x09,
  0x13,0x91,0xba,0x1a,0x16,0x01,0x9a,0xff,0x7f,0x85,0x89,0xab,0x40,0x12,0xa9,0xba,0x20,0x14,0x98,0xab,0x28,0x33,0xa0,0xbb,0x1a,0x24,0x81,0xca,0x0a,0x31,0x12,0xca,
  0x89,0x20,0x21,0x99,0x9a,0x42,0xff,0x4f,0x37,0x98,0xeb,0x19,0x13,0x81,0xb9,0x8b,0x32,0x12,0xb8,0xac,0x20,0x22,0xa0,0xca,0x09,0x23,0x03,0xa9,0x8b,0x48,0x11,0xc0,
  0x99,0x3a,0x31,0x82,0x80,0xff,0x7f,0x44,0xa0,0xcc,0x18,0x21,0x01,0xaa,0x9a,0x10,0x22,0x90,0xaa,0x09,0x12,0x82,0x98,0x9b,0x19,0x11,0x01,0x0a,0x28,0x60,0x80,0xa2,
  0x08,0x08,0xf8,0xff,0x79,0x57,0x99,0x9a,0x0a,0x12,0x00,0xa8,0x98,0x08,0x11,0x00,0x98,0x98,0x90,0x02,0x19,0xb0,0x90,0x0c,0x19,0x82,0x82,0x30,0x48,0x0b,0xc3,0xf0,
  0xff,0x3f,0x47,0x90,0xa9,0x9b,0x20,0x21,0x91,0x9a,0xaa,0x11,0x12,0x01,0x9a,0x9b,0x18,0x13,0x12,0x99,0xaa,0xa0,0xb2,0x30,0x80,0xe0,0x80,0x80,0xff,0xef,0x74,0x85,
  0xa8,0xaa,0x09,0x21,0x13,0x98,0xba,0x9a,0x20,0x32,0x02,0xc9,0xb9,0x09,0x21,0x22,0x91,0xa9,0x0b,0x2a,0x02,0x83,0x24,0xfe,0xff,0x09,0x66,0x01,0x90,0xaa,0xa9,0x08,
  0x10,0x21,0x80,0x98,0x99,0x8a,0x00,0x01,0x22,0x10,0x80,0xb8,0xa9,0x8a,0x8a,0x84,0x03,0x03,0x58,0xfb,0xff,0x8f,0x34,0x11,0x03,0x88,0xa9,0xaa,0x9b,0xa9,0x09,0x80,
  0x20,0x08,0x81,0x10,0x20,0x0b,0x08,0x08,0x08,0x3e,0xc0,0xb3,0xc8,0x3b,0x0c,0xff,0xbf,0x20,0x35,0x41,0x02,0x01,0x98,0x98,0xb9,0xc8,0x99,0x9a,0xaa,0x98,0xa9,0x08,
  0xa8,0x08,0x08,0x04,0x74,0x01,0x21,0x22,0x80,0x0b,0xc3,0xf4,0xef,0x08,0x32,0x13,0x03,0x10,0x09,0x99,0xb9,0xc9,0x9c,0x9d,0x98,0x80,0x30,0x22,0x22,0x02,0x48,0x0b,
  0x8c,0x00,0x03,0x80,0x8e,0x00,0xc4,0x30,0xff,0x8c,0x12,0x24,0x31,0x18,0x98,0xa9,0xca,0x99,0x08,0xa2,0x02,0x88,0xc0,0xc8,0xb3,0x84,0x40,0x08,0xb4,0x03,0x44,0x08,
  0x08,0xd8,0x80,0x3c,0xfb,0xdf,0x00,0x22,0x21,0x10,0x91,0x91,0x08,0x9d,0x98,0x08,0x32,0x38,0x8b,0x85,0x80,0x4c,0x0b,0xb8,0x0d,0x48,0x3b,0x08,0x08,0x08,0x80,0x08,
  0x80,0xf0,0x8f,0x0b,0x08,0x34,0x34,0x48,0x38,0xc0,0xf3,0x08,0x0a,0x08,0x02,0xb3,0x58,0x8b,0xb4,0xc8,0x80,0x80,0xd0,0x08,0x08,0x0e,0x0c,0x48,0x02,0x33,0x80,0x8c,
  0xd0,0x48,0x48,0x02,0x08,0xb4,0xc3,0x80,0xbc,0xc8,0xc0,0x80,0x70,0x00,0x0b,0x20,0x70,0x80,0x80,0xa2,0x08,0x8f,0xa9,0xa2,0x38,0x48,0x3b,0x84,0x84,0x0b,0x3c,0xcb,
  0x03,0xc3,0x80,0x3c,0xb4,0x03,0x84,0x4b,0xb8,0xc8,0x0c,0x48,0x0b,0x8c,0x84,0x33,0x80,0x80,0xb6,0x80,0xf0,0x09,0x82,0x03,0x08,0x58,0x0b,0xc8,0xc8,0x80,0xd0,0xc0,
  0x80,0x07,0x2a,0x08,0xa2,0x02,0x48,0x30,0x04,0x03,0x08,0x0e,0x9f,0x01,0x21,0x2d,0x08,0xa8,0xeb,0x89,0x2a,0x3a,0xc3,0xb0,0x43,0x78,0x01,0x01,0x82,0x8a,0xbb,0x08,
  0x08,0x86,0x8b,0xff,0x0b,0x27,0x82,0x12,0x88,0xc0,0x0a,0x8d,0x99,0x88,0x01,0x13,0x82,0xd0,0x08,0x2a,0x80,0x0b,0x08,0x08,0x70,0x82,0xff,0x8f,0x40,0x14,0x22,0x90,
  0xc1,0x9a,0xba,0x99,0x9a,0x81,0x51,0x28,0x80,0x21,0x89,0x89,0x89,0xa2,0x33,0x6c,0x80,0xf0,0xff,0x2b,0x33,0x63,0x02,0x02,0x9b,0xda,0x9a,0xba,0x00,0x28,0x13,0x15,
  0x10,0x90,0xaa,0xcb,0x99,0x08,0x11,0x12,0xf8,0xff,0x3a,0x24,0x44,0x81,0x91,0x9b,0xeb,0x99,0x89,0x01,0x32,0x13,0x03,0x09,0xda,0xaa,0xbb,0x18,0x41,0x21,0x05,0xff,
  0x99,0x52,0x31,0x14,0x00,0xc9,0xc9,0x9b,0x99,0x20,0x32,0x25,0x01,0xa8,0xb9,0xad,0xa8,0x20,0x32,0x24,0x11,0xf9,0xbf,0x3b,0x26,0x43,0x81,0xa0,0xad,0xca,0x09,0x10,
  0x24,0x31,0x81,0xb8,0xac,0xbb,0x09,0x41,0x24,0x23,0x90,0xc9,0xff,0x89,0x42,0x23,0x05,0x09,0xdb,0x9a,0x8b,0x20,0x52,0x13,0x82,0x9a,0xcc,0x9a,0x19,0x32,0x34,0x12,
  0x90,0xad,0xfc,0x0b,0x40,0x25,0x32,0xa0,0xd9,0xac,0xa9,0x38,0x42,0x24,0x00,0xb9,0xcb,0xab,0x28,0x61,0x23,0x02,0xa8,0xdb,0xbb,0xaf,0x22,0x64,0x02,0x92,0xba,0xdb,
  0x8a,0x10,0x53,0x12,0x81,0xba,0xbc,0x8a,0x10,0x35,0x23,0x91,0xbb,0xbd,0xe9,0x2d,0x32,0x54,0x01,0xa8,0xbc,0xb9,0x19,0x33,0x44,0x00,0x99,0xac,0x9a,0x18,0x43,0x23,
  0x81,0xca,0xab,0x8a,0xf8,0x2f,0x23,0x35,0x90,0xba,0xbd,0x88,0x10,0x25,0x11,0xa0,0xba,0xba,0x18,0x33,0x34,0x81,0xba,0xbc,0x9a,0x21,0xff,0x49,0x23,0x25,0xa8,0xb9,
  0x9e,0x08,0x20,0x33,0x80,0xb9,0xcb,0x88,0x30,0x43,0x02,0xb8,0xac,0x99,0x10,0x14,0xff,0x49,0x22,0x15,0xb8,0xb9,0xac,0x20,0x31,0x23,0xb0,0xbb,0xcc,0x20,0x22,0x32,
  0xa0,0xbb,0xcb,0x39,0x43,0xf2,0xcf,0x32,0x52,0x13,0xaa,0xbb,0xad,0x11,0x32,0x23,0xb8,0x9c,0x9c,0x28,0x22,0x23,0x98,0xbb,0xdb,0x08,0x31,0xf1,0xbf,0x25,0x43,0x12,
  0xbb,0xcb,0x9c,0x11,0x22,0x14,0x98,0xa9,0x9c,0x19,0x21,0x33,0x81,0xba,0xcc,0x09,0x10,0xff,0x2a,0x15,0x34,0x81,0xaa,0xbc,0x8c,0x10,0x32,0x22,0x80,0xb9,0xac,0x8a,
  0x18,0x43,0x03,0x81,0xba,0xaa,0x9a,0xff,0x2f,0x22,0x34,0x92,0xa9,0xdb,0xaa,0x80,0x21,0x33,0x01,0xa0,0xba,0xaa,0x99,0x11,0x15,0x11,0x88,0x8a,0xf9,0xff,0x39,0x32,
  0x34,0x82,0x99,0xca,0xbb,0x98,0x08,0x31,0x01,0x12,0x90,0x9a,0x8b,0x08,0x01,0x84,0x22,0xa8,0xf0,0xff,0x1c,0x22,0x24,0x02,0x80,0x99,0xaa,0xa9,0x90,0x08,0x19,0x18,
  0x82,0x20,0x0b,0x3b,0x8b,0xd0,0x08,0x8c,0xc0,0xff,0x9f,0x11,0x43,0x12,0x02,0x91,0xaa,0xba,0xb8,0x80,0x29,0x28,0x08,0xa8,0x0c,0x48,0x08,0xb8,0x08,0x04,0xf8,0xff,
  0x18,0x30,0x42,0x02,0x02,0xb1,0x8c,0x9c,0x8a,0x08,0x18,0x80,0xa0,0x08,0x06,0x2a,0x8a,0xb0,0x03,0x78,0xf1,0x0f,0x00,0x31,0x24,0x11,0xa1,0xba,0xbc,0x8d,0x8a,0x10,
  0x13,0x83,0x89,0x8a,0xb0,0x03,0x58,0x48,0x02,0x83,0xff,0x3a,0x20,0x17,0x11,0x88,0xab,0xcb,0x8a,0x89,0x41,0x28,0xa1,0xa0,0x8d,0x89,0xa2,0x63,0x23,0x21,0xb0,0x00,
  0xff,0x18,0x51,0x12,0x11,0x99,0xba,0x9e,0xa9,0x80,0x01,0x28,0x28,0x83,0x80,0x8b,0xd0,0x8b,0x80,0x75,0x28,0xc8,0xab,0x22,0x55,0x12,0x01,0xb8,0xac,0xab,0xaa,0x32,
  0x73,0x10,0x02,0xd8,0xca,0xa9,0x0a,0x08,0x16,0x22,0x2a,0xfa,0xaa,0x32,0x44,0x38,0x82,0x98,0xab,0x8b,0x8b,0x50,0x83,0x80,0x8c,0x8c,0xbc,0x30,0x0c,0x08,0x04,0x04,
  0x3c,0xcf,0x80,0x12,0x24,0x41,0x80,0xb9,0xb0,0x00,0x8c,0xc0,0x03,0x48,0x30,0x0c,0x0c,0x83,0x3c,0x40,0x8b,0x04,0x08,0xfd,0x80,0x00,0xa4,0x20,0x0b,0x0b,0xb3,0x84,
  0x40,0x8b,0xc8,0xb4,0x43,0x3b,0x0c,0xb8,0x84,0x84,0x80,0x40,0xf0,0x1f,0x28,0x11,0x18,0x80,0x02,0xba,0xae,0xa0,0x02,0x08,0x8b,0xb4,0x07,0x28,0x08,0x80,0x08,0x08,
  0xfd,0x1d,0x18,0x85,0x11,0x08,0x08,0x01,0x82,0x8a,0x1f,0x09,0x08,0x88,0x3a,0x0c,0xb8,0x08,0x08,0xf8,0xff,0x10,0x33,0x39,0x83,0x83,0xe9,0x89,0x1b,0x80,0xa2,0x20,
  0x38,0x8b,0x80,0xb5,0x0c,0x8b,0xfc,0xff,0x31,0x34,0x81,0x83,0xba,0xc8,0x9c,0xa8,0x80,0x01,0x28,0x11,0x01,0x81,0x22,0xb0,0xb0,0xf8,0xff,0x1f,0x43,0x04,0x80,0x80,
  0x9b,0xb9,0xba,0x98,0x09,0x11,0x11,0x24,0x11,0x10,0x99,0xb8,0x98,0xff,0xff,0x22,0x44,0x80,0x90,0xa9,0x9a,0x99,0x19,0x10,0x11,0x01,0x00,0x98,0x0a,0x98,0x08,0x08,
  0x89,0xff,0xef,0x24,0x41,0x81,0x9a,0xaa,0x8a,0x10,0x11,0x01,0x89,0x89,0x89,0x01,0x02,0x10,0x89,0x99,0x98,0xa8,0xff,0xaf,0x47,0x33,0xc8,0xab,0xb9,0x10,0x14,0x00,
  0xa0,0xab,0x08,0x10,0x33,0x90,0x98,0xc8,0x19,0x80,0x80,0xf1,0xff,0x79,0x12,0x13,0xcb,0x8a,0xa9,0x21,0x12,0x19,0xb8,0xaa,0x01,0x28,0x22,0x98,0x98,0xba,0x28,0x19,
  0x12,0x94,0xff,0x8f,0x27,0x32,0xb2,0x9e,0x98,0x0b,0x12,0x00,0x11,0xa9,0x09,0xa9,0x28,0x01,0x28,0x81,0xaa,0x08,0x89,0x82,0xf2,0xff,0x71,0x21,0x16,0xaa,0x99,0xcb,
  0x18,0x00,0x31,0x82,0x09,0xa8,0xaa,0x80,0x29,0x22,0x21,0x11,0xba,0xba,0x9a,0xff,0x1f,0x35,0x73,0x91,0x9a,0xbb,0x9c,0x08,0x20,0x24,0x12,0x81,0xa9,0xab,0xab,0x89,
  0x21,0x35,0x22,0x01,0xa9,0xfa,0xff,0x20,0x13,0x06,0x81,0x99,0xab,0xcb,0xa9,0x00,0x32,0x53,0x13,0x03,0x80,0xba,0xbd,0xbb,0x9a,0x08,0x51,0x34,0xfd,0x20,0x32,0x41,
  0x11,0xa0,0xda,0xca,0xaa,0x99,0x19,0x42,0x52,0x32,0x21,0x08,0xba,0xbc,0xbb,0xbb,0x18,0x42,0xf3,0x8f,0x41,0x23,0x14,0x01,0xa9,0xbc,0xac,0xab,0x99,0x20,0x34,0x25,
  0x14,0x11,0x88,0xba,0xbc,0xbb,0x9a,0x19,0x42,0xfc,0x1b,0x54,0x43,0x31,0x81,0xa8,0xda,0xbb,0xac,0x9b,0x8a,0x31,0x53,0x34,0x33,0x22,0x81,0xc9,0xcb,0xac,0xbb,0xfa,
  0x8f,0x00,0x33,0x34,0x14,0x02,0x88,0xab,0xbd,0xcb,0x9a,0x89,0x10,0x33,0x35,0x43,0x21,0x80,0xa9,0xbc,0xad,0x9a,0xfc,0x09,0x21,0x63,0x32,0x22,0x81,0xa9,0xbc,0xad,
  0xab,0x99,0x09,0x22,0x25,0x43,0x22,0x02,0x80,0xb9,0xbc,0x9e,0xc9,0x9f,0x19,0x20,0x43,0x24,0x33,0x11,0x98,0xcb,0xdb,0xbb,0x9c,0x9a,0x08,0x32,0x34,0x44,0x22,0x12,
  0x80,0xb8,0xdb,0xed,0xaa,0x08,0x20,0x43,0x42,0x32,0x11,0x90,0xc9,0xcb,0xbb,0x9c,0x9a,0x88,0x21,0x63,0x43,0x12,0x13,0x00,0xa9,0xfa,0xbc,0xaa,0x8a,0x21,0x25,0x34,
  0x21,0x12,0x80,0xb8,0xd8,0xaa,0xac,0xab,0x99,0x0b,0x19,0x43,0x36,0x33,0x33,0x13,0xf9,0xcb,0x99,0x19,0x28,0x12,0x25,0x38,0x80,0xc2,0x98,0xac,0xdb,0xba,0x9c,0xa0,
  0x42,0x32,0x34,0x22,0x44,0x48,0x98,0x9f,0x9b,0x8b,0x20,0x43,0x84,0x31,0x31,0x80,0xa0,0xbb,0xae,0xae,0xcb,0x90,0x08,0x61,0x01,0x13,0x34,0x11,0x28,0xfa,0xdb,0x98,
  0x18,0x08,0x31,0x15,0x22,0x12,0x80,0xd8,0xcb,0x9b,0xbc,0x99,0x01,0x3b,0x73,0x21,0x23,0x22,0x30,0x88,0xef,0xa9,0x80,0x41,0x22,0x13,0x85,0x09,0xca,0xda,0xb9,0xbb,
  0xab,0x2a,0x25,0x16,0x41,0x11,0x81,0x82,0xb0,0x0a,0xfe,0x9b,0x11,0x43,0x32,0x04,0x83,0x98,0xcb,0xdb,0xca,0xaa,0x9a,0x2b,0x73,0x22,0x42,0x22,0x80,0xa0,0x80,0xaa,
  0xfb,0xff,0x00,0x01,0x31,0x22,0x11,0x88,0xb9,0xac,0xbb,0xab,0x9a,0x40,0x41,0x34,0x14,0x30,0x89,0xc9,0xba,0xac,0xa9,0xff,0x8f,0x32,0x25,0x12,0x80,0xb9,0xbc,0xcb,
  0x99,0x00,0x24,0x43,0x21,0x80,0xa9,0xba,0x8b,0x9b,0x81,0x25,0x22,0xf0,0xff,0x1a,0x45,0x12,0x81,0xaa,0xbc,0x9a,0x09,0x21,0x33,0x12,0x80,0x9b,0xaa,0x09,0x20,0x32,
  0x81,0x94,0x08,0x2a,0xff,0xff,0x68,0x23,0x01,0xaa,0xcb,0x8a,0x08,0x22,0x01,0x91,0x89,0x99,0x00,0x00,0x81,0x00,0x88,0x01,0x08,0x81,0x40,0xfa,0xff,0x5c,0x26,0x00,
  0xc8,0x99,0x8a,0x00,0x20,0x80,0x81,0x09,0x98,0x00,0x08,0x00,0x18,0x88,0x81,0x90,0x89,0x30,0xf2,0xff,0x1f,0x26,0x11,0xb0,0x99,0xab,0x90,0x29,0x80,0x13,0x29,0x98,
  0x08,0x8a,0x90,0x30,0x08,0x03,0x18,0xa0,0x02,0x0b,0xff,0xff,0x7c,0x02,0x11,0x89,0xa8,0x89,0x8b,0xa0,0x18,0x18,0x82,0x20,0x08,0x80,0x28,0x8a,0xa1,0x81,0x90,0xe1,
  0x80,0x80,0xff,0xbf,0x70,0x12,0x02,0x28,0x98,0xb0,0x8b,0xac,0xb8,0x08,0x0a,0x81,0x32,0x41,0x11,0x03,0x31,0x89,0xc1,0x99,0x29,0xba,0xff,0xef,0x60,0x18,0x81,0x21,
  0x08,0xa9,0x88,0x9a,0xca,0x98,0x09,0x88,0x02,0x42,0x22,0x13,0x31,0x08,0xa0,0x9a,0x8f,0xaa,0xb8,0xff,0x8f,0x33,0x11,0x12,0x22,0x08,0xd9,0xa9,0xbb,0xcb,0x99,0x19,
  0x02,0x44,0x32,0x23,0x04,0x10,0xa9,0xaa,0xbd,0xcb,0xa9,0xdb,0xff,0x08,0x06,0x20,0x11,0x12,0x00,0xb8,0xa8,0xad,0xca,0xa9,0x99,0x80,0x21,0x43,0x43,0x43,0x21,0x01,
  0xa8,0x9a,0xbc,0x9d,0xab,0xff,0x8a,0x24,0x21,0x32,0x33,0x81,0xb0,0xba,0xaf,0xab,0xbb,0x9a,0x09,0x30,0x53,0x34,0x24,0x23,0x11,0x98,0xba,0xdb,0xcb,0xbb,0xfa,0xcf,
  0x48,0x22,0x22,0x32,0x22,0x88,0xba,0xfb,0xaa,0xbb,0x9a,0x8a,0x10,0x33,0x25,0x34,0x23,0x02,0x90,0xba,0xcb,0xca,0xa9,0x8b,0xff,0x8f,0x24,0x21,0x21,0x12,0x98,0xc9,
  0xba,0xbb,0xac,0x9a,0x88,0x21,0x53,0x23,0x25,0x10,0x80,0x98,0xa9,0xab,0xbb,0x9b,0x99,0x21,0xff,0xdf,0x63,0x20,0x01,0x01,0x88,0xaa,0xba,0xab,0xac,0x99,0x81,0x21,
  0x63,0x31,0x21,0x12,0x81,0x98,0xcb,0xca,0xb9,0x99,0x08,0x21,0xf0,0xff,0x7d,0x11,0x81,0x00,0x88,0xb8,0xa9,0x8b,0x9a,0x08,0x11,0x42,0x21,0x22,0x28,0x99,0xc8,0xa9,
  0x8a,0x89,0x18,0x11,0x14,0x21,0xf8,0xff,0x1f,0x17,0x10,0x89,0xa0,0x98,0x9a,0xa0,0x10,0x28,0x10,0x11,0x08,0xa1,0x80,0x1b,0xa9,0xa8,0x88,0x80,0x48,0x11,0x80,0x22,
  0x0b,0xff,0xff,0x66,0x00,0xb8,0x08,0x0a,0xa1,0x00,0x0a,0x90,0x11,0x0a,0x80,0x18,0x89,0xa2,0x20,0x0a,0x01,0x38,0x98,0x03,0x08,0xdb,0x91,0xff,0xff,0x78,0x05,0x90,
  0x9a,0x98,0x01,0x88,0x80,0x08,0x88,0x81,0x08,0x90,0x00,0x98,0xa1,0x00,0x09,0x02,0x10,0x88,0x10,0x02,0x82,0xf8,0xff,0x5f,0x37,0x88,0xbb,0x8a,0x08,0x03,0x00,0xa8,
  0x09,0x89,0x11,0x00,0x08,0x09,0x89,0x82,0x01,0x19,0x10,0x08,0x28,0x20,0x38,0xf0,0xff,0x9f,0x77,0x82,0xaa,0x9b,0x18,0x21,0x01,0x98,0xaa,0x19,0x10,0x02,0x91,0x89,
  0x89,0x11,0x12,0x80,0xb9,0xb0,0x03,0x21,0x50,0x0a,0xff,0xcf,0x75,0x04,0xb9,0xb9,0x0a,0x22,0x23,0xa0,0xac,0x9a,0x21,0x42,0x81,0xa9,0x9b,0x19,0x22,0x14,0x98,0xaa,
  0x9a,0x21,0x43,0x10,0xff,0xbf,0x72,0x34,0xa0,0xaa,0xac,0x00,0x33,0x21,0xb8,0xca,0x9a,0x38,0x33,0x21,0x99,0xac,0x9a,0x20,0x22,0x02,0xa0,0xac,0x0a,0x08,0xf2,0xff,
  0x39,0x37,0x14,0x8a,0xca,0xaa,0x08,0x20,0x13,0x01,0x89,0x9c,0xa9,0x10,0x30,0x03,0x93,0x09,0x9d,0xc0,0x80,0x20,0x18,0xb2,0xf1,0xff,0x1c,0x33,0x45,0x01,0xa0,0xaa,
  0x9c,0xb9,0x01,0x21,0x21,0x02,0x80,0x9b,0xbb,0xa9,0x19,0x30,0x05,0x32,0x29,0xb9,0xd9,0x0b,0x9b,0xff,0xaf,0x71,0x32,0x13,0x80,0xba,0xcc,0xba,0x8a,0x20,0x32,0x35,
  0x11,0x91,0xb8,0xbc,0xbb,0xa9,0x11,0x42,0x43,0x14,0x82,0xa8,0xbb,0xff,0x0f,0x18,0x22,0x24,0x21,0x81,0xa8,0xba,0xae,0xbb,0xb9,0x09,0x28,0x43,0x35,0x43,0x22,0x01,
  0x98,0xbb,0xbd,0xbc,0xba,0x99,0x28,0x22,0x9f,0x12,0x46,0x43,0x32,0x82,0xa8,0xcb,0xae,0xbb,0xba,0x89,0x10,0x43,0x35,0x43,0x22,0x12,0xa8,0xca,0xbc,0xbc,0xba,0x99,
  0x08,0x34,0xea,0x21,0x73,0x43,0x32,0x11,0xa0,0xea,0xcb,0xbb,0xbb,0x99,0x11,0x34,0x54,0x32,0x33,0x02,0x98,0xea,0xca,0xca,0x9a,0x9a,0x01,0x33,0xc1,0x0c,0x73,0x53,
  0x23,0x12,0x90,0xcb,0xbc,0xad,0xab,0x99,0x00,0x43,0x63,0x31,0x22,0x02,0xa8,0xca,0xbc,0xbb,0x9b,0x9a,0x30,0x44,0x94,0x0d,0x48,0x42,0x24,0x23,0x00,0x99,0xad,0xbd,
  0xbb,0xbb,0xa8,0x12,0x24,0x36,0x42,0x12,0x02,0xa0,0xca,0xbb,0xad,0xaa,0x9a,0x80,0x12,0xdf,0x28,0x42,0x27,0x23,0x22,0x08,0xbb,0xbd,0xcc,0xb9,0xa9,0x08,0x30,0x53,
  0x43,0x23,0x21,0x91,0xb9,0xad,0xac,0xbb,0xa9,0x80,0x41,0xed,0x08,0x24,0x35,0x43,0x11,0x80,0xba,0xcc,0xbb,0xac,0x8a,0x18,0x21,0x25,0x24,0x13,0x11,0xa8,0xca,0xd9,
  0xaa,0x9a,0x09,0x20,0x44,0xf2,0x8e,0x11,0x52,0x22,0x22,0x08,0xc8,0xbb,0xae,0xab,0x98,0x11,0x42,0x43,0x22,0x82,0xb0,0xca,0xbb,0xaa,0x19,0x41,0x43,0x22,0x11,0xf9,
  0xff,0x28,0x22,0x14,0x81,0x99,0xbb,0xac,0x99,0x11,0x42,0x22,0x02,0x98,0xba,0xaa,0xaa,0x10,0x42,0x32,0x10,0xb9,0xac,0x98,0x19,0xff,0xaf,0x27,0x42,0x81,0xaa,0xaa,
  0x9d,0x88,0x10,0x22,0x13,0x00,0xa8,0xba,0x9a,0x09,0x10,0x22,0x14,0x91,0x88,0xba,0xb9,0x8a,0xf0,0xff,0x7c,0x22,0x34,0xb9,0xaa,0xca,0x0b,0x01,0x20,0x22,0x98,0x88,
  0xb9,0x8a,0x82,0x01,0x32,0x18,0x12,0x01,0x0d,0x08,0x08,0xff,0xff,0x44,0x00,0x23,0xdb,0x0a,0x98,0x0a,0x22,0xa0,0x10,0xa1,0x0c,0x11,0xa8,0x30,0xa1,0x9b,0x23,0xb9,
  0x60,0x82,0x98,0x32,0xff,0xaf,0x57,0x88,0x00,0xb8,0x0b,0x02,0xb8,0x31,0x91,0xab,0x33,0xba,0x3a,0x04,0xba,0x32,0xb0,0x0c,0x04,0xb8,0x40,0x82,0xda,0xff,0x4f,0x14,
  0x89,0x80,0xb8,0x1b,0x21,0x98,0x00,0x92,0xab,0x21,0xa2,0x0a,0x13,0xb9,0x39,0x04,0xa9,0x21,0xa2,0x8b,0xf3,0xff,0x2f,0x27,0x98,0x08,0xa9,0x0b,0x41,0x90,0x88,0x10,
  0xaa,0x28,0x11,0x9a,0x28,0x91,0x9b,0x23,0xa8,0x09,0x12,0xa9,0xdb,0xff,0x0f,0x77,0x98,0x88,0xa0,0x8a,0x31,0x91,0x99,0x21,0xaa,0x1a,0x14,0xa9,0x39,0x81,0xaa,0x30,
  0x82,0xac,0x21,0x80,0xff,0x9f,0x57,0x90,0x09,0x90,0xab,0x20,0x04,0xa9,0x20,0x90,0xab,0x42,0x80,0x8b,0x22,0xc1,0x1b,0x14,0xc8,0x08,0xfa,0x9f,0x75,0x80,0x99,0x00,
  0xbb,0x29,0x15,0xa8,0x18,0x81,0xca,0x21,0x82,0x9b,0x32,0xb1,0x0d,0x31,0xc0,0x09,0xff,0x29,0x37,0x98,0x89,0x90,0x9b,0x50,0x82,0x8a,0x20,0xb8,0x0a,0x23,0xa9,0x1a,
  0x84,0xaa,0x30,0x93,0xbb,0xff,0x3f,0x17,0x98,0x89,0xa0,0x0b,0x41,0x81,0x8a,0x10,0xb9,0x28,0x14,0xaa,0x28,0x91,0x8b,0x32,0xb1,0x0b,0xff,0x3f,0x17,0x98,0x89,0x90,
  0x0b,0x33,0xb1,0x0b,0x02,0xd9,0x30,0x01,0xbb,0x22,0xa0,0x2c,0x13,0xb9,0xf9,0xef,0x73,0x82,0x8b,0x00,0xb9,0x48,0x02,0xba,0x30,0xa0,0x0b,0x25,0xaa,0x29,0x02,0x9c,
  0x32,0xb0,0x9b,0xff,0x79,0x04,0x9a,0x00,0xa8,0x2a,0x05,0xb9,0x38,0x90,0x8a,0x43,0xc9,0x18,0x02,0xab,0x32,0xb1,0x1d,0xfd,0x49,0x26,0xa9,0x18,0x98,0x8a,0x15,0xa9,
  0x08,0x93,0x8b,0x22,0xc1,0x2a,0x01,0xc9,0x31,0xa0,0x8a,0xf0,0xaf,0x37,0xa1,0x19,0xb1,0x8b,0x51,0xa8,0x18,0x00,0xaa,0x22,0x98,0x09,0x11,0x8b,0x10,0x80,0x1b,0xf2,
  0xff,0x70,0x01,0x09,0x91,0x8b,0x00,0x91,0x2a,0x81,0x89,0x18,0xb1,0x00,0x18,0xa8,0x10,0x99,0x91,0x80,0xff,0x2f,0x17,0x80,0x12,0xbc,0x08,0x80,0x0a,0x02,0x89,0x88,
  0x82,0x1b,0x81,0x80,0x1a,0xa2,0x09,0x09,0xf1,0xff,0x3f,0x15,0x80,0x01,0xcb,0x88,0x00,0x88,0x21,0x88,0x89,0x01,0x9a,0x11,0x00,0x99,0x02,0x8a,0x89,0xc0,0xff,0x1f,
  0x27,0x80,0x01,0xda,0x89,0x00,0x88,0x31,0x80,0x99,0x18,0xb9,0x10,0x21,0x89,0x02,0x99,0x98,0x90,0xff,0x8f,0x27,0x01,0x11,0xcb,0x9a,0x08,0x98,0x32,0x00,0x98,0x81,
  0x9b,0x88,0x02,0x08,0x02,0x08,0x98,0xb3,0xff,0x0f,0x27,0x01,0x02,0xcb,0xaa,0x88,0x09,0x21,0x01,0x80,0x91,0x99,0x88,0x91,0x18,0x93,0x01,0x39,0xb9,0xff,0xff,0x33,
  0x13,0x21,0xc0,0xaa,0x8a,0xb9,0x01,0x20,0x00,0x00,0x09,0xa9,0x01,0x1b,0x91,0x83,0x19,0x80,0x50,0xfa,0xff,0x2f,0x33,0x21,0x83,0x99,0xbb,0xda,0x8a,0x9a,0x81,0x21,
  0x21,0x13,0x12,0x29,0x9a,0x98,0x8a,0x99,0x01,0x2a,0xba,0xf8,0xff,0x9f,0x25,0x22,0x13,0x01,0x8a,0xbc,0xdb,0x9b,0x99,0x88,0x01,0x41,0x23,0x33,0x32,0x81,0x90,0xaa,
  0x9f,0xab,0xab,0x8a,0xac,0xff,0x0f,0x23,0x22,0x23,0x14,0x00,0x9a,0xca,0xbb,0xac,0xbb,0xb9,0x08,0x40,0x32,0x44,0x33,0x23,0x01,0xa0,0xaa,0xcc,0xbb,0xca,0x99,0x0a,
  0xff,0x0f,0x52,0x00,0x12,0x23,0x88,0xa9,0xc9,0xca,0xab,0x9b,0xa9,0x08,0x43,0x42,0x34,0x33,0x13,0x80,0xa8,0xdb,0xbc,0xbb,0xb9,0x09,0x38,0x33,0x34,0xff,0x1f,0x53,
  0x08,0x10,0x04,0x98,0x9a,0x99,0xdb,0x8a,0x89,0x88,0x11,0x34,0x13,0x23,0x03,0xa1,0xba,0xac,0xac,0xba,0x09,0x20,0x42,0x25,0x13,0x82,0x80,0xba,0xfb,0xff,0x3f,0x05,
  0x08,0x21,0x90,0xbb,0x09,0xba,0x9c,0x21,0x82,0x20,0x43,0x81,0x09,0x80,0xa9,0xab,0x18,0xa9,0xba,0x43,0x81,0x39,0x20,0xa2,0x83,0x40,0x0c,0xbb,0xf8,0xff,0x7f,0x06,
  0x98,0x10,0xa0,0xac,0x18,0x91,0x9a,0x41,0x01,0xaa,0x22,0x91,0x9c,0x11,0x92,0xaa,0x32,0x91,0xcb,0x12,0x92,0xac,0x33,0x02,0x9b,0x52,0x91,0xa9,0x84,0xa0,0xff,0xff,
  0x73,0x83,0x9b,0x11,0xc8,0x8b,0x32,0xb1,0x8b,0x42,0xa0,0x0d,0x21,0xa1,0x9b,0x43,0xa0,0x8b,0x32,0xa2,0x0d,0x32,0xb1,0x8c,0x42,0xa8,0x8c,0x22,0xa0,0x8b,0x32,0xb8,
  0xff,0xaf,0x77,0xa0,0x09,0x01,0xa9,0x19,0x13,0xc9,0x19,0x12,0xb9,0x2a,0x14,0xba,0x3a,0x04,0xb9,0x49,0x11,0xba,0x20,0x03,0xac,0x30,0x92,0xbb,0x41,0x81,0xbc,0x21,
  0x91,0x8a,0xf8,0xff,0x79,0x07,0xaa,0x11,0x90,0x8a,0x31,0xa8,0x8b,0x13,0xb0,0x1b,0x33,0xd9,0x19,0x13,0xba,0x29,0x04,0xba,0x30,0x81,0xca,0x21,0x03,0x0c,0x18,0xb1,
  0x09,0x43,0x80,0x9a,0x15,0xff,0x9f,0x77,0xb0,0x09,0x02,0xa9,0x28,0x81,0xab,0x21,0x92,0x9c,0x12,0x91,0x0b,0x22,0xb0,0x0a,0x23,0xc9,0x29,0x01,0x9c,0x39,0x83,0x91,
  0x82,0x02,0xb8,0xb3,0xb4,0x48,0x8b,0x80,0xff,0xff,0x77,0xb2,0x8c,0x10,0x80,0x08,0x01,0xba,0x20,0x02,0xaa,0x10,0x90,0x8a,0x32,0xa0,0x9c,0x12,0x98,0x19,0x83,0xb0,
  0x19,0x82,0xb0,0x80,0x84,0x0b,0x48,0x80,0x80,0x50,0x8b,0xff,0xff,0x7a,0x17,0xaa,0x18,0x90,0x19,0x02,0xb8,0x09,0x02,0xa9,0x28,0x91,0xba,0x20,0x91,0x8b,0x23,0x00,
  0x39,0x43,0xb8,0x08,0x22,0x80,0x80,0xd0,0x0b,0x03,0x40,0xd0,0x80,0x80,0xfc,0xff,0x2f,0x47,0xa9,0x08,0x91,0x9a,0x11,0x91,0x8a,0x01,0xa1,0x09,0x21,0xa8,0x19,0x11,
  0x99,0x1a,0x01,0xca,0x89,0x20,0xa8,0x86,0x02,0x8a,0x20,0x24,0x03,0x48,0x08,0x80,0xf8,0xa0,0x08,0xff,0xff,0x72,0x81,0x09,0x11,0xa9,0x8a,0x00,0xa9,0x88,0x82,0xa8,
  0x28,0x02,0x91,0x12,0x18,0x80,0x80,0x80,0x0b,0x08,0xc8,0x80,0x80,0x3d,0x0c,0xc8,0xcb,0x6a,0x40,0x08,0xd2,0x80,0x08,0xf0,0xff,0x7b,0x03,0x88,0x21,0x91,0x9a,0x09,
  0xa9,0xab,0x88,0x90,0x89,0x42,0x81,0x00,0x13,0x28,0xac,0x80,0x3a,0x08,0x3b,0x04,0x08,0x58,0x08,0xb4,0xf8,0xa8,0x2a,0x03,0xc3,0x80,0x70,0x29,0xff,0x0f,0x22,0x00,
  0x28,0x03,0x91,0x18,0x00,0xa9,0xa9,0xa9,0x9f,0x9a,0x08,0x91,0x01,0x88,0xb3,0x83,0x03,0x78,0x2b,0x80,0xb0,0x08,0x3d,0x08,0x08,0x80,0x08,0xbf,0x3c,0x17,0x10,0x80,
  0xfd,0x9a,0x43,0x02,0x88,0x12,0x93,0x80,0x52,0x82,0xc8,0x98,0x2a,0x0e,0x0a,0xaa,0x8a,0xbb,0x80,0xd0,0x08,0x58,0x48,0x08,0x83,0xd0,0xbe,0x2a,0x17,0x12,0x38,0x30,
  0x80,0xa2,0xb8,0x8b,0xbf,0xaa,0xa8,0x83,0x3c,0x04,0x08,0x53,0x33,0x84,0xcb,0xb0,0x08,0x08,0xe8,0x03,0x58,0x8b,0x80,0xd0,0xf8,0x89,0x1c,0x20,0xb2,0xb3,0x03,0x58,
  0x86,0x00,0x22,0x38,0x80,0x80,0xe0,0x3b,0xcb,0xb8,0xb4,0x0c,0x88,0x8b,0xd8,0xc0,0x0c,0x33,0xc8,0x84,0x30,0x78,0x20,0x85,0x84,0x10,0x08,0xb0,0xb0,0xb8,0xaf,0xaa,
  0xa2,0xb8,0x08,0x0d,0x08,0x34,0x27,0x28,0x38,0xb8,0xb4,0xbb,0x0c,0x08,0x07,0x20,0x3b,0x0b,0xc3,0x80,0x80,0x0f,0xb0,0xb3,0x80,0x3c,0xbc,0xf0,0x00,0x00,0xff,0xff,
  0xf8,0x06,0xa1,0x00,0x08,0x1f,0x10,0x0c,0x2a,0x8a,0xb3,0xc3,0x80,0x40,0xc3,0x80,0xb4,0x73,0xc0,0x80,0x82,0x02,0xbb,0x00,0xc3,0xb4,0x8f,0xa0,0x97,0x80,0x28,0x3b,
  0x89,0x02,0x23,0x84,0x30,0x03,0x97,0xd0,0x8b,0x08,0x9d,0x9e,0x10,0x38,0xb3,0x8a,0x45,0x19,0x08,0x08,0x02,0x3b,0xaf,0xa0,0x38,0x6e,0xb0,0x12,0x81,0x93,0x8c,0x09,
  0x88,0x83,0x80,0xaf,0x14,0x96,0x8a,0x9c,0x19,0x13,0x80,0xa0,0x7d,0x21,0x01,0xba,0x09,0x08,0x82,0xa8,0xff,0x21,0x11,0xb8,0xaa,0x19,0x23,0x01,0xa2,0x9f,0x47,0x02,
  0xc8,0xa9,0x20,0x11,0xa8,0xf9,0x3c,0x32,0x80,0xbc,0x9a,0x22,0x11,0x9a,0xff,0x33,0x24,0xa8,0xbb,0x29,0x22,0x92,0xfa,0x1f,0x32,0x83,0xda,0x99,0x21,0x11,0xaa,0xcf,
  0x33,0x15,0xb9,0x9b,0x30,0x13,0xe0,0x0f,0x32,0x12,0xcb,0x9a,0x30,0x13,0xf8,0x1e,0x22,0x83,0xcb,0x0a,0x43,0x81,0xfb,0x3a,0x43,0xb1,0xbc,0x18,0x25,0x90,0xcd,0x58,
  0x12,0xc0,0x9a,0x21,0x04,0xa9,0xad,0x62,0x11,0xca,0x09,0x41,0x91,0xba,0x0c,0x36,0x80,0xcc,0x10,0x23,0xb8,0xbb,0x38,0x37,0xa8,0x9e,0x31,0x12,0xcb,0x8a,0x71,0x82,
  0xca,0x19,0x23,0xb1,0xad,0x69,0x03,0xc8,0x8b,0x43,0x81,0xbc,0x69,0x12,0xc9,0x0a,0x32,0xa2,0xbd,0x51,0x12,0xcb,0x1a,0x24,0xb0,0x9d,0x33,0x93,0xbd,0x38,0x24,0xca,
  0x1c,0x24,0xb0,0x9c,0x41,0x02,0xbc,0x49,0x13,0xd9,0x8a,0x24,0xa1,0xac,0x52,0x81,0xad,0x58,0x02,0xcb,0x19,0x17,0xc9,0x0a,0x24,0xa9,0xaa,0x45,0xb0,0x9b,0x52,0xb1,
  0xba,0x54,0xa0,0x9b,0x42,0xb0,0xba,0x55,0xa8,0x0b,0x32,0xd0,0x89,0x63,0xa9,0x89,0x22,0xc8,0x88,0x63,0xb9,0x88,0x22,0xc8,0x98,0x73,0x99,0x89,0x21,0xb8,0xb8,0x73,
  0xb1,0xa8,0x41,0xa8,0xb9,0x72,0x91,0xb9,0x58,0x90,0xc8,0x70,0x80,0xb8,0x28,0x81,0xd8,0x50,0x80,0xb8,0x39,0x00,0xe0,0x50,0x08,0xb8,0x39,0x00,0xe0,0x50,0x08,0xc8,
  0x28,0x08,0xd1,0x31,0x08,0xd8,0x10,0x08,0xe1,0x31,0x29,0xe8,0x10,0x19,0xd1,0x32,0x2a,0xe9,0x10,0x29,0xd0,0x23,0x2a,0xda,0x01,0x39,0xf0,0x13,0x19,0xc9,0x82,0x39,
  0xe8,0x04,0x29,0xaa,0x92,0x4a,0xb9,0x07,0x29,0xaa,0x91,0x59,0xa9,0x86,0x18,0xaa,0xa2,0x58,0x99,0x84,0x18,0x9b,0xa1,0x68,0xa9,0x85,0x28,0x9b,0x90,0x58,0x9a,0x85,
  0x28,0x9b,0xa0,0x68,0x9a,0x05,0x18,0xaa,0xa0,0x40,0x9a,0x87,0x10,0xaa,0xb0,0x50,0x99,0x85,0x10,0xba,0xb0,0x58,0x89,0x86,0x10,0xaa,0xc0,0x30,0x99,0x07,0x10,0xaa,
  0xc8,0x10,0x98,0x07,0x11,0xba,0xc8,0x10,0x88,0x17,0x10,0xbb,0xc8,0x20,0x88,0x17,0x00,0xbb,0xa8,0x30,0xb0,0x37,0x08,0xcb,0xa8,0x41,0xb8,0x17,0x80,0xba,0x98,0x40,
  0xb8,0x27,0x08,0xbb,0x98,0x30,0xc8,0x27,0x80,0xbb,0xa8,0x21,0xb0,0x37,0x81,0xbc,0x99,0x30,0xb0,0x57,0x80,0xab,0x99,0x20,0xa0,0x47,0x80,0xac,0x98,0x00,0x80,0x37,
  0x90,0xac,0x99,0x20,0x81,0x27,0x90,0xbc,0x80,0x11,0x91,0x26,0x98,0xad,0x80,0x21,0xb0,0x26,0x90,0xac,0x80,0x20,0xc8,0x36,0x98,0xbb,0x00,0x39,0xe1,0x45,0x98,0xab,
  0x00,0x28,0xd1,0x35,0xa9,0xba,0x11,0x39,0xf0,0x53,0x98,0xaa,0x00,0x18,0xe1,0x63,0x98,0x9a,0x00,0x08,0xc1,0x54,0xa0,0x9b,0x00,0x18,0xe2,0x53,0xa8,0x9a,0x00,0x18,
  0xe1,0x63,0xa8,0x99,0x00,0x00,0xc0,0x54,0xa0,0xaa,0x00,0x08,0xc1,0x64,0xa0,0x9a,0x08,0x00,0xb0,0x65,0xa0,0x9a,0x19,0x18,0xb0,0x56,0xb0,0x8a,0x09,0x00,0xb0,0x66,
  0xa0,0x9a,0x08,0x08,0xa0,0x65,0xa0,0x9a,0x88,0x00,0xa0,0x56,0xa0,0x9a,0x09,0x08,0xa0,0x56,0xa1,0x9a,0x89,0x08,0x90,0x47,0x90,0x9b,0x8a,0x00,0x81,0x56,0xa0,0xaa,
  0x0a,0x20,0x91,0x65,0xb0,0x9a,0x09,0x11,0xa1,0x64,0xa8,0xaa,0x08,0x11,0xd1,0x63,0xa8,0x99,0x08,0x10,0xc0,0x54,0xa0,0x9a,0x89,0x20,0xd1,0x44,0xa0,0xb9,0x0a,0x11,
  0xd2,0x54,0xa8,0xa9,0x09,0x21,0xd1,0x34,0xa8,0xb9,0x09,0x21,0xf1,0x43,0x98,0xb9,0x89,0x20,0xf2,0x63,0x98,0xa8,0x0a,0x10,0xd2,0x44,0xa8,0xa9,0x89,0x21,0xd1,0x44,
  0xa0,0xaa,0x89,0x21,0xe1,0x63,0xa0,0xa9,0x09,0x10,0xc1,0x54,0xa0,0xb9,0x09,0x20,0xd1,0x44,0xa1,0xbb,0x09,0x21,0xd1,0x54,0xa0,0xaa,0x09,0x11,0xc0,0x64,0x90,0xaa,
  0x09,0x10,0xc0,0x54,0xa2,0xbb,0x89,0x11,0xc1,0x74,0x91,0xba,0x89,0x11,0xb1,0x55,0x91,0xcb,0x09,0x11,0xa0,0x54,0x91,0xcb,0x09,0x20,0xb1,0x54,0xa2,0xdb,0x09,0x11,
  0xa0,0x73,0x91,0xca,0x09,0x11,0xa0,0x44,0x92,0xbc,0x0a,0x11,0xb1,0x55,0x81,0xcb,0x8a,0x21,0xa0,0x64,0x81,0xcb,0x8a,0x21,0xa1,0x54,0x81,0xcb,0x8b,0x21,0x91,0x54,
  0x92,0xdb,0x9a,0x21,0x91,0x44,0x82,0xeb,0x9a,0x11,0x92,0x63,0x92,0xcb,0x8b,0x21,0xa2,0x64,0x91,0xcb,0x0a,0x22,0xa0,0x72,0x91,0xbb,0x09,0x22,0xc8,0x72,0x92,0xbb,
  0x09,0x21,0xc8,0x72,0x93,0xac,0x09,0x11,0xa8,0x72,0xa3,0xac,0x08,0x11,0xa8,0x73,0x92,0xad,0x10,0x00,0xa8,0x72,0x91,0xab,0x28,0x90,0xa9,0x74,0x92,0xbb,0x00,0x88,
  0x89,0x75,0x81,0xab,0x09,0x90,0x88,0x65,0x81,0xbb,0x09,0x80,0x08,0x55,0x81,0xbc,0x88,0x00,0x00,0x73,0x91,0xcb,0x08,0x00,0x80,0x44,0x92,0xbd,0x08,0x01,0x90,0x44,
  0x91,0xbc,0x19,0x11,0xa9,0x45,0x93,0xbd,0x08,0x01,0xa8,0x54,0x83,0xcc,0x09,0x01,0xa8,0x73,0x82,0xbb,0x0a,0x01,0xa8,0x64,0x83,0xbc,0x0a,0x01,0x90,0x73,0x02,0xdb,
  0x0a,0x01,0x90,0x62,0x02,0xdb,0x0a,0x11,0x98,0x61,0x83,0xdb,0x0a,0x12,0xa8,0x51,0x04,0xdb,0x09,0x21,0xa9,0x50,0x04,0xda,0x0a,0x12,0xa8,0x58,0x04,0xca,0x0a,0x22,
  0xb8,0x58,0x14,0xda,0x8a,0x22,0xa8,0x48,0x14,0xea,0x0a,0x22,0xa8,0x28,0x16,0xd9,0x8a,0x32,0xb8,0x28,0x17,0xc8,0x8b,0x22,0xb0,0x29,0x27,0xc8,0x8b,0x21,0xb1,0x29,
  0x26,0xc8,0x9c,0x31,0xa1,0x19,0x26,0xc8,0xab,0x41,0x91,0x1a,0x34,0xd8,0x9c,0x31,0x91,0x09,0x24,0xd0,0xab,0x51,0x91,0x0a,0x33,0xd0,0x9c,0x31,0x92,0x0b,0x53,0xb0,
  0xad,0x40,0x92,0x8a,0x43,0xb1,0xae,0x30,0x83,0x9b,0x52,0xb2,0xbd,0x40,0x83,0xaa,0x50,0x81,0xbc,0x28,0x15,0xca,0x28,0x15,0xc9,0x0b,0x42,0x91,0x9d,0x41,0x02,0xbc,
  0x19,0x34,0xd8,0x8a,0x34,0x90,0xbc,0x30,0x13,0xea,0x19,0x34,0xb8,0x9c,0x31,0x02,0xad,0x48,0x13,0xca,0x8a,0x32,0xa2,0x9d,0x51,0x02,0xcb,0x09,0x32,0xa0,0xad,0x52,
  0x03,0xcb,0x0a,0x22,0x81,0xdb,0x29,0x36,0xa0,0xac,0x28,0x12,0x90,0xbc,0x38,0x27,0x90,0xac,0x18,0x13,0x90,0xca,0x1a,0x64,0x81,0xbb,0x1a,0x22,0x81,0x9a,0xd9,0x19,
  0x47,0x91,0xac,0x18,0x13,0x88,0x99,0x88,0xb9,0x60,0x24,0xc8,0x9c,0x21,0x01,0x99,0x08,0x88,0xbb,0x74,0x14,0xca,0x89,0x22,0x80,0x89,0x89,0x98,0xaa,0x73,0x15,0xd9,
  0x8a,0x22,0x81,0x89,0x98,0x88,0x00,0xdb,0x63,0x14,0xca,0x1b,0x22,0x90,0x88,0x08,0x8a,0x11,0xd1,0x0e,0x73,0x91,0xbb,0x10,0x02,0x99,0x80,0x80,0x29,0x40,0x90,0xbe,
  0x55,0x03,0xbc,0x1a,0x13,0x08,0x89,0x98,0xa8,0x10,0x10,0xed,0x59,0x15,0xa9,0x8c,0x21,0x90,0x98,0x01,0x88,0x08,0x04,0xb0,0x0f,0x44,0xb1,0xba,0x30,0x11,0x98,0x01,
  0x98,0x9c,0x2a,0x82,0xef,0x51,0x02,0xbb,0x29,0x22,0x99,0x39,0x83,0xa9,0x2a,0x30,0x08,0xb4,0x88,0x00,0xe8,0x08,0xc8,0x80,0x8c,0x80,0xbd,0xc0,0x78,0x29,0x28,0x02,
  0x3b,0x3b,0x4c,0x83,0x84,0x3b,0x8b,0xb5,0xc3,0x80,0x80,0x80,0xb6,0xb4,0x08,0x3c,0xc0,0x08,0x58,0x3b,0x80,0xc8,0xb4,0xbc,0x3b,0x40,0xb4,0x80,0x0c,0x48,0xb3,0x84,
  0x84,0x30,0x80,0x80,0x80,0x3f,0x8b,0x80,0xf0,0x80,0x4b,0xb8,0xb3,0x08,0x68,0x8b,0xb4,0x84,0x4b,0x08,0x08,0xc4,0x0b,0x8b,0x58,0x03,0x40,0x08,0x3c,0x04,0xc3,0x80,
  0x80,0x0d,0x08,0x04,0x48,0x8b,0xd0,0xf8,0x98,0x2a,0x2a,0x03,0x03,0x04,0x08,0xbd,0xc8,0x30,0x04,0x3c,0x03,0x08,0x04,0x0d,0xf8,0x01,0xb2,0x30,0x88,0x00,0x08,0x88,
  0xf0,0xb8,0x3c,0xb4,0x08,0x3c,0x0c,0x87,0x12,0x80,0x80,0xb3,0x80,0xd0,0x8b,0xbc,0x03,0x04,0x8c,0x80,0x85,0x84,0x30,0x8f,0x80,0x02,0x38,0x3b,0x0c,0xc8,0x0b,0x8c,
  0x40,0x08,0x84,0x40,0x48,0x0b,0xbc,0x43,0x0b,0x3c,0xb8,0x84,0x84,0x4b,0x38,0xc0,0xc0,0x30,0xc8,0xb3,0x84,0x84,0x0b,0xbc,0xc8,0xb3,0x08,0x68,0x33,0xc3,0x84,0x0b,
  0x08,0xd8,0x80,0x80,0x3d,0x4b,0x03,0x84,0x80,0x80,0xe0,0xf8,0x08,0x28,0x0a,0xc3,0x83,0x30,0x4c,0x0b,0xc3,0x30,0x3c,0x8b,0xd0,0x03,0x3c,0x08,0xc8,0x84,0xc0,0x0b,
  0x08,0x08,0x05,0x78,0x21,0xa8,0x02,0x03,0x80,0x08,0xf8,0xc0,0x08,0x0c,0x8b,0x80,0x05,0x88,0x00,0xc5,0x03,0x08,0x08,0xe8,0xb3,0x08,0x08,0x08,0xcf,0xb0,0x43,0x48,
  0x08,0xc3,0x03,0x08,0x88,0x00,0xf8,0x03,0x3d,0x0b,0x88,0x50,0x8b,0x80,0x80,0x80,0x80,0x80,0x80,0x80,0x70,0x7b,0x8b,0xb5,0xc0,0x08,0x8c,0x84,0x07,0x81,0x20,0x8a,
  0xb3,0xf3,0xa8,0x0a,0x38,0x80,0x04,0x08,0xd8,0x8b,0x04,0x08,0x04,0x08,0xf8,0x89,0x48,0x38,0xc0,0x83,0x80,0xbc,0xc8,0x08,0x07,0x3a,0x38,0x03,0x08,0x08,0x08,0x8f,
  0x80,0xd0,0x08,0xc8,0xac,0x83,0x04,0x6c,0x19,0x80,0x83,0x30,0x0c,0xb8,0xc8,0x48,0x30,0x0c,0x08,0x08,0x68,0x30,0x80,0xb5,0x08,0x3d,0x8b,0xc0,0xc3,0x80,0x0c,0x08,
  0x08,0x08,0x08,0x08,0x08,0xb7,0x8e,0x4b,0x83,0x07,0x80,0x3a,0x08,0x03,0xb4,0x84,0x4b,0x0c,0xb8,0xb4,0x08,0x0c,0xc8,0xf0,0x88,0x29,0x68,0x01,0x01,0x28,0x3a,0xb8,
  0xc8,0x0c,0x48,0x08,0x03,0x04,0x08,0x08,0xf8,0x80,0x80,0x3c,0x0c,0xc8,0xb4,0x30,0x0c,0xac,0xb8,0x40,0x33,0x34,0x00,0x08,0x3e,0x3b,0x80,0x80,0x60,0x40,0x08,0xb4,
  0xc3,0x80,0x0c,0xc8,0xc0,0xc0,0x8d,0x9a,0x82,0x06,0x21,0x0a,0x08,0xb8,0x27,0x08,0x20,0xb3,0xc3,0x03,0x80,0xd8,0xb4,0xb8,0x3c,0x0c,0xb8,0xb4,0x08,0x3d,0x08,0x08,
  0x08,0x8e,0xcb,0x03,0x07,0x10,0x60,0x08,0x98,0x82,0x38,0x4b,0x08,0xc8,0x0b,0x48,0xcb,0xb3,0x03,0x08,0x3e,0xc0,0xb8,0x8c,0x4b,0x48,0xc3,0xb3,0x8b,0x80,0x05,0x07,
  0x01,0x28,0xba,0x80,0x80,0x80,0x0e,0xc8,0xb3,0x34,0x08,0x08,0xe8,0x80,0x80,0x50,0x80,0xd0,0xc3,0x80,0x80,0x85,0x84,0x80,0x80,0x8c,0x80,0x80,0x0e,0x8c,0xc0,0x03,
  0x0c,0x0c,0xbb,0x43,0x43,0x80,0x30,0x00,0x85,0x40,0x80,0x80,0x86,0x84,0x0b,0x0c,0x08,0xc8,0x48,0x0b,0x08,0xd8,0x08,0x3d,0x8b,0xd0,0xf0,0x28,0x28,0x20,0x83,0x48,
  0x80,0x3c,0x80,0x80,0x80,0x60,0x8b,0xd0,0xc3,0x30,0x8b,0xb4,0x08,0x08,0x08,0x08,0xf8,0x03,0x3e,0x08,0x08,0x08,0xe8,0x0c,0x48,0x83,0x84,0x30,0x4c,0xb8,0xb3,0xb4,
  0x08,0x9f,0x80,0x83,0x30,0xdb,0x80,0xc0,0x83,0x70,0x00,0x80,0x83,0x40,0x8b,0x80,0xb5,0x0c,0x08,0x08,0xd8,0x08,0xbd,0x0b,0x8c,0xb4,0x03,0x74,0x28,0x01,0x82,0x30,
  0xac,0xb8,0xc0,0x08,0x3c,0x3c,0x03,0xb4,0x03,0x3d,0x8b,0xe4,0xa8,0x29,0x08,0xc3,0xb3,0x0c,0x78,0x80,0x02,0x0b,0x0b,0x08,0x44,0x83,0x08,0x80,0x08,0xf0,0xb8,0x0d,
  0x3b,0x80,0x97,0x02,0x08,0x08,0xd0,0x83,0x4b,0xcb,0xbb,0x84,0x43,0x48,0x3b,0x80,0x80,0xe0,0x0b,0x08,0xc4,0x33,0x4b,0x8b,0x80,0x05,0x08,0x58,0xb8,0xc8,0x80,0x58,
  0x80,0xd0,0x80,0x40,0x48,0x08,0xc8,0xc0,0x0b,0x0c,0x03,0x07,0x08,0x08,0xc0,0x83,0xc0,0x80,0x80,0xd0,0xcb,0x33,0x30,0x00,0xe8,0x48,0x30,0x0c,0x83,0x04,0x08,0x08,
  0x08,0xf8,0x08,0x08,0x8d,0xc0,0xb3,0x08,0x8d,0x8b,0x85,0x80,0x3c,0x00,0x07,0x02,0x02,0x70,0x80,0xb0,0xb3,0x80,0x8b,0xd0,0x08,0x8c,0x80,0x8c,0x00,0xd8,0x48,0x8b,
  0xf0,0xa1,0x38,0x78,0x21,0x01,0x82,0x80,0x8b,0x0c,0xc8,0x30,0x8b,0x85,0xb4,0x80,0x3c,0x40,0x08,0xc8,0x0c,0x8b,0x80,0x05,0xc3,0x80,0x0c,0x8c,0x24,0x80,0x40,0x08,
  0x08,0xb5,0x08,0x1f,0x88,0xb0,0x07,0x2a,0x08,0x08,0x08,0x08,0x08,0xe8,0xb3,0xc4,0x80,0x80,0x80,0xd0,0x08,0x1f,0x08,0xb2,0xb3,0x58,0x48,0x02,0xc3,0x03,0x48,0x80,
  0xb4,0xc8,0x4b,0x3b,0xd0,0xb3,0x80,0x0c,0x8f,0x9a,0xb2,0x60,0x28,0x80,0x02,0x83,0x4b,0x8b,0x84,0x84,0x40,0x08,0xc8,0xc0,0x83,0x8b,0x0c,0xc8,0xc3,0x80,0x80,0x80,
  0xf0,0x83,0x80,0x80,0x80,0x07,0x88,0x40,0xc0,0xb3,0xc8,0x6c,0x80,0x80,0x80,0x80,0x30,0x50,0xb3,0x08,0x3d,0x48,0x80,0xb4,0x3b,0x0c,0xcc,0x80,0xc0,0x4b,0x3b,0x8b,
  0x80,0x50,0x4b,0x08,0xc8,0x0c,0x33,0x40,0x84,0xb4,0x83,0x00,0xbd,0xc0,0x06,0x28,0x2a,0x8a,0xb3,0x58,0xae,0x29,0x08,0x08,0x48,0x08,0x08,0x04,0x88,0x50,0x8b,0x80,
  0x80,0x0f,0x8f,0xa0,0x02,0x22,0x30,0x80,0x85,0xc0,0x30,0x0c,0xcb,0xb8,0x84,0x4b,0x08,0x03,0x17,0x08,0x8b,0xc0,0xb3,0x80,0x3c,0x40,0xc0,0x83,0x04,0x08,0xd8,0xc0,
  0x0b,0x0c,0x8b,0x34,0xb4,0x48,0x3b,0x40,0x03,0x08,0x88,0x00,0xf8,0xc3,0x3b,0x4c,0x0b,0xc8,0x80,0x80,0x80,0x00,0x88,0x00,0x78,0x8b,0x87,0x80,0x40,0x8b,0xb4,0xf3,
  0x08,0x0b,0x20,0x80,0x04,0x48,0x30,0x04,0xc3,0x80,0x0c,0x08,0x04,0x08,0x3d,0x1f,0x89,0xa8,0xb0,0x3b,0x0c,0x08,0x08,0x0e,0x0c,0x33,0x03,0x44,0x3b,0x80,0xd0,0xb8,
  0x58,0x48,0x02,0xc3,0x03,0x3c,0x8b,0xd0,0x80,0x80,0x8c,0xd0,0xb3,0x08,0x9f,0x0a,0x08,0x87,0x14,0x08,0x98,0x82,0x83,0x48,0x80,0x80,0xc8,0x08,0x08,0xbe,0xf8,0xa8,
  0x80,0x3b,0x80,0x04,0x73,0x20,0x02,0x08,0xb8,0x8c,0x80,0x80,0x86,0x80,0xbc,0x8b,0xc8,0xc4,0x30,0x3b,0x04,0x07,0x88,0x20,0x8a,0xc0,0xb3,0xc8,0x0f,0x98,0x01,0x32,
  0x38,0x80,0x00,0x88,0x00,0x3f,0xc8,0xb3,0xd8,0x1f,0x89,0x80,0x83,0x30,0x24,0x84,0x96,0x01,0x2a,0x8a,0xc0,0x80,0x3b,0x0c,0xaf,0xa8,0x02,0x78,0x89,0xa9,0x82,0x03,
  0x3c,0x08,0x03,0x44,0x48,0x08,0xc3,0xb0,0x8c,0x4b,0x08,0xb3,0x08,0x88,0x00,0xf8,0x09,0x80,0xaf,0xbb,0x08,0x44,0x33,0x48,0x80,0xd0,0x80,0x40,0xb8,0x84,0xb4,0x3b,
  0x3c,0x80,0x85,0x80,0x4b,0x0c,0x08,0xc8,0xbc,0x4b,0x08,0x08,0x08,0x3d,0x34,0x04,0x33,0x80,0x0d,0xbc,0xb3,0x80,0x3d,0x80,0x50,0x83,0x40,0x8b,0x80,0xe0,0x08,0x08,
  0xbd,0xbc,0x80,0x40,0x40,0x08,0x97,0x08,0x8a,0x0b,0x08,0x04,0x58,0x38,0x00,0xc4,0x03,0x48,0x80,0xb4,0xc8,0x80,0x0c,0x0c,0xb8,0x08,0x88,0xaf,0xbb,0xb4,0x73,0x30,
  0x20,0xa2,0x83,0x80,0x80,0xe8,0xb3,0x08,0x9f,0xa8,0x48,0x02,0x3b,0x0c,0x43,0x80,0x40,0x48,0xc0,0xb0,0xc8,0x3b,0x40,0x8b,0x85,0x80,0x0c,0x0c,0x08,0x03,0x80,0x3e,
  0x80,0x85,0x03,0x08,0xbd,0xc8,0x84,0x30,0x08,0xd8,0xb3,0x08,0x08,0xbe,0xc8,0x03,0x08,0x35,0x40,0x08,0x58,0x08,0xc8,0xb3,0xc8,0x0c,0x3b,0x04,0xc3,0x03,0x3c,0x80,
  0xd0,0x03,0x3c,0x0c,0xac,0xb8,0x80,0x50,0x08,0x34,0x07,0x01,0x38,0x0b,0xc8,0x0b,0x80,0x8c,0xb4,0x03,0x80,0x80,0xbf,0xc0,0x03,0x48,0x08,0xb4,0xc3,0x03,0xbc,0x0c,
  0x83,0x04,0x48,0x80,0xbc,0xb4,0x08,0x34,0x8b,0x08,0x05,0x08,0x68,0x08,0x08,0x08,0x8d,0xbc,0x84,0xb3,0x84,0x8f,0x89,0x80,0x33,0x0c,0x08,0x08,0x44,0x48,0x38,0x80,
  0xd0,0x80,0x80,0x8c,0xd0,0xf0,0x08,0x08,0xa8,0xb3,0x48,0x48,0x08,0x33,0x85,0x30,0x48,0xc0,0xb3,0x08,0x3d,0xcb,0xbb,0x80,0x80,0x8d,0x8b,0x08,0x60,0x80,0x40,0x04,
  0x43,0x03,0x40,0xc8,0xb4,0xbb,0x8b,0x8c,0xd0,0xb3,0x43,0x30,0x80,0x80,0x80,0x00,0xdf,0x0b,0x03,0x03,0x50,0x0c,0xf8,0x91,0x08,0x38,0x08,0x43,0x43,0x3b,0x80,0x80,
  0xe0,0x08,0x0c,0xc8,0xcb,0xc0,0x30,0x48,0x83,0x84,0x80,0x80,0xe0,0xc0,0x80,0x0b,0x58,0x33,0x03,0x08,0x68,0x0b,0x08,0xd8,0x08,0x3d,0xc0,0x08,0x80,0x3c,0x0c,0x08,
  0x0d,0x1f,0x19,0x22,0x02,0x33,0x80,0x08,0xb5,0xb4,0xc8,0x8b,0x80,0x05,0x08,0x08,0x08,0xf8,0xb3,0x88,0xd0,0xbc,0x03,0x34,0x80,0xd0,0x08,0x34,0x30,0x00,0x08,0xb6,
  0x8c,0x8b,0x8c,0xd0,0x03,0x48,0x48,0x83,0x84,0x00,0x8c,0xcb,0xb8,0x88,0x00,0x6f,0x01,0x08,0x82,0x0b,0xcb,0xc0,0x33,0x08,0x8c,0x80,0x50,0x48,0x3b,0x8b,0x80,0x86,
  0x84,0x30,0xc8,0xb3,0xc8,0x80,0xc8,0xf4,0x91,0x08,0x0d,0x0a,0x08,0x32,0x38,0x4b,0x83,0x04,0x78,0x00,0x08,0x08,0x08,0x08,0x0d,0xc8,0xf0,0x2a,0x08,0x0b,0x83,0x84,
  0x80,0x80,0xb5,0x80,0x08,0x80,0x08,0x08,0x80,0x08,0x80,0x08,0xf8,0x8f,0x60,0x3b,0x80,0x35,0x4b,0x8b,0x0c,0x03,0x58,0x8b,0x0c,0xc8,0x80,0x40,0x80,0xb5,0x08,0x08,
  0x08,0x86,0x04,0x88,0x80,0x9f,0x83,0x08,0x80,0x9f,0x80,0x03,0x88,0x00,0x9f,0x82,0x80,0x40,0x30,0x80,0xb5,0xc3,0x80,0x80,0xe0,0xb3,0x08,0x58,0x0b,0x88,0x00,0x0f,
  0x0f,0x81,0xa2,0x02,0x3b,0x30,0x04,0x03,0x08,0x3e,0x80,0xb4,0x08,0x0d,0x08,0xb4,0xc3,0x1f,0x80,0xa0,0x08,0x83,0x84,0x80,0x80,0xf0,0x8c,0x20,0x0b,0xb8,0x07,0x22,
  0x08,0x0b,0xf3,0x4a,0x41,0x91,0xc8,0x89,0x22,0xb0,0xfb,0xa0,0x6b,0x42,0x88,0xc8,0x08,0x11,0xa2,0xca,0xc8,0x59,0x43,0xb1,0xda,0x18,0x43,0x11,0xaa,0xf8,0x4b,0x33,
  0xa1,0xfb,0x99,0x31,0x01,0x99,0xf9,0x4c,0x34,0xa0,0xda,0x08,0x22,0x90,0xa9,0xd9,0x7b,0x43,0xa8,0xcb,0x10,0x33,0x98,0xbb,0xf8,0x7b,0x33,0xb0,0xad,0x28,0x33,0xb8,
  0x9c,0x18,0x0c,0x36,0x01,0xcc,0x09,0x41,0x91,0xaa,0x18,0xf2,0x40,0x12,0xb8,0x9d,0x21,0x03,0xca,0x89,0x02,0x1f,0x14,0x92,0xbc,0x18,0x14,0xa0,0x9c,0x31,0xf2,0x3a,
  0x53,0xc1,0xbb,0x21,0x15,0xb9,0x8a,0x42,0xc1,0x2e,0x22,0xb2,0xad,0x28,0x24,0xb9,0x8b,0x42,0xe0,0x38,0x31,0xc9,0x0c,0x21,0x83,0xbb,0x1a,0x03,0x3f,0x14,0xd0,0x9b,
  0x32,0x22,0xbc,0x0a,0x02,0x7c,0x82,0xc8,0x0b,0x33,0x02,0xad,0x09,0x5b,0x07,0xa8,0x8c,0x31,0x02,0xca,0x9a,0x60,0x85,0xb8,0x0c,0x32,0x11,0xbc,0x99,0x70,0x83,0xd9,
  0x0a,0x33,0x81,0xad,0x89,0x27,0x90,0xac,0x20,0x23,0xc8,0xcb,0x53,0x82,0xca,0x1a,0x33,0x91,0xaf,0x22,0x02,0xba,0x2b,0x52,0xa1,0x8f,0x03,0x81,0xaa,0x28,0x31,0xd9,
  0x5b,0x11,0xb8,0x8a,0x22,0x83,0xfd,0x41,0x00,0xaa,0x19,0x23,0xc1,0xad,0x25,0x91,0xbb,0x48,0x22,0xd9,0x1c,0x15,0xa8,0x9a,0x32,0x01,0xcc,0x7a,0x02,0xba,0x09,0x05,
  0xa0,0x0d,0x24,0xa8,0x8b,0x41,0x80,0x8e,0x23,0xa8,0x9a,0x42,0x90,0x8e,0x05,0xa8,0x89,0x23,0x99,0x0e,0x06,0xa9,0x0a,0x24,0x9a,0x0c,0x07,0xa9,0x1a,0x33,0x9c,0x1c,
  0x07,0xb9,0x2a,0x14,0x9b,0x1b,0x17,0x9a,0x1a,0x04,0x8b,0x1b,0x17,0x9a,0x2a,0x84,0x8b,0x1a,0x07,0x99,0x2b,0x04,0x8a,0x1c,0x87,0x99,0x1b,0x04,0x89,0x0c,0x87,0x98,
  0x0c,0x13,0x09,0x0d,0x85,0x90,0x0c,0x02,0x00,0x0e,0x03,0xa1,0x8c,0x02,0x11,0x0f,0x02,0xa2,0x8c,0x01,0x02,0x1e,0x82,0xa2,0x8c,0x10,0x83,0x1f,0x11,0xa1,0x0c,0x00,
  0x83,0x1e,0x02,0xa1,0x0c,0x08,0x83,0x2e,0x11,0xa1,0x8c,0x08,0x94,0x3c,0x22,0xc2,0x8d,0x18,0x82,0x3c,0x13,0xe1,0x8b,0x10,0x02,0x2d,0x13,0xc8,0x0c,0x01,0x82,0x2e,
  0x84,0xa0,0x0c,0x81,0x01,0x2d,0x05,0x99,0x8b,0x82,0x20,0x1e,0x86,0x98,0x8a,0x81,0x10,0x1c,0x87,0x98,0x0a,0x01,0x00,0x1d,0x86,0x98,0x99,0x01,0x10,0x1c,0x87,0x99,
  0x89,0x01,0x10,0x1c,0x06,0xa9,0x89,0x00,0x10,0x2c,0x07,0xa9,0x89,0x00,0x20,0x1d,0x07,0x9a,0x09,0x00,0x10,0x1d,0x06,0x9a,0x88,0x00,0x10,0x1d,0x87,0x99,0x88,0x18,
  0x10,0x0d,0x87,0x89,0x98,0x10,0x00,0x0b,0x07,0x99,0x98,0x10,0x00,0x0c,0x17,0x9a,0x98,0x10,0x00,0x0d,0x07,0x99,0x98,0x10,0x00,0x0c,0x07,0x99,0x98,0x10,0x00,0x0c,
  0x07,0x99,0x98,0x20,0x19,0x0c,0x07,0x99,0x98,0x20,0x08,0x8c,0x17,0x9a,0x98,0x30,0x09,0x8b,0x37,0xab,0x98,0x30,0x08,0x8d,0x27,0x9b,0x98,0x30,0x89,0x8b,0x47,0x9b,
  0x98,0x21,0x09,0x9b,0x47,0x9b,0x88,0x30,0x0a,0x9b,0x57,0x9b,0x88,0x20,0x89,0x8a,0x37,0xab,0x98,0x21,0x88,0x9b,0x67,0x9a,0x98,0x20,0x09,0x8a,0x37,0x9c,0x88,0x20,
  0x89,0x0a,0x37,0x9c,0x88,0x10,0x88,0x0a,0x37,0x9c,0x88,0x10,0x88,0x0a,0x37,0x9c,0x88,0x10,0x88,0x0a,0x27,0xab,0x88,0x11,0x89,0x0a,0x47,0xab,0x08,0x10,0x89,0x89,
  0x57,0xab,0x80,0x10,0x89,0x09,0x37,0x9c,0x88,0x10,0x89,0x09,0x37,0x9c,0x88,0x10,0x09,0x0a,0x37,0x9c,0x08,0x18,0x89,0x09,0x37,0x9c,0x08,0x18,0x89,0x09,0x37,0x9c,
  0x88,0x10,0x89,0x09,0x37,0x9c,0x08,0x00,0x09,0x0a,0x37,0xac,0x00,0x18,0x09,0x0a,0x37,0xac,0x00,0x10,0x0a,0x0a,0x37,0xac,0x00,0x00,0x09,0x8a,0x37,0xbb,0x18,0x10,
  0x0b,0x0a,0x57,0xab,0x00,0x10,0x1b,0x8a,0x47,0xab,0x08,0x11,0x0b,0x0a,0x37,0xbb,0x18,0x20,0x0c,0x0a,0x37,0x9c,0x08,0x10,0x1b,0x0a,0x37,0xac,0x00,0x01,0x1b,0x0a,
  0x37,0xac,0x00,0x10,0x1b,0x0a,0x37,0xac,0x00,0x10,0x1b,0x0a,0x27,0xab,0x08,0x11,0x1c,0x89,0x27,0x9c,0x00,0x00,0x1a,0x89,0x27,0x9c,0x00,0x00,0x1a,0x89,0x27,0x9c,
  0x80,0x01,0x0a,0x88,0x27,0x9c,0x00,0x00,0x0a,0x88,0x27,0x9c,0x80,0x81,0x09,0x88,0x27,0x9c,0x00,0x00,0x0a,0x08,0x17,0xab,0x00,0x00,0x0a,0x09,0x47,0x9c,0x80,0x81,
  0x09,0x88,0x27,0x9c,0x00,0x00,0x89,0x88,0x27,0x9c,0x80,0x81,0x88,0x88,0x17,0xaa,0x08,0x10,0x89,0x89,0x47,0xab,0x08,0x00,0x09,0x89,0x47,0xab,0x08,0x00,0x09,0x89,
  0x47,0xab,0x08,0x81,0x08,0x89,0x37,0xac,0x80,0x00,0x88,0x88,0x37,0xbb,0x88,0x01,0x09,0x99,0x67,0xaa,0x08,0x00,0x09,0x98,0x27,0xab,0x08,0x00,0x08,0x89,0x47,0xbb,
  0x00,0x10,0x1a,0x8a,0x47,0xbb,0x00,0x00,0x09,0x99,0x47,0xab,0x08,0x01,0x09,0x9a,0x47,0xab,0x08,0x82,0x19,0x8a,0x37,0xac,0x00,0x00,0x08,0x9a,0x47,0xab,0x08,0x01,
  0x09,0x0b,0x37,0xac,0x18,0x81,0x09,0x0a,0x37,0xac,0x08,0x01,0x88,0x09,0x37,0xbc,0x10,0x81,0x09,0x0a,0x37,0xac,0x18,0x00,0x09,0x0a,0x37,0xbc,0x00,0x01,0x09,0x1a,
  0x37,0xbc,0x00,0x01,0x09,0x1b,0x37,0xbc,0x10,0x00,0x09,0x1a,0x37,0xdb,0x18,0x00,0x19,0x0a,0x27,0xbb,0x18,0x81,0x09,0x1b,0x57,0xca,0x00,0x80,0x08,0x09,0x17,0xc9,
  0x18,0x80,0x08,0x09,0x27,0xbb,0x18,0x80,0x09,0x19,0x37,0xda,0x19,0x08,0x08,0x19,0x37,0xcb,0x19,0x00,0x08,0x19,0x27,0xda,0x08,0x81,0x08,0x1a,0x17,0xc9,0x08,0x81,
  0x88,0x19,0x17,0xc9,0x08,0x00,0x88,0x29,0x17,0xc9,0x09,0x81,0x00,0x2a,0x17,0xca,0x08,0x00,0x80,0x19,0x17,0xba,0x09,0x01,0x08,0x1a,0x37,0xda,0x19,0x08,0x08,0x29,
  0x27,0xba,0x0a,0x90,0x18,0x38,0x47,0xca,0x89,0x80,0x01,0x38,0x26,0xdb,0x0a,0x10,0x00,0x28,0x25,0xcc,0x09,0x01,0x00,0x19,0x16,0xd9,0x09,0x01,0x08,0x2a,0x26,0xca,
  0x09,0x18,0x08,0x29,0x27,0xd9,0x89,0x10,0x08,0x18,0x17,0xc9,0x0a,0x10,0x00,0x19,0x16,0xca,0x1a,0x10,0x00,0x19,0x16,0xc9,0x0a,0x01,0x08,0x2a,0x27,0xc9,0x0a,0x00,
  0x08,0x2a,0x37,0xc9,0x0b,0x00,0x08,0x28,0x37,0xc9,0x8b,0x00,0x10,0x29,0x27,0xc9,0x8b,0x10,0x00,0x18,0x27,0xb9,0x8c,0x00,0x00,0x18,0x27,0xc9,0x8a,0x00,0x00,0x29,
  0x36,0xc8,0x9b,0x10,0x08,0x29,0x37,0xc0,0x9b,0x08,0x08,0x28,0x47,0xb8,0x9b,0x88,0x18,0x28,0x47,0xb0,0xab,0x88,0x00,0x20,0x47,0xa8,0xab,0x08,0x08,0x28,0x47,0xa0,
  0x9c,0x88,0x08,0x18,0x46,0xa0,0x9c,0x88,0x00,0x28,0x36,0xb0,0xac,0x88,0x00,0x38,0x37,0xb8,0xac,0x08,0x00,0x28,0x37,0xb8,0xac,0x00,0x00,0x18,0x37,0xb8,0xac,0x10,
  0x00,0x2a,0x37,0xb8,0x9d,0x00,0x81,0x19,0x36,0xb8,0x9d,0x81,0x81,0x19,0x36,0xb8,0xac,0x01,0x81,0x19,0x37,0xc0,0xab,0x01,0x81,0x2a,0x37,0xc8,0x9c,0x11,0x81,0x89,
  0x35,0xb8,0x9e,0x21,0x81,0x9a,0x54,0xa0,0x9c,0x20,0x01,0x9c,0x63,0xa1,0xbb,0x20,0x03,0x9c,0x72,0xa1,0x9c,0x28,0x13,0xcb,0x51,0x81,0xac,0x28,0x23,0xdb,0x40,0x02,
  0xdb,0x19,0x23,0xca,0x30,0x04,0xcb,0x1a,0x33,0xd9,0x38,0x04,0xda,0x89,0x33,0xd1,0x1b,0x25,0xb8,0x8c,0x31,0x93,0xcd,0x50,0x03,0xcb,0x09,0x33,0xb0,0x9e,0x52,0x81,
  0xbb,0x28,0x14,0xc9,0x0b,0x36,0xb0,0xab,0x40,0x12,0xdb,0x29,0x25,0xb9,0x9b,0x42,0x82,0xdb,0x38,0x15,0xc9,0x0a,0x31,0x81,0xdb,0x28,0x16,0xb9,0x8a,0x31,0x02,0xdb,
  0x29,0x35,0xc8,0x9b,0x31,0x12,0xca,0x1b,0x54,0xa1,0xac,0x20,0x12,0xa0,0xac,0x50,0x14,0xca,0x8a,0x22,0x81,0x99,0xa9,0x39,0x47,0xb8,0x9b,0x11,0x02,0x08,0xb8,0x9b,
  0x57,0x91,0xcb,0x10,0x01,0x80,0x88,0xab,0x44,0x04,0xbc,0x19,0x02,0x80,0x00,0xc8,0x59,0x23,0xca,0x0c,0x21,0x90,0x08,0xb8,0x2c,0x26,0xc2,0x9b,0x20,0x80,0x00,0x92,
  0x8f,0x63,0x91,0xab,0x11,0x80,0x8b,0x12,0xf0,0x3a,0x35,0xd8,0x8a,0x02,0xa9,0x3a,0x24,0xd0,0x8b,0x36,0xb2,0xab,0x22,0xb8,0x0c,0x24,0xc0,0x8c,0x35,0xb1,0xac,0x12,
  0x90,0x0a,0x24,0xe9,0x2a,0x24,0xb9,0x1b,0x23,0x99,0x49,0x83,0x8c,0x44,0xa0,0xad,0x01,0xa1,0x18,0x91,0x9b,0x06,0xa0,0x1d,0x01,0xb0,0x01,0x80,0x74,0x93,0xc9,0x80,
  0x99,0x09,0x91,0x22,0x47,0x9a,0xaa,0x91,0x08,0x12,0x30,0xb8,0xc8,0x80,0x0c,0x08,0x04,0x34,0x3c,0x80,0xbc,0xc8,0x4b,0x8b,0x00,0x34,0x44,0x08,0x08,0xc8,0xc3,0x80,
  0x3c,0x8b,0x00,0x88,0x3e,0x8b,0xf8,0xb9,0x80,0x40,0x08,0x27,0x82,0x50,0x20,0xb2,0xb3,0x08,0x8c,0xc0,0xc0,0xe8,0x0a,0x08,0xb8,0xc0,0x33,0x40,0x48,0x83,0xc0,0x08,
  0x08,0x08,0x06,0x03,0x58,0x08,0xbc,0x08,0x0d,0x48,0xb8,0xc0,0x48,0x08,0x08,0x04,0x08,0x08,0x08,0xf8,0xc3,0x80,0x3c,0x9f,0xa8,0x22,0x33,0x08,0x84,0x80,0x0c,0x8c,
  0x80,0xb5,0x03,0x48,0x4b,0x48,0x83,0x80,0x50,0x3b,0x0c,0xc8,0xc0,0xbb,0x0c,0x83,0x40,0x8b,0x8f,0xa8,0x32,0x03,0x58,0x83,0x84,0x03,0x3c,0xc0,0xb3,0xad,0x3b,0x3b,
  0x00,0xc5,0x03,0x3c,0x8b,0x80,0x80,0x80,0x80,0x8f,0xc4,0xb3,0x30,0x4c,0x08,0x08,0x58,0x3b,0x8b,0xbd,0x03,0x58,0x0b,0x08,0xc4,0x43,0x60,0x10,0x00,0x08,0xac,0x8b,
  0x80,0xd0,0x48,0x0b,0x08,0xd8,0x03,0x08,0x3d,0xc0,0x08,0x08,0x68,0x08,0x08,0xb4,0x8c,0xcb,0x08,0x07,0x04,0x28,0x38,0xb8,0xc0,0x4b,0x08,0xb8,0xc8,0x03,0x6d,0x10,
  0x80,0x80,0x80,0x8b,0xcc,0xb0,0x88,0x50,0x48,0x80,0x84,0x30,0x80,0x80,0xf0,0xe8,0x0a,0x2a,0x02,0x80,0x3c,0x40,0x83,0x04,0x08,0x08,0x08,0xf8,0xb3,0x08,0x8d,0xc0,
  0xb3,0x88,0x8c,0x9f,0x83,0x86,0x82,0x20,0x08,0xb2,0xc0,0x3b,0x40,0x80,0x04,0x08,0x8d,0x1f,0xa2,0x80,0x8a,0x80,0x08,0x85,0x40,0x43,0x08,0xc3,0xb4,0x80,0x0c,0x8b,
  0xd0,0x80,0x8b,0x8c,0x80,0x05,0xc8,0x8b,0x0c,0x08,0x44,0x63,0x20,0x82,0x83,0x08,0x3c,0xcb,0xb8,0x8c,0x40,0x08,0x08,0xd8,0x08,0x08,0x08,0xf8,0xc0,0x0b,0x0c,0x88,
  0x07,0x22,0x20,0x33,0xb4,0x03,0x08,0x0d,0xbc,0x80,0x80,0x9f,0x8a,0x33,0x40,0x08,0x08,0x08,0x08,0x08,0xdf,0x0e,0x01,0x21,0x20,0x00,0xbc,0xc0,0x30,0x78,0x20,0x80,
  0xb3,0x48,0x8b,0xcb,0x8b,0x40,0x48,0x80,0xc0,0xf8,0x28,0x2a,0x08,0x03,0x03,0x3d,0xcb,0xb8,0x84,0x64,0x80,0xa8,0xa0,0x02,0x3c,0x80,0xb4,0x08,0x04,0x08,0x8d,0x80,
  0x8c,0x00,0x3d,0xc8,0xb4,0x83,0x4b,0x8b,0xb4,0xb3,0x0d,0x3c,0xc3,0x83,0x24,0x30,0x03,0xd0,0x83,0x4c,0x0b,0xac,0xf8,0x80,0x19,0x3a,0x02,0x83,0x34,0x7b,0x00,0xb2,
  0x80,0x4b,0xbb,0xec,0x98,0x38,0x28,0x03,0xb3,0x0d,0x0c,0x38,0x04,0x08,0x48,0x4b,0x3b,0x04,0x43,0x3b,0x4c,0xb8,0xbb,0x8c,0x4b,0xac,0xb8,0x84,0x30,0x80,0x35,0x80,
  0x85,0x0b,0xbc,0x08,0x44,0x08,0x08,0x08,0xc5,0x80,0x80,0xd0,0xb3,0x08,0xbd,0x8c,0x84,0x80,0x80,0x70,0x03,0x83,0x03,0x08,0x9f,0xb2,0x00,0x48,0x3b,0x80,0xbd,0x8b,
  0x58,0x30,0x80,0x80,0x3e,0x4b,0x8b,0xd0,0x03,0x88,0x0c,0x08,0xc4,0xbb,0x3c,0x3c,0x87,0x82,0x20,0x2a,0x80,0xb4,0x73,0x10,0x80,0xb0,0xb3,0x8b,0x8c,0x0c,0xf8,0x88,
  0x0a,0x80,0xf8,0x98,0x0a,0x68,0x01,0x21,0x04,0x28,0x20,0x03,0x08,0x08,0x0e,0xb8,0x08,0xd8,0x0c,0x9f,0x08,0xa1,0x80,0x7a,0x28,0x08,0x24,0x2a,0x08,0xb3,0xc3,0x03,
  0x3c,0x0c,0xb8,0xc8,0x8f,0x19,0xd2,0x80,0x80,0x20,0x80,0x27,0x28,0x20,0x08,0xb3,0xc3,0xc0,0x8b,0x8c,0x00,0x88,0x0d,0x3c,0xc8,0x03,0x40,0x48,0x80,0x04,0x03,0x08,
  0x3d,0x0c,0xf8,0xaa,0x0a,0x02,0xc3,0x80,0x80,0x80,0x05,0x84,0x40,0x48,0x48,0x08,0x08,0x58,0x08,0x0c,0xb8,0xc8,0x08,0x0d,0xf8,0x91,0x08,0x3b,0xb8,0x84,0x80,0x40,
  0x80,0xcc,0x80,0x7b,0x40,0x08,0xa2,0x32,0x42,0x38,0x80,0x80,0x0d,0x0c,0xc8,0xb0,0xc8,0x80,0x0c,0xc8,0xc0,0x48,0x3b,0x80,0xb4,0x03,0x58,0x80,0x04,0x08,0x58,0x8b,
  0x80,0xb5,0x08,0x80,0x08,0x80,0x80,0xf8,0xaf,0x2a,0x03,0x43,0x30,0x8b,0xbd,0xc8,0x24,0x30,0x03,0xb4,0xb4,0x48,0x0f,0x9a,0xd8,0x82,0x5a,0x18,0x80,0x22,0x3a,0x08,
  0x08,0xc4,0x80,0x80,0x8c,0xc0,0xc8,0x80,0x80,0x80,0x80,0x80,0x08,0xf8,0xbf,0x80,0x40,0x38,0x84,0x24,0x26,0x28,0x38,0xb8,0xb4,0x0b,0x0c,0x0c,0xe8,0x08,0xda,0x9a,
  0xa8,0x80,0x33,0x64,0x12,0x82,0x83,0x30,0xbc,0xbb,0xc8,0x48,0x30,0x04,0xc3,0xb3,0x08,0x0d,0xc8,0xb3,0x08,0x3d,0x8f,0xc9,0x08,0x21,0x53,0x82,0xb0,0x00,0x88,0x00,
  0x44,0x80,0x80,0x50,0x80,0xd0,0x83,0x8b,0x08,0xf0,0xb3,0x88,0x0c,0xc8,0x08,0xbd,0xbb,0x8c,0xb4,0x17,0x32,0x22,0xa8,0xb3,0x88,0x50,0x3b,0x80,0x50,0x40,0x08,0x08,
  0xd8,0xc8,0x0b,0xaf,0x8a,0xb3,0x08,0x48,0x84,0x83,0x40,0x8b,0xbc,0xc0,0x48,0x33,0x43,0x80,0xb4,0x84,0x3b,0x8b,0xe0,0xc0,0xba,0x48,0x83,0x80,0xb5,0x48,0x08,0xac,
  0xf8,0x08,0x08,0x32,0x86,0x84,0x20,0x2a,0xdb,0x98,0x08,0x3b,0x03,0x84,0x80,0x80,0x8d,0x80,0xf0,0x8c,0x8c,0x80,0x25,0x01,0x22,0x3b,0x80,0xd0,0x03,0x3c,0x8b,0x80,
  0xe0,0x80,0x80,0xc8,0xb4,0x48,0x3b,0x80,0x80,0x80,0x8f,0x8f,0x20,0x82,0x30,0x48,0x08,0x97,0x91,0x82,0xa8,0xac,0x08,0xc3,0x80,0x04,0xc8,0x03,0x80,0x80,0x08,0xf0,
  0x8f,0x28,0x20,0xa8,0xc8,0x80,0x4b,0x48,0x06,0x21,0x38,0x08,0xb8,0x08,0x3d,0xbc,0x80,0xc0,0x08,0x0d,0xb8,0xaf,0x88,0x00,0x38,0x70,0x14,0x10,0x22,0x20,0x80,0xb4,
  0xcb,0x1e,0x89,0xa0,0x38,0x3b,0xaf,0x08,0x02,0x8b,0x4b,0x3b,0x34,0x34,0x48,0x08,0x08,0xf0,0x0c,0x1c,0x10,0xa0,0x32,0x48,0x3b,0xc0,0xb3,0x88,0xd0,0xbc,0x80,0x04,
  0x43,0x0b,0x03,0xe0,0x83,0x80,0x80,0xe0,0xb3,0x08,0x08,0x88,0xf0,0x83,0x4c,0x08,0xec,0x08,0x2a,0x53,0xa0,0x82,0x30,0x73,0x80,0xa0,0xab,0x08,0x3c,0x48,0x80,0x84,
  0x3b,0x8b,0xbd,0xb3,0x0d,0x8f,0x0b,0x01,0x15,0x22,0x08,0xb2,0xb4,0xbb,0x3b,0x00,0x17,0x83,0x30,0x4b,0xb8,0x88,0x80,0x8e,0xc0,0x08,0xd8,0x80,0x80,0x80,0x80,0x08,
  0x80,0x80,0xb7,0x87,0x80,0x40,0x80,0x80,0x80,0x80,0xcf,0xc0,0x80,0x43,0x33,0x80,0x04,0x08,0x3d,0x8b,0xf0,0xd9,0x2a,0x10,0x30,0x02,0x0c,0x8b,0x3c,0x84,0x80,0x44,
  0x08,0xac,0x08,0x08,0x3d,0x43,0xb3,0x03,0x58,0x1f,0xa9,0xa0,0x08,0x08,0x0c,0x08,0xc8,0x08,0x08,0x78,0x08,0xb8,0x8c,0x40,0xc3,0xb3,0x84,0x70,0x82,0x82,0x80,0x30,
  0x48,0xc0,0xf0,0x08,0x2a,0xac,0xa0,0x82,0x33,0x4b,0x08,0xd0,0x80,0xac,0x8f,0xa0,0x24,0x28,0x38,0x02,0x33,0x40,0xcb,0xcb,0x83,0xc0,0x48,0x30,0x08,0xd8,0x80,0x0c,
  0xaf,0x82,0x32,0x38,0x3b,0x80,0x80,0x80,0x3f,0x8b,0x80,0xb5,0xbc,0x8c,0x84,0x06,0x01,0x08,0x08,0xb3,0x03,0x80,0xbe,0xec,0x91,0x08,0x38,0x33,0x03,0x04,0x34,0x0c,
  0xcb,0x80,0x80,0x3c,0x3c,0x04,0x83,0x80,0xbd,0xbc,0x00,0x03,0x50,0x0c,0x08,0x08,0x3d,0x4b,0x0c,0x08,0x08,0x3d,0x80,0x80,0x80,0x36,0x8b,0x50,0x08,0x08,0xbd,0x0c,
  0x83,0x07,0x20,0x08,0x08,0x08,0x08,0x3e,0x0f,0xba,0xa8,0x02,0x38,0x40,0x87,0x84,0x10,0x80,0xb0,0xba,0x8b,0x0c,0x3c,0x03,0xb4,0x43,0x80,0x80,0x80,0x80,0x8f,0x8b,
  0xd0,0x03,0xcc,0x8a,0xbb,0x03,0x47,0x21,0x20,0xb8,0xc0,0x33,0x8b,0xd0,0x08,0x07,0x2a,0x30,0x8b,0xb4,0x08,0x8f,0x8a,0xb3,0x80,0x8b,0x3c,0xd0,0x17,0x11,0x20,0x08,
  0x08,0x08,0x3c,0x8f,0xa0,0x08,0xa8,0x08,0x08,0x8d,0xb4,0x80,0x8f,0x28,0x05,0x21,0x20,0x38,0xbb,0xc8,0x3c,0x3b,0x40,0x84,0xc0,0x80,0x80,0x80,0x80,0x80,0x80,0x80,
  0x27,0x06,0x88,0xd0,0x80,0xf0,0x8d,0x0b,0x2a,0x02,0x38,0x78,0x20,0x08,0x82,0x80,0x80,0xcc,0xbb,0x34,0x48,0x08,0x08,0x08,0x08,0xbf,0x0b,0x03,0x85,0x40,0x80,0x08,
  0xb5,0x08,0x08,0xe8,0xfb,0x08,0x2a,0x38,0x06,0x08,0x28,0x33,0x48,0xf3,0x98,0x0a,0x08,0x83,0x08,0x80,0x3d,0x8b,0xd0,0xfb,0x2a,0x28,0x83,0xb3,0x03,0x08,0xe8,0xf0,
  0x88,0x49,0x22,0x22,0x02,0x08,0x08,0x08,0xe8,0x08,0x3d,0x9f,0x9a,0x82,0x23,0x30,0x3c,0x08,0x08,0x08,0xbe,0x0c,0xac,0x63,0x40,0x28,0x08,0x02,0x8b,0x40,0xcb,0xb3,
  0x08,0xbf,0x2a,0xb3,0x03,0x34,0x0c,0x83,0xb4,0x84,0x80,0xd0,0xb3,0xf8,0x0a,0x3b,0x32,0x80,0x04,0x0c,0xac,0xb8,0x27,0x08,0x08,0x38,0x03,0x34,0x3c,0x3b,0xc0,0xc8,
  0x8b,0xaf,0xaa,0x80,0x80,0x70,0x40,0x80,0x82,0x23,0x30,0xc8,0xf0,0x98,0x28,0x80,0x08,0x80,0x08,0x8d,0x80,0xfd,0xa0,0x22,0x2a,0xb2,0x17,0x20,0x8a,0xba,0x80,0x34,
  0x43,0x08,0xbc,0x80,0xb4,0xb8,0xd8,0x43,0xb8,0x40,0x48,0x08,0x08,0xbd,0xbb,0x58,0xb8,0x84,0x03,0x0c,0xbc,0x03,0x58,0x33,0x08,0x08,0x05,0x3c,0x3c,0x30,0x04,0x08,
  0x0d,0xb8,0xc8,0x08,0x0d,0x8b,0xc8,0x80,0x08,0x3d,0x3c,0x00,0x08,0x08,0x78,0xc0,0xc0,0x33,0x33,0x04,0xc8,0x80,0x34,0x1f,0x89,0x02,0x02,0x48,0x0b,0xc8,0xb3,0xbc,
  0x8f,0x9a,0xa8,0x32,0x54,0x10,0xa2,0x83,0xc0,0x0b,0xbc,0x84,0x06,0x01,0x8a,0xba,0x43,0x38,0x80,0x80,0xe0,0x08,0x3c,0x4b,0xcb,0xbb,0x48,0x80,0x40,0x84,0xc0,0x80,
  0x7b,0x20,0xb2,0x80,0x40,0xb2,0xb4,0x03,0x08,0x3d,0xcb,0xf8,0x08,0x08,0x08,0x83,0x8b,0x8c,0x40,0x84,0x03,0x84,0x80,0x4c,0xb8,0xc0,0x08,0x48,0xcb,0xf8,0x28,0x10,
  0x83,0xb3,0x84,0x30,0x3c,0x8b,0x80,0x80,0x80,0x80,0xef,0xba,0x8a,0x30,0x00,0x35,0x07,0x20,0x32,0x08,0xc3,0x0b,0x8f,0x8a,0x83,0x03,0x8c,0x8e,0x80,0x83,0x30,0x3c,
  0x8b,0xb4,0xb8,0x9f,0x80,0x33,0x83,0x04,0x0c,0xac,0x08,0x08,0x74,0x30,0x80,0xb3,0x03,0x08,0xbd,0xfb,0x01,0x28,0x2a,0xb0,0xc3,0x80,0x80,0xf0,0xda,0x01,0x02,0x6b,
  0x01,0x80,0x02,0x38,0x00,0xc4,0xb3,0xbc,0x0b,0x3c,0x84,0x80,0x0c,0x78,0x00,0x08,0x02,0x8b,0x0c,0xc8,0x43,0x08,0x0c,0xb8,0x84,0x34,0x48,0x8b,0xe4,0x98,0x2a,0xb0,
  0x80,0x84,0x30,0x80,0x80,0xf0,0x83,0x8b,0x8c,0xb4,0xb4,0xc3,0x30,0x8b,0xfc,0x81,0x52,0x28,0xa8,0xa0,0x05,0x08,0x08,0xb8,0xb4,0x83,0x80,0x00,0x27,0x83,0x80,0xd0,
  0xb8,0x08,0x8d,0x8b,0xcc,0xb3,0xd0,0x30,0x3c,0x08,0x48,0x80,0x0c,0xbc,0x24,0x33,0x70,0x00,0xb2,0xb3,0x48,0x80,0x0c,0xfb,0x28,0x28,0x80,0x80,0x80,0x08,0xf0,0xba,
  0x8b,0x40,0x43,0x30,0xb4,0x84,0x80,0x80,0xe0,0xbb,0xcb,0x48,0x33,0x03,0xb4,0x84,0x80,0xd0,0xf8,0x08,0x28,0x30,0xb8,0xbc,0x80,0x4c,0x08,0x83,0x27,0x22,0x0a,0xf8,
  0x80,0x80,0x8a,0x80,0x00,0x53,0x48,0x08,0xb8,0xb4,0xc8,0x0f,0x0c,0xa1,0x00,0x22,0x08,0x08,0x97,0x28,0x00,0x08,0xf3,0xa8,0x0a,0x38,0x03,0xc8,0x48,0x43,0x0b,0x43,
  0xc0,0x83,0x80,0xd0,0xf3,0x91,0x08,0xab,0xfb,0x98,0x40,0x28,0x08,0x85,0x22,0x08,0x0e,0xa1,0x85,0x10,0x0c,0x0a,0x82,0x83,0x80,0x08,0xd0,0x08,0x08,0x8d,0xc0,0xf3,
  0x01,0x08,0x3b,0x08,0x08,0x3c,0x80,0x50,0x80,0x80,0x60,0x3b,0x80,0xbd,0x0c,0x78,0x10,0xa2,0x83,0x30,0x0c,0xac,0x8b,0x40,0x8b,0x04,0xc3,0x03,0x40,0x3c,0x8b,0xc0,
  0xbc,0x80,0x40,0x07,0x01,0x38,0x3b,0x8b,0x80,0x8c,0x80,0x8d,0xbc,0xac,0x48,0x42,0x08,0xb8,0x84,0x34,0x33,0x04,0xc3,0x30,0x8b,0x0d,0xc8,0x8b,0x0c,0x3c,0xcb,0xf0,
  0x89,0x89,0x80,0x86,0x12,0x70,0x38,0x00,0x01,0x01,0x8a,0xb0,0xfb,0xa8,0x89,0x8a,0xb0,0x03,0x44,0x08,0xc8,0x03,0x34,0x40,0x08,0xc8,0xc3,0xc0,0x4b,0x0b,0xb8,0x88,
  0x00,0x88,0x00,0x88,0x00,0x88,0x00,0xb7,0x17,0x8d,0xcb,0x08,0x08,0x75,0x21,0x21,0x08,0x02,0x8b,0x80,0xbd,0xb4,0xb8,0x08,0x8d,0xc0,0xb8,0xaf,0x28,0x32,0x83,0xc0,
  0x3b,0x34,0x04,0x06,0x08,0xab,0xb8,0x80,0x35,0x48,0x08,0xc8,0xb3,0x08,0x8d,0xc0,0xb3,0x8c,0x80,0x8c,0x80,0xb5,0x30,0x4c,0xbb,0xc8,0x03,0x74,0x11,0x02,0x82,0x80,
  0x8b,0x80,0xe0,0xb0,0xbc,0x8b,0x80,0x05,0xc8,0x30,0x40,0x97,0x84,0x80,0x2a,0xb0,0x8a,0x80,0x3c,0x0c,0x08,0xd8,0x30,0x0c,0xaf,0xa0,0x38,0x38,0x30,0x04,0x73,0x22,
  0x32,0xbb,0x80,0x80,0x68,0x0b,0xc8,0x8b,0x0c,0x0c,0x8b,0xd0,0x80,0x3c,0x0b,0xfc,0x01,0x41,0x10,0xa2,0xb0,0x83,0x34,0x33,0x85,0xc0,0x80,0x30,0x00,0xd8,0x08,0x0d,
  0xb8,0xfc,0xb8,0x19,0x3a,0x08,0x33,0x27,0x50,0x08,0xc8,0xa0,0x08,0x2a,0x30,0x84,0x03,0x08,0x08,0x8e,0xf0,0xaa,0x38,0xbb,0xc0,0xb3,0x78,0x22,0xb0,0x03,0x08,0x53,
  0xb3,0x03,0xc4,0x30,0x8b,0x08,0xe8,0x80,0x0c,0x0c,0xb8,0xcc,0x8d,0x22,0x8a,0x80,0x70,0x42,0x10,0x02,0xa8,0xb8,0x08,0xc8,0xc4,0x33,0x48,0x0b,0x8c,0x84,0x33,0x1f,
  0xa0,0xa8,0x80,0x9f,0x21,0x22,0xdb,0x0c,0x28,0x82,0xb0,0x08,0x0c,0x3b,0x04,0x08,0xdf,0x47,0x01,0xd9,0x88,0x30,0x00,0x99,0x88,0x13,0x08,0xca,0xf9,0x2f,0x23,0x91,
  0xcc,0x00,0x22,0xa8,0x9a,0x41,0x23,0x98,0x8a,0xf9,0x6e,0x12,0xa8,0x9c,0x00,0x12,0x99,0x8a,0x31,0x01,0xba,0x1b,0xff,0x61,0x23,0xba,0x8c,0x31,0x82,0xba,0x0a,0x22,
  0x91,0xaa,0x09,0xff,0x17,0x01,0xbb,0x19,0x22,0xb1,0xba,0x38,0x13,0xa8,0x9c,0xf2,0x3f,0x25,0xb0,0xac,0x21,0x22,0xaa,0x9a,0x32,0x82,0xba,0x1a,0xf1,0x7f,0x11,0xd8,
  0x09,0x20,0x82,0x9a,0x1a,0x32,0x98,0xaa,0x20,0xfc,0x44,0x20,0xae,0x19,0x22,0xb1,0xb9,0x31,0x12,0xa9,0x0c,0x01,0xbf,0x37,0xa1,0x9e,0x20,0x22,0xaa,0xa9,0x23,0x01,
  0xca,0x29,0x91,0x4f,0x85,0xe2,0x8a,0x21,0x02,0x8b,0x0b,0x23,0xa1,0xda,0xa1,0x6f,0x82,0xd1,0x89,0x21,0x82,0x8b,0x0a,0x14,0x90,0xaa,0xf9,0x73,0x00,0xca,0x18,0x21,
  0xb1,0xa9,0x48,0x11,0xa9,0xdd,0x25,0x11,0xad,0x18,0x22,0xb0,0xb9,0x31,0x12,0xf9,0x3d,0x13,0xe3,0x9a,0x30,0x02,0x8b,0x99,0x13,0x09,0x99,0x12,0x20,0xaf,0x33,0x01,
  0x9f,0x01,0x12,0xc8,0xb8,0x15,0xa8,0x3c,0x31,0xd0,0x19,0x5c,0x18,0x9a,0x10,0x20,0xf9,0x93,0x48,0xa9,0x3a,0x93,0xf0,0x48,0x08,0xb1,0x18,0x8a,0x82,0x72,0xd8,0x18,
  0x08,0xa8,0x02,0x5a,0xa8,0x28,0x11,0xfb,0x31,0x82,0xa9,0x2c,0x33,0xfb,0x90,0x44,0x8c,0xa0,0x38,0x3a,0xc3,0x98,0x90,0x03,0x8b,0x7a,0x82,0xba,0x11,0xa2,0xc8,0x7a,
  0x83,0xaa,0x11,0xb2,0xf8,0x79,0x00,0x9a,0x00,0x91,0xc8,0x7a,0x82,0x9a,0x10,0xa2,0xe8,0x79,0x81,0x9a,0x10,0xa2,0xb8,0x7a,0x83,0xba,0x10,0xb3,0xd8,0x7a,0x82,0x9a,
  0x18,0xa3,0xd8,0x79,0x82,0xaa,0x10,0xa2,0xc8,0x7a,0x82,0xaa,0x10,0xb3,0xd0,0x7a,0x01,0xaa,0x10,0x91,0xd1,0x79,0x00,0xa9,0x00,0x92,0xb0,0x7a,0x81,0xa9,0x18,0x92,
  0xd1,0x79,0x80,0xb8,0x10,0x91,0xc1,0x79,0x08,0xa8,0x18,0x81,0xc1,0x78,0x08,0xb8,0x00,0x00,0xd1,0x50,0x08,0xc8,0x00,0x18,0xb0,0x60,0x18,0xc9,0x00,0x18,0xc0,0x51,
  0x18,0xba,0x00,0x20,0xe0,0x31,0x11,0xdb,0x80,0x20,0xd8,0x51,0x10,0xbb,0x88,0x20,0xd0,0x61,0x00,0xca,0x00,0x10,0xb0,0x71,0x00,0xca,0x00,0x28,0xc0,0x51,0x08,0xc9,
  0x00,0x10,0xc0,0x51,0x18,0xcb,0x10,0x18,0xc0,0x61,0x80,0xc9,0x10,0x18,0xb0,0x71,0x00,0xca,0x00,0x18,0xb0,0x72,0x00,0xca,0x08,0x00,0xb1,0x71,0x00,0xca,0x00,0x18,
  0xb1,0x72,0x00,0xbb,0x00,0x08,0xc1,0x72,0x00,0xba,0x88,0x00,0xb1,0x73,0x82,0xcb,0x08,0x08,0xa1,0x72,0x82,0xdb,0x08,0x00,0xa0,0x72,0x81,0xba,0x09,0x00,0xa1,0x71,
  0x83,0xcb,0x19,0x08,0xb1,0x71,0x94,0xba,0x19,0x08,0xb2,0x71,0x93,0xbb,0x1a,0x80,0xb3,0x70,0x97,0xa9,0x08,0x80,0xa1,0x70,0x92,0xaa,0x1a,0x88,0xa2,0x70,0x95,0x9a,
  0x89,0x00,0x90,0x70,0x94,0x9a,0x0a,0x80,0x91,0x78,0x94,0x9b,0x1a,0x00,0x88,0x78,0x94,0xaa,0x09,0x81,0xa0,0x70,0x94,0xaa,0x09,0x00,0xa0,0x70,0x96,0x9a,0x88,0x81,
  0x90,0x70,0x92,0x9b,0x89,0x01,0xb0,0x70,0x95,0x9b,0x08,0x00,0xa0,0x70,0x94,0x9b,0x08,0x80,0xb0,0x70,0x85,0x9b,0x88,0x00,0xa8,0x70,0x94,0x9b,0x08,0x80,0xa0,0x70,
  0x95,0x9a,0x88,0x00,0x98,0x70,0x93,0x9c,0x08,0x80,0x90,0x78,0x93,0x9c,0x08,0x00,0x90,0x78,0x92,0x9b,0x08,0x00,0xb0,0x70,0x94,0x9b,0x09,0x01,0x98,0x79,0x95,0x9a,
  0x09,0x00,0x90,0x79,0x93,0x9b,0x09,0x00,0x90,0x79,0x95,0x9a,0x09,0x81,0x90,0x79,0x93,0x9b,0x1a,0x00,0xa0,0x79,0x96,0x9a,0x08,0x08,0xa1,0x78,0x82,0x9b,0x1a,0x10,
  0x90,0x7a,0x84,0xab,0x09,0x10,0xa1,0x7b,0x84,0x9b,0x1a,0x10,0xa1,0x7a,0x83,0xab,0x0a,0x10,0xb2,0x7b,0x86,0x9a,0x89,0x10,0xa1,0x7a,0x82,0x9a,0x0a,0x18,0xa2,0x7b,
  0x04,0x9b,0x0b,0x29,0xa3,0x7b,0x84,0x9a,0x0a,0x29,0x92,0x7b,0x83,0xaa,0x8a,0x3a,0xb2,0x7b,0x86,0x99,0x99,0x29,0x91,0x7a,0x83,0x9a,0xaa,0x39,0x92,0x7a,0x85,0xa9,
  0x99,0x29,0xa2,0x79,0x03,0xab,0x9a,0x3a,0xa2,0x79,0x05,0xaa,0x9a,0x29,0x92,0x78,0x84,0xa9,0x9a,0x29,0x92,0x79,0x84,0x9a,0xaa,0x29,0x92,0x79,0x04,0xaa,0xa9,0x29,
  0x81,0x78,0x04,0xba,0xa9,0x19,0x82,0x78,0x04,0xba,0xa9,0x1a,0x93,0x70,0x04,0xaa,0xaa,0x1a,0x83,0x71,0x04,0xaa,0xab,0x19,0x82,0x71,0x04,0xba,0xba,0x29,0x83,0x71,
  0x03,0xbb,0xbb,0x39,0x94,0x70,0x02,0xba,0xba,0x39,0x01,0x70,0x04,0xaa,0xba,0x29,0x92,0x70,0x04,0xa9,0xcb,0x18,0x81,0x70,0x02,0xa9,0xcb,0x19,0x82,0x71,0x12,0x9a,
  0xcb,0x19,0x92,0x71,0x02,0xa9,0xca,0x19,0x81,0x71,0x11,0xa9,0xcb,0x19,0x80,0x71,0x12,0xa8,0xcb,0x19,0x91,0x71,0x12,0xa9,0xcb,0x19,0x81,0x72,0x11,0xa9,0xcb,0x19,
  0x01,0x70,0x01,0xa8,0xbb,0x19,0x81,0x71,0x13,0xb9,0xbc,0x28,0x91,0x71,0x13,0xaa,0xbc,0x29,0xa2,0x71,0x04,0xa9,0xbb,0x29,0xa2,0x71,0x03,0xb9,0xbc,0x18,0x81,0x71,
  0x04,0xa9,0xcb,0x18,0x92,0x71,0x12,0xb9,0xbb,0x2a,0x92,0x72,0x05,0x9a,0xbb,0x29,0x82,0x70,0x83,0xba,0xba,0x39,0xa3,0x78,0x85,0xa9,0x9a,0x29,0x93,0x78,0x84,0xa9,
  0xaa,0x19,0x94,0x79,0x02,0xab,0x9a,0x29,0x83,0x7a,0x04,0xba,0x9a,0x28,0x93,0x79,0x84,0xba,0x89,0x19,0xa3,0x79,0x04,0xba,0x8a,0x08,0x92,0x78,0x14,0xcb,0x99,0x00,
  0x82,0x78,0x12,0xdb,0x89,0x01,0x81,0x58,0x03,0xdb,0x0a,0x01,0x80,0x79,0x02,0xcb,0x08,0x80,0x80,0x69,0x13,0xbc,0x1a,0x00,0x90,0x78,0x05,0xba,0x0a,0x00,0x91,0x78,
  0x03,0xcc,0x08,0x00,0x81,0x38,0x06,0xac,0x19,0x00,0x90,0x68,0x84,0xcb,0x18,0x80,0x80,0x58,0x85,0xbb,0x18,0x90,0x90,0x78,0x05,0xbb,0x08,0x90,0x80,0x78,0x04,0xbb,
  0x0a,0x81,0x00,0x70,0x84,0xbb,0x09,0x81,0x80,0x70,0x83,0xdb,0x09,0x01,0x88,0x68,0x03,0xbc,0x1a,0x01,0x90,0x70,0x03,0xbc,0x09,0x01,0x88,0x78,0x03,0xdb,0x09,0x00,
  0x90,0x68,0x13,0xdb,0x0a,0x01,0x88,0x68,0x04,0xca,0x89,0x01,0x88,0x60,0x13,0xdb,0x8a,0x00,0x80,0x60,0x04,0xc9,0x9a,0x01,0x90,0x60,0x04,0xc8,0x9a,0x00,0x88,0x50,
  0x15,0xc9,0x9a,0x00,0x80,0x50,0x14,0xb9,0x9d,0x00,0x01,0x40,0x23,0xe9,0xab,0x01,0x02,0x30,0x15,0xd9,0x9c,0x10,0x02,0x20,0x14,0xe9,0x9b,0x10,0x03,0x10,0x24,0xd9,
  0xab,0x10,0x03,0x28,0x26,0xc8,0xac,0x08,0x02,0x20,0x26,0xb8,0xad,0x09,0x11,0x30,0x27,0xa8,0xbc,0x89,0x11,0x41,0x25,0xa0,0xbd,0x8a,0x10,0x51,0x34,0xa8,0xcc,0x8a,
  0x01,0x42,0x24,0xb0,0xcc,0x8a,0x01,0x42,0x25,0xa8,0xbc,0x9a,0x11,0x62,0x23,0xb8,0xbd,0x8a,0x11,0x52,0x24,0xb8,0xad,0x0a,0x20,0x51,0x33,0xc8,0xbc,0x89,0x10,0x52,
  0x14,0xb0,0xad,0x0a,0x00,0x52,0x33,0xb8,0xae,0x8a,0x00,0x51,0x24,0xa0,0xbc,0x99,0x80,0x52,0x25,0xa0,0xbb,0xab,0x08,0x71,0x34,0xa8,0xcb,0x9a,0x00,0x61,0x24,0xb8,
  0xcb,0x09,0x10,0x41,0x15,0xc8,0xab,0x08,0x12,0x41,0x23,0xe9,0x9c,0x00,0x12,0x28,0x23,0xf9,0xab,0x30,0x02,0x19,0x34,0xd9,0x9d,0x30,0x02,0x0a,0x34,0xc9,0x9d,0x30,
  0x82,0x0b,0x35,0xc8,0x9d,0x21,0x92,0x0b,0x35,0xc0,0xac,0x31,0x92,0x0b,0x55,0xa8,0xac,0x30,0x02,0x9c,0x62,0x91,0xbc,0x20,0x13,0xca,0x30,0x05,0xcb,0x1a,0x23,0xb0,
  0x0d,0x34,0xc0,0x9b,0x41,0x81,0xbb,0x72,0x82,0xcb,0x18,0x13,0xc9,0x2a,0x35,0xc9,0x9b,0x32,0x81,0x9d,0x52,0x82,0xbc,0x29,0x14,0xc8,0x19,0x15,0xc8,0x8a,0x31,0x81,
  0x9d,0x52,0x91,0xac,0x28,0x13,0xc9,0x39,0x15,0xc9,0x8b,0x42,0xa2,0x9c,0x53,0xa1,0xbb,0x28,0x15,0xd8,0x09,0x15,0xb0,0x9b,0x40,0x02,0xcb,0x20,0x15,0xc9,0x8a,0x32,
  0x81,0xad,0x51,0x02,0xcb,0x19,0x32,0xc1,0x9b,0x63,0x91,0xbb,0x29,0x33,0xc0,0x9d,0x53,0x82,0xcb,0x19,0x22,0x91,0x9e,0x50,0x02,0xab,0x8a,0x42,0x91,0xcb,0x40,0x14,
  0xb9,0x9b,0x31,0x03,0xda,0x0c,0x44,0x92,0xcb,0x09,0x22,0x81,0xc9,0x8c,0x62,0x83,0xba,0x8a,0x32,0x12,0xa8,0xae,0x41,0x15,0xb9,0xab,0x20,0x12,0x88,0xdb,0x39,0x27,
  0xa0,0xbb,0x10,0x11,0x00,0xd8,0x0a,0x37,0x92,0xbb,0x0a,0x11,0x10,0xa8,0x9d,0x63,0x04,0xbb,0x8b,0x11,0x91,0x88,0xbb,0x70,0x17,0xa8,0x8a,0x20,0x00,0x80,0xa9,0x49,
  0x35,0xa8,0xcb,0x08,0xa8,0x80,0x14,0x08,0x1b,0xa9,0x80,0x80,0x80,0x80,0x85,0x80,0x04,0x08,0xbd,0x80,0x07,0x02,0x38,0x08,0xc3,0x80,0x80,0xe0,0xb3,0x08,0x8c,0x3c,
  0xc0,0xb3,0xcc,0x3a,0x0c,0x48,0x05,0x21,0x60,0x08,0x98,0x88,0x3a,0x3b,0x80,0xb5,0x48,0x80,0x0c,0xc8,0xc0,0x8e,0x20,0x08,0x02,0x08,0x8f,0xaa,0x38,0x33,0x34,0x08,
  0xcc,0x83,0x24,0x30,0xb8,0xc4,0xb3,0x08,0x8c,0x00,0x00,0x00,0x2f,0x77,0x17,0x70,0x4b,0xb8,0xb4,0x88,0x0c,0x08,0xe8,0xbb,0xdf,0x09,0x21,0x24,0x43,0x11,0x21,0xc8,
  0xe8,0x99,0x8a,0x80,0x04,0x08,0x82,0x30,0x83,0xb4,0x80,0x3c,0xfc,0xdf,0x00,0x22,0x20,0x22,0x92,0x8a,0x9c,0x9b,0x08,0xa8,0x20,0x30,0x40,0x83,0x44,0x38,0x8b,0x80,
  0x80,0xfe,0xff,0x08,0x12,0x01,0x43,0x00,0x80,0x98,0xab,0xab,0x9a,0xa0,0x0c,0x08,0x22,0x45,0x33,0x42,0x98,0xa8,0xd2,0xfe,0x9f,0x18,0x12,0x22,0x34,0x02,0x90,0xa0,
  0xcb,0xac,0xab,0xa9,0x98,0x21,0x31,0x34,0x14,0x81,0x89,0x80,0xd2,0xa9,0xff,0x9f,0x21,0x22,0x22,0x43,0x11,0x98,0xa8,0xca,0xca,0xba,0xaa,0x99,0x19,0x18,0x21,0x63,
  0x43,0x28,0x10,0x91,0xff,0x9f,0x11,0x22,0x11,0x33,0x11,0x90,0xa9,0xcb,0xcb,0xbb,0xa9,0x09,0x80,0x52,0x11,0x02,0x12,0x40,0x81,0xf2,0xff,0x0c,0x31,0x22,0x31,0x32,
  0x01,0xa9,0xbb,0xcd,0xaa,0xab,0x8a,0x00,0x21,0x52,0x31,0x23,0x22,0x82,0xf0,0xff,0x0c,0x21,0x31,0x31,0x32,0x81,0xa9,0xaa,0xbc,0xac,0xab,0x9b,0x19,0x21,0x24,0x42,
  0x31,0x41,0x82,0xf1,0xff,0x0a,0x12,0x22,0x32,0x23,0x82,0xb9,0x99,0xcc,0xac,0xaa,0xb9,0x98,0x21,0x32,0x24,0x25,0x12,0x00,0xf8,0xff,0x1a,0x32,0x12,0x22,0x23,0x90,
  0xba,0xcb,0xdb,0xba,0x8a,0x0a,0x10,0x32,0x44,0x31,0x20,0x81,0xb2,0xff,0xaf,0x31,0x14,0x11,0x11,0x01,0x98,0xbb,0xbb,0xbd,0x9a,0x89,0x09,0x28,0x32,0x35,0x33,0x33,
  0x20,0xff,0xbf,0x21,0x34,0x10,0x11,0x12,0xa0,0xcb,0xab,0xcb,0xab,0x99,0x08,0x20,0x24,0x33,0x24,0x11,0x01,0xf9,0xff,0x2a,0x43,0x11,0x11,0x02,0xa8,0xbb,0xbb,0xad,
  0x9a,0x89,0x00,0x32,0x43,0x32,0x01,0x81,0xb8,0xff,0xbf,0x42,0x22,0x32,0x22,0x98,0xba,0xbc,0xac,0x9b,0x99,0x00,0x31,0x33,0x32,0x22,0x08,0xa9,0xfe,0xff,0x3a,0x22,
  0x33,0x33,0x82,0xaa,0xbc,0xbc,0xbb,0x89,0x18,0x21,0x33,0x34,0x11,0x80,0xb9,0xe9,0xff,0x0f,0x21,0x21,0x22,0x11,0x98,0xaa,0xbb,0xac,0x9a,0x09,0x21,0x24,0x22,0x11,
  0x00,0xa8,0xba,0xfe,0xdf,0x10,0x32,0x32,0x33,0x81,0xaa,0xcc,0xba,0xab,0x99,0x20,0x43,0x33,0x22,0x01,0x98,0xbb,0xac,0xff,0xaf,0x20,0x33,0x43,0x23,0x80,0xa9,0xbc,
  0xbc,0xaa,0x89,0x30,0x42,0x23,0x13,0x01,0xb9,0xcb,0xab,0x99,0xfe,0xaf,0x21,0x34,0x32,0x13,0x80,0xba,0xbd,0xbb,0xaa,0x88,0x21,0x53,0x32,0x12,0x00,0xa8,0xac,0xbb,
  0xff,0x8f,0x11,0x23,0x23,0x03,0x91,0xaa,0xbd,0xca,0x99,0x09,0x10,0x32,0x24,0x22,0x01,0x98,0xb9,0xfa,0xff,0x19,0x21,0x23,0x33,0x10,0x99,0xdb,0xba,0xac,0x89,0x18,
  0x31,0x24,0x32,0x02,0x90,0xc8,0xab,0xff,0x8f,0x11,0x32,0x32,0x13,0x99,0xca,0xac,0xbb,0xa9,0x10,0x41,0x43,0x22,0x02,0x90,0xba,0xbc,0xfa,0xcf,0x18,0x43,0x33,0x33,
  0x81,0xba,0xbe,0xbb,0xab,0x08,0x22,0x45,0x32,0x12,0x98,0xba,0xad,0xab,0xfd,0x0c,0x31,0x34,0x24,0x83,0x90,0xdb,0xbb,0xbb,0x8a,0x21,0x44,0x24,0x12,0x80,0xaa,0xdb,
  0xaa,0xb9,0xdf,0x30,0x43,0x24,0x03,0x08,0xcb,0xbc,0xab,0x89,0x11,0x44,0x32,0x02,0x98,0xba,0xbc,0xaa,0x08,0xf9,0x0f,0x33,0x34,0x33,0x00,0xcb,0xbc,0xcb,0x99,0x11,
  0x33,0x34,0x21,0xa8,0xca,0xbb,0x8c,0x08,0x02,0xfa,0x8f,0x24,0x32,0x43,0x81,0xaa,0xdb,0xbb,0x8b,0x10,0x41,0x34,0x02,0x90,0xba,0xbc,0xaa,0x09,0x31,0xf2,0xbf,0x43,
  0x24,0x43,0x01,0xa9,0xbc,0xac,0x9b,0x10,0x32,0x35,0x12,0x80,0xba,0xbd,0xba,0x09,0x41,0x81,0xef,0x31,0x33,0x24,0x12,0xb9,0xcc,0xac,0xaa,0x10,0x41,0x33,0x23,0x92,
  0xc9,0xbc,0xac,0x89,0x11,0xf9,0x2c,0x25,0x24,0x22,0x08,0xb9,0xbe,0xbb,0x9a,0x10,0x44,0x43,0x12,0x80,0xba,0xbc,0xac,0x89,0x90,0x8e,0x73,0x33,0x22,0x80,0xb0,0xbe,
  0xac,0x9a,0x00,0x53,0x33,0x23,0x80,0xca,0xbc,0xbb,0x8a,0x20,0xd1,0x60,0x34,0x14,0x01,0xa8,0xcc,0xab,0xab,0x18,0x42,0x44,0x22,0x81,0xa8,0xbc,0xac,0x9a,0x28,0x02,
  0x0d,0x45,0x33,0x22,0x80,0xbc,0xae,0xbb,0x89,0x20,0x44,0x33,0x13,0x88,0xdb,0xbb,0xac,0x09,0x11,0xf8,0x48,0x34,0x24,0x11,0xa8,0xbc,0xad,0xab,0x19,0x21,0x26,0x23,
  0x11,0xa8,0xcb,0xbc,0x9b,0x98,0xaf,0x51,0x34,0x24,0x01,0x08,0xcc,0xac,0xaa,0x09,0x31,0x35,0x33,0x12,0xa9,0xcc,0xbb,0x9c,0xa9,0x8a,0x54,0x45,0x13,0x80,0x80,0xeb,
  0xac,0x8a,0x08,0x48,0x53,0x22,0x01,0xa8,0xbc,0xac,0x9a,0x99,0x10,0x45,0x45,0x81,0x80,0xb0,0xdc,0xaa,0x80,0x08,0x44,0x33,0x82,0x80,0xcc,0xbb,0xab,0x08,0x08,0x55,
  0x44,0x01,0x08,0xa8,0xcd,0x9a,0x08,0x08,0x35,0x33,0x82,0x90,0xcc,0xbc,0x9a,0x80,0x28,0x47,0x13,0x80,0x80,0xeb,0xcb,0x08,0x88,0x41,0x34,0x02,0x80,0xc9,0xbc,0xab,
  0x08,0x18,0x56,0x14,0x08,0x80,0xd9,0xac,0x08,0x88,0x42,0x24,0x01,0x08,0xbc,0xbc,0x89,0x80,0x20,0x47,0x03,0x08,0x88,0xbd,0x9c,0x08,0x28,0x35,0x22,0x00,0xc9,0xac,
  0xab,0x89,0x08,0x65,0x23,0x81,0x80,0xea,0xbb,0x0a,0x08,0x44,0x33,0x03,0xa8,0xbd,0xac,0x9a,0x88,0x71,0x43,0x02,0x80,0xc0,0xbc,0xab,0x80,0x51,0x43,0x13,0x91,0xca,
  0xcb,0xab,0x89,0x30,0x47,0x23,0x80,0x80,0xcd,0xbb,0x08,0x18,0x44,0x24,0x81,0xa8,0xcb,0xcb,0x0a,0x08,0x63,0x35,0x80,0x80,0xd8,0xac,0x89,0x80,0x41,0x34,0x02,0x08,
  0xda,0xcb,0x8b,0x80,0x30,0x47,0x82,0x00,0x98,0xcd,0x8a,0x80,0x18,0x54,0x02,0x00,0x98,0xdb,0x9c,0x80,0x18,0x52,0x15,0x08,0x80,0xc9,0xbc,0x80,0x08,0x40,0x35,0x81,
  0x80,0xc0,0xad,0x0b,0x88,0x10,0x73,0x04,0x80,0x00,0xda,0xab,0x08,0x88,0x61,0x34,0x08,0x80,0xc8,0xad,0x09,0x88,0x20,0x46,0x81,0x00,0x98,0xdc,0x0a,0x88,0x00,0x54,
  0x02,0x08,0x80,0xdc,0x0b,0x88,0x10,0x63,0x83,0x00,0x88,0xdc,0x8b,0x80,0x08,0x54,0x03,0x80,0x80,0xec,0x8a,0x80,0x18,0x44,0x02,0x08,0x98,0xcd,0x8a,0x80,0x28,0x45,
  0x82,0x00,0xb8,0xce,0x80,0x08,0x41,0x14,0x08,0x80,0xdb,0x9b,0x08,0x08,0x45,0x13,0x08,0x98,0xcd,0x8b,0x80,0x38,0x46,0x81,0x00,0xb8,0xcd,0x08,0x88,0x30,0x36,0x08,
  0x80,0xc9,0xdb,0x08,0x88,0x41,0x25,0x08,0x80,0xd9,0x9c,0x08,0x88,0x42,0x15,0x80,0x00,0xcb,0xac,0x80,0x08,0x61,0x14,0x80,0x00,0xca,0x9d,0x08,0x88,0x52,0x23,0x80,
  0x80,0xcc,0xac,0x80,0x08,0x51,0x34,0x80,0x80,0xd9,0xbc,0x08,0x88,0x52,0x34,0x08,0x08,0xea,0xbb,0x80,0x08,0x50,0x44,0x00,0x08,0xc8,0xcb,0x0a,0x88,0x50,0x34,0x81,
  0x80,0xd8,0xac,0x89,0x80,0x28,0x36,0x04,0x08,0x08,0xbd,0x9c,0x80,0x08,0x44,0x04,0x00,0x08,0xcc,0x9b,0x08,0x88,0x32,0x47,0x80,0x00,0xa8,0xbd,0x0a,0x88,0x30,0x37,
  0x01,0x08,0xc8,0xbc,0x0a,0x88,0x10,0x64,0x04,0x08,0x80,0xda,0x8c,0x88,0x80,0x63,0x12,0x08,0x90,0xcc,0x9a,0x80,0x08,0x52,0x25,0x80,0x80,0xd8,0xbc,0x80,0x08,0x61,
  0x23,0x08,0x08,0xeb,0xab,0x08,0x88,0x31,0x56,0x81,0x00,0xa8,0xcd,0x88,0x08,0x38,0x36,0x80,0x00,0xd9,0xbb,0x08,0x88,0x31,0x47,0x00,0x08,0xc0,0xbc,0x08,0x88,0x71,
  0x22,0x08,0x80,0xcc,0x9a,0x80,0x08,0x63,0x04,0x80,0x80,0xcc,0x0b,0x88,0x10,0x36,0x82,0x80,0xd0,0xac,0x09,0x88,0x40,0x35,0x00,0x08,0xd9,0xac,0x08,0x88,0x63,0x13,
  0x08,0x88,0xcd,0x8a,0x08,0x18,0x55,0x01,0x08,0xb0,0xbd,0x88,0x80,0x52,0x24,0x08,0x80,0xcc,0x8c,0x80,0x18,0x73,0x01,0x08,0xa0,0xbd,0x88,0x80,0x41,0x25,0x08,0x80,
  0xdb,0x9b,0x08,0x18,0x73,0x84,0x00,0x98,0xdc,0x08,0x88,0x30,0x25,0x80,0x00,0xea,0x9b,0x80,0x08,0x73,0x83,0x00,0x88,0xdc,0x89,0x80,0x38,0x45,0x08,0x80,0xc9,0xab,
  0x08,0x88,0x73,0x85,0x00,0x88,0xeb,0x09,0x88,0x20,0x35,0x80,0x00,0xea,0x9b,0x80,0x08,0x73,0x83,0x00,0x98,0xbe,0x08,0x88,0x60,0x13,0x08,0x90,0xdc,0x89,0x80,0x10,
  0x36,0x80,0x00,0xc8,0xad,0x80,0x08,0x62,0x83,0x00,0x98,0xae,0x09,0x88,0x20,0x64,0x00,0x08,0xa0,0xae,0x08,0x88,0x51,0x13,0x08,0x80,0xbe,0x0a,0x88,0x00,0x73,0x03,
  0x08,0x80,0xcd,0x8a,0x80,0x38,0x36,0x80,0x00,0xea,0x9b,0x80,0x08,0x21,0x37,0x80,0x00,0xd8,0x9d,0x80,0x08,0x43,0x03,0x80,0xb9,0xae,0x0a,0x18,0x12,0x49,0x27,0x08,
  0x80,0xca,0xac,0x80,0x20,0x34,0x13,0x88,0xca,0xbc,0x8b,0x11,0xb1,0x71,0x17,0x00,0x08,0xc9,0x9c,0x09,0x08,0x43,0x14,0x00,0x98,0xbc,0xab,0x89,0x88,0x72,0x26,0x00,
  0x08,0xd8,0xbb,0x09,0x88,0x73,0x13,0x00,0x98,0xbd,0x9b,0x80,0x08,0x73,0x24,0x08,0x80,0xf9,0x8b,0x08,0x08,0x35,0x83,0x80,0xc8,0xbc,0x89,0x80,0x02,0x71,0x05,0x80,
  0x00,0xda,0x9b,0x08,0x18,0x35,0x13,0x08,0xca,0xbc,0x8a,0x08,0x93,0x50,0x27,0x81,0x00,0xc8,0xac,0xa9,0x80,0x62,0x13,0x02,0xa8,0xdb,0xba,0x89,0x00,0x20,0x67,0x11,
  0x08,0x90,0xae,0x99,0x80,0x40,0x24,0x01,0x80,0xbc,0xac,0x09,0x08,0x11,0x57,0x81,0x00,0x98,0xbd,0x0a,0x88,0x50,0x24,0x81,0x80,0xcb,0xac,0x88,0x00,0x10,0x56,0x01,
  0x80,0x90,0xcd,0x89,0x80,0x20,0x35,0x82,0x80,0xd9,0xbb,0x8a,0x80,0x20,0x73,0x16,0x08,0x80,0xd9,0xab,0x80,0x08,0x73,0x12,0x80,0x90,0xad,0x9b,0x80,0x08,0x73,0x14,
  0x08,0x80,0xe9,0x9b,0x80,0x08,0x63,0x13,0x08,0x98,0xbd,0x0c,0x88,0x00,0x52,0x06,0x80,0x00,0xd9,0x9b,0x80,0x08,0x63,0x13,0x08,0x98,0xbd,0x0c,0x88,0x00,0x52,0x15,
  0x08,0x80,0xe8,0xab,0x80,0x08,0x62,0x13,0x80,0x80,0xbd,0x9c,0x80,0x08,0x41,0x17,0x80,0x00,0xc8,0x9d,0x80,0x08,0x51,0x22,0x08,0x80,0xbd,0x9b,0x80,0x18,0x32,0x57,
  0x08,0x80,0xc8,0xac,0x80,0x08,0x52,0x23,0x08,0x88,0xbe,0x9a,0x08,0x18,0x31,0x57,0x80,0x00,0xa8,0xae,0x88,0x80,0x40,0x24,0x00,0x80,0xea,0xaa,0x08,0x88,0x11,0x75,
  0x00,0x80,0x80,0xcc,0x0a,0x88,0x00,0x36,0x82,0x00,0xb8,0xae,0x0a,0x88,0x00,0x73,0x04,0x08,0x80,0xea,0x0b,0x88,0x00,0x44,0x02,0x80,0xb0,0xbd,0x0b,0x88,0x10,0x73,
  0x86,0x00,0x08,0xda,0x8b,0x08,0x08,0x54,0x02,0x80,0xa0,0xbd,0x8a,0x80,0x18,0x62,0x06,0x80,0x00,0xc9,0x9c,0x08,0x88,0x53,0x13,0x00,0x88,0xbe,0x8b,0x08,0x08,0x42,
  0x37,0x08,0x80,0xd0,0xac,0x08,0x88,0x51,0x33,0x80,0x80,0xdc,0xaa,0x08,0x88,0x22,0x57,0x08,0x80,0xa0,0xbd,0x88,0x80,0x40,0x25,0x00,0x08,0xda,0xab,0x08,0x88,0x41,
  0x36,0x00,0x08,0xb8,0xbf,0x88,0x80,0x50,0x24,0x08,0x80,0xda,0xab,0x80,0x08,0x41,0x36,0x80,0x80,0xd8,0xbc,0x80,0x08,0x61,0x04,0x00,0x08,0xeb,0x8a,0x80,0x08,0x22,
  0x27,0x08,0x80,0xc8,0x9d,0x08,0x88,0x52,0x04,0x08,0x80,0xeb,0x8a,0x80,0x18,0x51,0x05,0x08,0x80,0xda,0x8b,0x80,0x18,0x64,0x81,0x00,0xa8,0xbd,0x08,0x88,0x20,0x65,
  0x80,0x00,0x98,0xbe,0x80,0x08,0x40,0x15,0x08,0x80,0xda,0x8b,0x80,0x08,0x52,0x05,0x80,0x00,0xea,0x8b,0x80,0x08,0x73,0x82,0x00,0x88,0xeb,0x0a,0x88,0x00,0x42,0x06,
  0x08,0x80,0xd9,0x0c,0x88,0x80,0x63,0x82,0x00,0x98,0xdc,0x08,0x88,0x10,0x72,0x81,0x00,0x88,0xdc,0x09,0x88,0x10,0x45,0x08,0x80,0xa8,0xae,0x80,0x08,0x20,0x26,0x80,
  0x00,0xc8,0xad,0x80,0x08,0x40,0x15,0x80,0x00,0xea,0x8b,0x80,0x08,0x62,0x03,0x80,0x80,0xfa,0x8b,0x80,0x08,0x63,0x83,0x00,0x88,0xcd,0x0a,0x88,0x00,0x45,0x82,0x00,
  0x98,0xbe,0x09,0x88,0x30,0x37,0x08,0x80,0xc9,0x9d,0x80,0x08,0x51,0x04,0x80,0x80,0xea,0x0b,0x88,0x00,0x73,0x82,0x00,0x98,0xbd,0x88,0x08,0x28,0x55,0x81,0x00,0x98,
  0xbe,0x08,0x88,0x30,0x36,0x08,0x80,0xd8,0xac,0x80,0x08,0x11,0x74,0x80,0x00,0x88,0xcd,0x88,0x80,0x28,0x35,0x00,0x08,0xd8,0xac,0x08,0x88,0x52,0x83,0x1b,0x14,0x99,
  0x09,0xb8,0x8d,0x80,0x08,0x32,0x03,0x10,0xb8,0xbd,0x9a,0x89,0x42,0x14,0xfe,0x29,0x14,0x32,0x82,0xc0,0xac,0xcc,0x08,0x20,0x43,0x24,0x80,0xba,0xdb,0x9b,0x08,0x09,
  0x72,0x15,0x02,0x08,0xe8,0xba,0x0a,0x88,0x52,0x34,0x81,0x80,0xcc,0xbb,0x08,0x88,0x31,0x57,0x01,0x08,0x90,0xbd,0x9a,0x80,0x48,0x44,0x82,0x80,0xd9,0xbb,0x09,0x88,
  0x21,0x73,0x05,0x80,0x00,0xdb,0x9b,0x88,0x10,0x36,0x12,0x08,0xd9,0xbb,0x0b,0x88,0x20,0x47,0x03,0x08,0x88,0xbf,0x0a,0x88,0x30,0x36,0x81,0x80,0xda,0x9c,0x08,0x88,
  0x42,0x16,0x80,0x00,0xdb,0x0c,0x88,0x00,0x45,0x80,0x00,0xb8,0xad,0x08,0x88,0x31,0x27,0x80,0x00,0xea,0x8b,0x80,0x18,0x46,0x08,0x80,0xc8,0x9c,0x80,0x08,0x51,0x04,
  0x80,0x80,0xfb,0x89,0x80,0x28,0x26,0x80,0x00,0xe9,0x0b,0x88,0x00,0x21,0x17,0x80,0x00,0xda,0x0c,0x88,0x00,0x35,0x00,0x08,0xc9,0x9d,0x08,0x08,0x34,0xa1,0x31,0x91,
  0xbb,0x99,0xcc,0x00,0x23,0x31,0x13,0xb9,0xcc,0xba,0x89,0x43,0x34,0x22,0xf0,0xcf,0x21,0x22,0x32,0x80,0xeb,0xba,0xaa,0x30,0x35,0x23,0x82,0xdb,0xac,0xaa,0x11,0x44,
  0x13,0xfb,0x28,0x01,0x10,0x12,0xcb,0x8a,0xba,0x19,0x34,0x23,0x13,0xd9,0xac,0xaa,0x19,0x52,0x33,0xf8,0x8f,0x14,0x10,0x21,0xc8,0xab,0xa9,0x0a,0x52,0x23,0x22,0xb0,
  0xbd,0xba,0x8a,0x51,0x24,0x93,0xcf,0x41,0x00,0x20,0x91,0xac,0x99,0xaa,0x40,0x33,0x31,0x01,0xcc,0xab,0x9a,0x28,0x45,0xf0,0x3b,0x16,0x08,0x01,0xc9,0x9b,0x90,0x19,
  0x44,0x02,0x08,0xb8,0xbd,0x88,0x00,0x53,0xf0,0x4a,0x14,0x09,0x10,0xca,0x9b,0x80,0x09,0x35,0x02,0x00,0xb8,0xae,0x89,0x80,0xbc,0x72,0x17,0x18,0x08,0xda,0x99,0x88,
  0x18,0x25,0x11,0x10,0xc9,0xbb,0xa9,0x8a,0x70,0x16,0x01,0x08,0xd9,0x9b,0x09,0x08,0x45,0x12,0x08,0xc8,0xcb,0x89,0x08,0x68,0x24,0x80,0x00,0xea,0x9b,0x80,0x08,0x36,
  0x82,0x00,0xd8,0xac,0x08,0x88,0x51,0x14,0x80,0x00,0xdc,0x8a,0x80,0x38,0x26,0x80,0x00,0xdb,0x8b,0x08,0x08,0x72,0x04,0x08,0x80,0xdb,0x8a,0x80,0x38,0x36,0x80,0x00,
  0xda,0xab,0x08,0x88,0x42,0x27,0x08,0x80,0xe8,0x9b,0x80,0x08,0x54,0x82,0x00,0xb8,0xbd,0x08,0x88,0x13,0x48,0x17,0x08,0x80,0xda,0x9b,0x80,0x30,0x54,0x01,0x88,0xba,
  0xad,0x88,0x21,0x13,0x8c,0x47,0x88,0x80,0xb8,0xac,0x08,0x00,0x52,0x13,0x88,0xa8,0xcc,0x8a,0x18,0x01,0x8c,0x75,0x02,0x80,0x80,0xbd,0x9a,0x88,0x30,0x36,0x11,0x00,
  0xea,0xaa,0x99,0x80,0x00,0x73,0x07,0x08,0x80,0xeb,0x89,0x80,0x28,0x35,0x00,0x08,0xcb,0xac,0x80,0x20,0x44,0x12,0xf9,0x0b,0x12,0x18,0x23,0x90,0xad,0xa8,0x8c,0x40,
  0x22,0x21,0x81,0xdb,0xaa,0xa9,0x20,0x35,0x13,0x81,0xfa,0x9f,0x00,0x14,0x22,0x80,0xc0,0x9d,0x8a,0x08,0x62,0x22,0x80,0xa0,0xbd,0x9a,0x08,0x52,0x33,0x01,0xb8,0xcc,
  0x9b,0x19,0x52,0xe1,0x18,0x27,0x08,0x80,0xd8,0x9b,0x08,0x18,0x35,0x02,0x88,0xba,0xad,0x09,0x20,0x34,0x13,0xa0,0xdb,0xbb,0x09,0x42,0x33,0xdf,0x40,0x03,0x20,0x80,
  0xcd,0x99,0x98,0x40,0x24,0x00,0x90,0xcb,0x9b,0x08,0x41,0x34,0x11,0xd9,0xaf,0x10,0x21,0x15,0x80,0xc0,0xba,0x0c,0x08,0x34,0x33,0x80,0xda,0xcb,0x8a,0x38,0xa1,0x70,
  0x07,0x80,0x00,0xeb,0x89,0x08,0x30,0x24,0x81,0xa8,0xcc,0x8a,0x10,0x42,0x84,0x9e,0x32,0x88,0x31,0xb0,0x9e,0x90,0x0a,0x42,0x01,0x11,0xc8,0xab,0x89,0x18,0x54,0xf9,
  0x39,0x05,0x18,0x01,0xcc,0x09,0x99,0x50,0x12,0x00,0x90,0xbc,0x89,0x08,0x62,0x12,0xfc,0x38,0x01,0x20,0x01,0xbc,0x89,0xab,0x51,0x13,0x21,0xa0,0xae,0x99,0x08,0x52,
  0x02,0xbf,0x51,0x81,0x21,0x90,0xad,0x88,0x9a,0x52,0x03,0x10,0xa8,0xbd,0x09,0x18,0x52,0xd1,0x1c,0x16,0x08,0x01,0xd8,0x8a,0x88,0x19,0x34,0x81,0x00,0xca,0x9c,0x00,
  0x10,0x24,0xbe,0x70,0x82,0x00,0x00,0xcc,0x09,0x98,0x40,0x23,0x80,0x90,0xbc,0x8b,0x00,0x51,0xc2,0x1d,0x26,0x88,0x01,0xd8,0x9b,0x80,0x18,0x44,0x81,0x08,0xba,0x9c,
  0x08,0x21,0xf8,0x58,0x14,0x18,0x08,0xcc,0x8a,0x88,0x41,0x14,0x00,0x98,0xac,0x9a,0x00,0x92,0x2b,0x77,0x81,0x00,0xc9,0x9b,0x88,0x30,0x34,0x02,0x90,0xcc,0xaa,0x08,
  0x21,0xba,0x75,0x04,0x08,0xa0,0xad,0x89,0x08,0x43,0x13,0x01,0xba,0xae,0x99,0x10,0xb1,0x78,0x17,0x08,0x80,0xdb,0x99,0x80,0x41,0x23,0x81,0xb8,0xbc,0x9b,0x10,0x03,
  0x1d,0x67,0x80,0x80,0xc9,0x9b,0x00,0x11,0x44,0x81,0x98,0xca,0x9b,0x18,0x23,0xe9,0x72,0x83,0x09,0xb0,0xcc,0x18,0x00,0x42,0x03,0xa8,0xa9,0xbc,0x0a,0x32,0xe1,0x69,
  0x06,0x88,0x00,0xcb,0x8a,0x01,0x28,0x35,0x80,0x99,0xca,0xab,0x21,0x82,0x8f,0x47,0x88,0x80,0xb8,0xac,0x10,0x80,0x44,0x02,0xa9,0xa8,0xad,0x19,0x22,0xd9,0x71,0x84,
  0x08,0x90,0xbc,0x0a,0x82,0x31,0x16,0x90,0x8a,0xca,0x0b,0x21,0x91,0x2e,0x37,0x88,0x08,0xd9,0x9b,0x11,0x00,0x44,0x81,0x99,0xb9,0xbc,0x10,0x13,0x9d,0x74,0x02,0x08,
  0xa0,0xbe,0x08,0x00,0x51,0x03,0xa0,0xa8,0xbc,0x0a,0x31,0x42,0xea,0x70,0x82,0x09,0x90,0xbc,0x08,0x81,0x51,0x03,0x88,0xa9,0xdb,0x09,0x11,0x33,0x14,0xa0,0xcb,0xbb,
  0xaf,0x20,0x57,0x00,0x08,0xd9,0x8b,0x80,0x28,0x36,0x80,0x00,0xcc,0x8a,0x80,0x41,0x24,0x80,0xb0,0xbc,0x8b,0x18,0x35,0x14,0xd1,0x8f,0x31,0x88,0x15,0x88,0x9b,0xba,
  0x09,0x53,0x22,0x13,0xd9,0xbb,0xaa,0x29,0x36,0x22,0x01,0xdb,0xbb,0x99,0x41,0x34,0x12,0xa0,0xcc,0x9b,0x09,0x52,0xa3,0xaf,0x46,0x98,0x11,0xd8,0x8b,0x80,0x19,0x26,
  0x80,0x00,0xca,0x8b,0x80,0x40,0x24,0x80,0x98,0xdb,0x8a,0x00,0x12,0x8e,0x75,0x88,0x00,0xc0,0x9c,0x00,0x89,0x35,0x01,0x08,0xd8,0xab,0x80,0x18,0x45,0xa1,0x8e,0x42,
  0xa8,0x31,0xc8,0x8b,0x92,0x8c,0x44,0x90,0x11,0xc0,0x8b,0x80,0xb9,0x19,0x77,0x00,0x08,0xc0,0x9d,0x80,0x08,0x63,0x01,0x08,0xc8,0x9c,0x08,0x88,0x20,0x27,0x80,0x00,
  0xd8,0x8d,0x80,0x08,0x45,0x80,0x00,0xc9,0x8c,0x08,0x08,0x11,0x27,0x80,0x00,0xc9,0x8e,0x80,0x08,0x64,0x08,0x80,0xb9,0x8f,0x80,0x81,0x10,0x27,0x08,0x80,0xe9,0x0b,
  0x88,0x10,0x27,0x08,0x98,0xda,0x0a,0x28,0x21,0x16,0x88,0xcb,0x8b,0x30,0x33,0x87,0x00,0xad,0x99,0x80,0x72,0x02,0x08,0xc0,0x9d,0x80,0x18,0x26,0x80,0x80,0xcc,0x89,
  0x80,0x00,0x73,0x82,0x00,0xc8,0x0e,0x88,0x10,0x17,0x80,0x80,0xec,0x80,0x08,0x61,0x02,0x88,0xb9,0x9d,0x80,0x13,0x44,0x08,0xab,0xca,0x89,0x00,0x71,0x05,0x08,0x80,
  0xbe,0x08,0x88,0x73,0x01,0x08,0xd9,0x8b,0x80,0x38,0x27,0x08,0xa8,0xcc,0x80,0x20,0x52,0x81,0xb0,0xaa,0x8d,0x28,0x33,0x13,0xcf,0x41,0x98,0x22,0xb8,0x0d,0xb1,0x0a,
  0x17,0x08,0x02,0xea,0x08,0x98,0x48,0x83,0x08,0x91,0x9e,0x00,0x88,0x43,0x91,0x88,0xd8,0x0b,0x02,0x20,0xf1,0x3c,0x07,0x29,0x80,0xcd,0x00,0x88,0x72,0x81,0x08,0xe8,
  0x0b,0x10,0x28,0x16,0xa8,0x98,0xca,0x20,0x03,0x41,0xa1,0x9d,0x98,0x1a,0x35,0x80,0xdd,0x40,0x81,0x21,0x98,0x9f,0x80,0x19,0x26,0x88,0x80,0xcc,0x18,0x00,0x42,0x92,
  0xaa,0xc8,0x0b,0x34,0x11,0x12,0xdc,0x0a,0x89,0x51,0xe1,0x49,0x84,0x19,0x80,0xaf,0x10,0x98,0x45,0x90,0x09,0xd8,0x0a,0x12,0x10,0x05,0xc9,0x09,0xb9,0x50,0x03,0x18,
  0xa1,0xae,0x00,0x8b,0x71,0x85,0x00,0x98,0x9f,0x08,0x08,0x45,0x80,0x80,0xf9,0x89,0x00,0x30,0x07,0x88,0x99,0xcb,0x08,0x68,0x21,0x01,0x08,0x9f,0x8a,0x80,0x71,0x11,
  0x08,0xb0,0xae,0x80,0x08,0x44,0xb9,0x24,0xa0,0x3b,0xf1,0x8a,0x23,0x99,0x25,0xc8,0x09,0xb0,0x1b,0x16,0x08,0x12,0xfb,0x0a,0x12,0x48,0x82,0xc0,0x9a,0x9b,0x08,0x37,
  0x20,0x08,0xfa,0x8a,0x08,0x48,0x14,0x80,0x90,0xaf,0x08,0x11,0x53,0x80,0xc0,0xba,0x09,0x18,0x37,0x81,0x00,0xeb,0x8a,0x08,0x58,0x23,0x80,0x90,0xbe,0x89,0x80,0x63,
  0xb2,0x1b,0x07,0x98,0x11,0xfb,0x09,0x81,0x30,0x15,0x99,0x89,0xcb,0x18,0x23,0x22,0x83,0xbd,0xaa,0x8a,0x72,0x12,0x00,0xa9,0xac,0x99,0x8e,0x73,0x85,0x00,0xc8,0x8d,
  0x80,0x10,0x17,0x80,0xa9,0xda,0x08,0x40,0x22,0x81,0xe8,0x9a,0x89,0x31,0x15,0xbc,0x72,0xa0,0x38,0xb0,0x9f,0x11,0x89,0x44,0xa0,0x09,0xb8,0x8b,0x14,0x10,0x23,0xf8,
  0x8e,0x50,0x00,0x82,0xa0,0xaf,0x80,0x08,0x45,0x80,0x88,0xca,0x0b,0x20,0x32,0x33,0xf8,0x8f,0x50,0x00,0x11,0xa8,0x9f,0x08,0x18,0x44,0x00,0x99,0xba,0x9b,0x41,0x23,
  0x23,0xb8,0xbe,0x8a,0x18,0xd1,0x68,0x07,0x08,0x98,0xfb,0x08,0x28,0x32,0x03,0xa8,0xae,0x9a,0x18,0x44,0x12,0x88,0xca,0xba,0x08,0x33,0x34,0x82,0xff,0x08,0x16,0x80,
  0x00,0xfa,0x0a,0x08,0x31,0x15,0x80,0xaa,0xbb,0x8a,0x44,0x13,0x01,0xb9,0xad,0x8a,0x11,0x25,0x12,0x99,0xba,0xbc,0x9f,0x60,0x07,0x08,0x80,0xcd,0x08,0x88,0x52,0x83,
  0x80,0xaa,0xad,0x80,0x32,0x33,0x03,0xdb,0xab,0x9b,0x30,0x35,0x12,0x91,0xfb,0x8f,0x38,0x06,0x80,0x80,0xbe,0x08,0x88,0x72,0x82,0x00,0xc9,0x8c,0x08,0x12,0x24,0x91,
  0xab,0xca,0x09,0x43,0x22,0x01,0xcb,0xec,0x88,0x73,0x82,0x00,0xf9,0x0a,0x88,0x61,0x02,0x88,0xba,0x8d,0x10,0x24,0x11,0xb8,0xad,0x89,0x30,0x35,0x80,0xb9,0xbc,0x08,
  0xb1,0x78,0x17,0x08,0xa0,0x9f,0x08,0x30,0x15,0x90,0xaa,0xbb,0x30,0x26,0x11,0xb8,0xae,0x08,0x20,0x25,0x98,0xa8,0xac,0x10,0x23,0xf2,0x1c,0x15,0x00,0x00,0xbd,0x19,
  0x08,0x44,0x91,0x99,0xba,0x1a,0x24,0x12,0x82,0xbd,0x8a,0x18,0x63,0x01,0x99,0xba,0x0b,0x32,0x84,0xff,0x51,0x82,0x00,0xd8,0x8c,0x00,0x30,0x06,0x98,0x9a,0xba,0x30,
  0x15,0x21,0xb0,0xad,0x89,0x10,0x44,0x00,0x99,0xca,0x0a,0x21,0xf0,0x3a,0x37,0x08,0x80,0xdd,0x08,0x80,0x62,0x01,0xa8,0xb9,0x0c,0x58,0x02,0x21,0xc8,0xab,0x88,0x28,
  0x26,0x81,0x99,0xca,0x8a,0x22,0x42,0xf0,0x0c,0x35,0x08,0x80,0xf9,0x0a,0x80,0x40,0x05,0x88,0x8a,0xcb,0x08,0x24,0x21,0x82,0xdc,0x89,0x88,0x50,0x03,0x88,0x98,0xbc,
  0x19,0x12,0x43,0x83,0xca,0xa9,0xab,0x30,0xce,0x70,0x87,0x00,0x08,0xbe,0x08,0x08,0x72,0x01,0x98,0xc8,0x0c,0x18,0x13,0x23,0x80,0xbf,0x98,0x88,0x54,0x01,0x88,0xc9,
  0x9a,0x10,0x22,0x15,0xa0,0xab,0xba,0x29,0x26,0x12,0x80,0xdc,0x8d,0x38,0x27,0x08,0x90,0xaf,0x80,0x18,0x35,0x80,0x90,0xdc,0x88,0x30,0x32,0x01,0xf8,0x9a,0x09,0x58,
  0x23,0x08,0xc9,0xac,0x18,0x22,0x34,0xa0,0xcd,0x0a,0x71,0x11,0x08,0xf9,0x0a,0x88,0x72,0x01,0x98,0xbb,0x0b,0x68,0x14,0x00,0xc9,0x8c,0x18,0x31,0x14,0xb8,0xab,0x9a,
  0x68,0xb1,0x7a,0x84,0x88,0x80,0xaf,0x20,0x82,0x50,0xa0,0x9d,0x01,0x09,0x34,0xa8,0x89,0xc8,0x2a,0x15,0x08,0x81,0xbc,0x10,0x81,0xeb,0x58,0x07,0x08,0x90,0xaf,0x00,
  0x11,0x43,0x90,0xad,0x80,0x1a,0x35,0x90,0x89,0xca,0x2a,0x24,0x18,0x81,0xbd,0x18,0x00,0xe9,0x79,0x04,0x08,0xa8,0x9e,0x28,0x02,0x32,0xd0,0x8d,0x00,0x18,0x15,0xa8,
  0x8a,0xa9,0x40,0x14,0x89,0xa8,0xac,0x32,0xf9,0x70,0x82,0x89,0xc1,0x8d,0x41,0x80,0x21,0xf9,0x0a,0x12,0x28,0x05,0xcb,0x08,0x88,0x52,0xa2,0x9a,0xa0,0x9c,0x38,0x47,
  0x08,0xb0,0x8e,0x08,0x14,0x21,0xa8,0xae,0x00,0x20,0x15,0x90,0xab,0xaa,0x48,0x25,0x80,0xa8,0xcc,0x88,0x71,0x83,0x00,0xe8,0x8b,0x80,0x41,0x85,0x80,0xbb,0x9a,0x08,
  0x47,0x80,0x80,0xcc,0x88,0x10,0x42,0x02,0xa9,0xfb,0x08,0x41,0x11,0x80,0xd0,0x8d,0x80,0x18,0x27,0x08,0x80,0xdc,0x88,0x80,0x51,0x03,0x08,0xba,0xbc,0x80,0x33,0x44,
  0x01,0xfb,0x8b,0x21,0x50,0x82,0xa0,0x8d,0x8b,0x80,0x27,0x10,0x08,0xcc,0x89,0x08,0x60,0x03,0x88,0xb8,0xbc,0x00,0x22,0x63,0x81,0xab,0xad,0x08,0x16,0x21,0x08,0xfa,
  0x8a,0x80,0x60,0x03,0x08,0xc0,0x9d,0x80,0x10,0x35,0x08,0xa9,0xda,0x89,0x40,0x12,0x03,0xd0,0xbb,0x8a,0x50,0x16,0x00,0x88,0xaf,0x08,0x08,0x45,0x80,0x00,0xfb,0x88,
  0x00,0x42,0x03,0x98,0xbc,0x8b,0x18,0x27,0x02,0x90,0xbd,0x0a,0x88,0x74,0x01,0x08,0xf9,0x0a,0x88,0x60,0x03,0x08,0xb9,0x9e,0x80,0x23,0x23,0x80,0xdd,0x89,0x08,0x62,
  0x82,0x00,0xca,0x8c,0x80,0x00,0x36,0x80,0x00,0xfa,0x0a,0x08,0x51,0x83,0xa0,0xaa,0x8d,0x18,0x16,0x01,0x80,0xbd,0x88,0x08,0x73,0x01,0x88,0xba,0x8d,0x10,0x31,0xd8,
  0x78,0x82,0x09,0xb1,0x9f,0x10,0x00,0x53,0x90,0x8a,0xb9,0x0c,0x33,0x11,0x23,0xea,0x9a,0xa8,0x38,0x16,0x00,0x80,0xbc,0x0a,0x90,0x8f,0x72,0x04,0x08,0xa0,0x9f,0x08,
  0x08,0x45,0x80,0x80,0xda,0x8a,0x10,0x30,0x15,0xa0,0xa9,0xca,0x1a,0x33,0x42,0x02,0xdb,0x9a,0xcb,0x00,0x77,0x80,0x00,0xfb,0x88,0x80,0x71,0x82,0x80,0xc9,0x8c,0x00,
  0x23,0x23,0x88,0xbf,0x89,0x08,0x26,0x01,0x98,0xcb,0x8a,0x08,0x70,0x05,0x08,0xc8,0x0d,0x18,0x21,0x05,0x98,0x9d,0x88,0x28,0x17,0x80,0xb8,0x9d,0x08,0x33,0x32,0xa8,
  0xbf,0x88,0x08,0x70,0x03,0x88,0xc0,0x0e,0x38,0x02,0x04,0xd8,0x8c,0x80,0x40,0x85,0x90,0xa9,0x8d,0x28,0x14,0x01,0xc0,0xac,0x80,0x08,0x65,0x08,0x80,0xfa,0x09,0x38,
  0x50,0x01,0xe8,0x0a,0x09,0x60,0x83,0x00,0xd9,0x8b,0x00,0x33,0x05,0x98,0x9d,0x8a,0x08,0x65,0x08,0x80,0xfa,0x09,0x88,0x71,0x82,0x80,0xbb,0x0d,0x08,0x16,0x82,0x80,
  0xbe,0x08,0x08,0x45,0x80,0x80,0xeb,0x09,0x88,0x72,0x01,0x08,0xf9,0x0a,0x88,0x50,0x04,0x08,0xba,0x8d,0x80,0x44,0x81,0x00,0xcc,0x09,0x88,0x63,0x01,0x88,0xcb,0x8a,
  0x00,0x00,0x75,0x08,0x80,0xe9,0x8a,0x10,0x32,0x04,0x98,0xaf,0x88,0x00,0x36,0x08,0x98,0xbc,0x89,0x40,0x23,0x83,0xd8,0xac,0x98,0x08,0x72,0x04,0x08,0xb8,0x8f,0x08,
  0x38,0x16,0x80,0xc9,0x9a,0x08,0x71,0x02,0x80,0xd9,0x8b,0x80,0x43,0x13,0x88,0xbd,0x9a,0x08,0x71,0x85,0x00,0xd8,0x8b,0x80,0x40,0x86,0x00,0xca,0x9a,0x80,0x54,0x01,
  0x08,0xeb,0x89,0x80,0x53,0x82,0x90,0xcb,0x0b,0x88,0x71,0x84,0x00,0x98,0x9f,0x08,0x28,0x26,0x08,0xb9,0xcb,0x80,0x70,0x12,0x08,0xd8,0x8c,0x80,0x48,0x14,0x08,0xb8,
  0xbc,0x80,0x21,0x88,0x47,0x08,0x19,0xfa,0x09,0x38,0x20,0x05,0xb8,0x9c,0x98,0x18,0x37,0x80,0x80,0xcc,0x89,0x10,0x41,0x04,0x98,0xab,0xab,0x08,0x38,0x77,0x80,0x80,
  0xfa,0x09,0x08,0x41,0x04,0x08,0xbb,0xab,0x08,0x71,0x14,0x08,0xc8,0x9c,0x08,0x18,0x15,0x9a,0x16,0x80,0x0c,0xb0,0x8b,0x62,0x80,0x31,0xb8,0x9d,0x88,0x09,0x54,0x81,
  0x08,0xb9,0xac,0x88,0x70,0x05,0x08,0x90,0xae,0x08,0x08,0x73,0x81,0x80,0xbb,0x0d,0x88,0x53,0x02,0x80,0xe9,0x9a,0x80,0x18,0x73,0x01,0x08,0xc9,0x8d,0x80,0x30,0x16,
  0x08,0xc8,0xba,0x80,0x58,0x14,0x80,0xb0,0xbd,0x80,0x18,0x36,0x00,0x88,0xbf,0x80,0x15,0x10,0x00,0xfa,0x0a,0x88,0x40,0x05,0x80,0x90,0xae,0x08,0x18,0x53,0x01,0x90,
  0xbb,0x9d,0x00,0x24,0x32,0x00,0xcc,0xaa,0x8a,0x08,0x72,0x07,0x08,0x90,0xae,0x08,0x88,0x73,0x01,0x08,0xba,0x9d,0x80,0x32,0x53,0x80,0xc8,0xba,0x8a,0x38,0x26,0x12,
  0x90,0xbc,0xaa,0x99,0x09,0x71,0x27,0x08,0x80,0xcd,0x08,0x88,0x51,0x03,0x08,0xa8,0xbe,0x80,0x10,0x42,0x04,0x98,0xaa,0xbb,0x1a,0x43,0x43,0x12,0xb9,0xbc,0xba,0x8e,
  0x40,0x37,0x08,0x80,0xfb,0x89,0x80,0x30,0x17,0x08,0xa0,0xdb,0x09,0x18,0x42,0x13,0x00,0xbc,0xbb,0x8a,0x42,0x25,0x12,0xa0,0xbc,0xbb,0xb9,0x00,0x77,0x83,0x00,0xb9,
  0x9f,0x80,0x18,0x63,0x81,0x00,0xba,0xac,0x80,0x40,0x24,0x82,0x90,0xcc,0x9a,0x09,0x42,0x24,0x81,0xa8,0xdb,0x9a,0x18,0x03,0x0e,0x75,0x08,0x88,0xa8,0x9e,0x08,0x11,
  0x41,0x02,0xa8,0xab,0xac,0x19,0x42,0x33,0x12,0xb9,0xcc,0x9b,0x19,0x43,0x24,0x01,0xa9,0xcc,0xaf,0x40,0x07,0x00,0x80,0xcb,0x9a,0x88,0x40,0x24,0x11,0xa0,0xbc,0x9a,
  0x0a,0x51,0x23,0x12,0xe0,0x9f,0x40,0x82,0x28,0xa0,0xac,0x88,0x8a,0x34,0x12,0x01,0xc8,0x9c,0x99,0x88,0x0d,0x76,0x81,0x80,0xc9,0x8c,0x80,0x21,0x25,0x90,0xa9,0xca,
  0x09,0x32,0x42,0x02,0xca,0xba,0xdb,0x00,0x67,0x80,0x80,0xdc,0x80,0x18,0x43,0x82,0xb8,0xbb,0x8c,0x60,0x13,0x10,0xca,0xab,0x18,0x42,0x23,0xa0,0xcb,0xbb,0x21,0x25,
  0xce,0x72,0x01,0x9a,0xb0,0x0d,0x41,0x00,0x21,0xda,0x8a,0x80,0x31,0x14,0x99,0xa9,0xbb,0x40,0x23,0x12,0xb0,0xae,0x89,0x11,0x34,0x91,0x9a,0xbb,0x0a,0x34,0x23,0x91,
  0xff,0x2f,0x17,0x98,0x80,0xcc,0x18,0x02,0x21,0x82,0xdb,0x88,0x98,0x41,0x03,0x98,0xa8,0xab,0x20,0x22,0x12,0x91,0xff,0x1d,0x26,0x90,0x80,0xd9,0x0a,0x21,0x10,0x12,
  0xb9,0x9b,0x88,0x20,0x26,0x80,0x9a,0xef,0x28,0x17,0x90,0x88,0xdb,0x88,0x23,0x21,0x02,0xcc,0x8b,0x00,0x42,0x13,0xb8,0xfc,0x09,0x35,0x80,0x81,0xdc,0x09,0x10,0x41,
  0x02,0xa9,0xbb,0x9b,0x51,0x24,0x81,0xaf,0x22,0x98,0x31,0xb0,0x8b,0xa0,0x1b,0x25,0x00,0x11,0xda,0x8a,0x9a,0x91,0x9f,0x67,0x08,0x81,0xd9,0x09,0x99,0x40,0x12,0x11,
  0xb1,0xac,0xaa,0x09,0x14,0x1d,0x37,0x88,0x00,0xdc,0x09,0x80,0x31,0x04,0x00,0xc8,0xab,0x98,0x30,0x44,0x11,0xa0,0xdf,0x10,0x02,0x41,0x88,0x9a,0xcb,0x89,0x23,0x43,
  0x13,0xba,0xdb,0x9c,0x10,0x42,0x33,0x90,0xba,0xbd,0x9d,0x18,0x57,0x81,0x00,0xbb,0xab,0x08,0x70,0x32,0x81,0xc0,0xca,0x9a,0x10,0x43,0x33,0x90,0xca,0xbc,0x89,0x31,
  0x44,0x12,0xf8,0x8e,0x30,0x21,0x02,0xb8,0xbb,0xad,0x18,0x24,0x24,0x92,0xba,0xbc,0x9b,0x31,0x35,0x33,0x98,0xbc,0xad,0x09,0x32,0x34,0xf8,0x2d,0x05,0x08,0x81,0xbb,
  0x99,0x89,0x42,0x23,0x02,0xb8,0xad,0x9b,0x19,0x34,0x34,0x01,0xc9,0xcb,0xbf,0x38,0x27,0x11,0x80,0xda,0xab,0x09,0x48,0x34,0x12,0x90,0xbd,0xab,0x0a,0x52,0x03,0x0d,
  0x26,0xa0,0x08,0xca,0x8a,0x01,0x31,0x24,0x98,0xa9,0xcb,0x8a,0x21,0x53,0x03,0xfd,0x4b,0x05,0x09,0x82,0xbb,0x89,0x89,0x41,0x22,0x11,0xb0,0xbc,0xaa,0x1a,0x43,0xb3,
  0xcf,0x47,0x90,0x18,0xc8,0x8b,0x80,0x18,0x24,0x11,0x00,0xbb,0xac,0x8a,0x20,0x25,0xf9,0x69,0x04,0x89,0x91,0xbb,0x09,0x88,0x53,0x03,0x00,0xb9,0xad,0x99,0x20,0x44,
  0x02,0xde,0x48,0x83,0x19,0x91,0xbc,0x80,0x09,0x52,0x02,0x00,0xb9,0xac,0x89,0x10,0x35,0x82,0xef,0x40,0x82,0x18,0xa1,0xac,0x88,0x0a,0x34,0x11,0x02,0xd9,0xaa,0xa9,
  0x38,0x34,0x83,0xdf,0x42,0x80,0x20,0xb8,0x9b,0xb8,0x2b,0x16,0x21,0x03,0xba,0xba,0xad,0x10,0x32,0x94,0xbf,0x36,0x08,0x11,0xda,0x8a,0xa9,0x20,0x24,0x22,0x91,0xcb,
  0xbb,0x9a,0x52,0x43,0xc2,0x0f,0x13,0x19,0x12,0xca,0x99,0xba,0x20,0x24,0x31,0x81,0xbc,0xab,0x9c,0x52,0x22,0xf1,0x2c,0x04,0x20,0x01,0xcb,0x99,0xab,0x30,0x25,0x21,
  0x91,0xbd,0xa9,0x8a,0x42,0x33,0xf9,0x3c,0x04,0x21,0x82,0xdb,0xa9,0xab,0x31,0x25,0x31,0xa0,0xbd,0xa9,0x8a,0x62,0x02,0xfa,0x5a,0x02,0x21,0x92,0xbc,0x9a,0x9b,0x51,
  0x13,0x13,0xa0,0x9e,0xaa,0x89,0x42,0xf8,0x6b,0x13,0x01,0x92,0xbd,0x9a,0x8a,0x51,0x23,0x12,0xa0,0xad,0x9b,0x0a,0x22,0xfd,0x71,0x02,0x00,0xa0,0xac,0x99,0x09,0x41,
  0x23,0x11,0xb0,0xbc,0xab,0x1a,0x03,0xaf,0x57,0x01,0x00,0xc8,0xab,0x99,0x18,0x25,0x22,0x81,0xca,0xbb,0xaa,0x31,0xa4,0x3e,0x37,0x08,0x80,0xcc,0x89,0x89,0x41,0x22,
  0x21,0xa8,0xad,0xaa,0x0a,0x43,0xe1,0x78,0x83,0x08,0xa0,0x9d,0x88,0x09,0x33,0x12,0x12,0xea,0x9a,0xab,0x20,0x23,0xfb,0x55,0x90,0x11,0xc9,0x8a,0xb8,0x38,0x14,0x31,
  0x93,0xbb,0xcb,0x9d,0x20,0x22,0xf9,0x70,0x82,0x18,0xc1,0x9b,0x98,0x0a,0x34,0x12,0x13,0xd9,0xaa,0xbb,0x29,0x25,0x33,0x03,0xfb,0xaf,0x22,0x11,0x06,0x90,0xaa,0xcb,
  0x89,0x32,0x43,0x24,0xb8,0xba,0xbd,0x1a,0x31,0x44,0x22,0xa0,0xca,0xcc,0x8b,0x20,0x37,0x04,0x08,0xb8,0xcd,0x09,0x88,0x42,0x24,0x00,0x98,0xbd,0x9b,0x80,0x61,0x33,
  0x01,0x98,0xbd,0xbb,0x88,0x42,0x44,0x82,0xcd,0x20,0x81,0x30,0x84,0xab,0x98,0xcc,0x10,0x02,0x40,0x13,0xaa,0x99,0xbd,0x19,0x12,0x42,0x15,0x98,0x99,0xcb,0x0b,0x02,
  0xf0,0x0d,0x36,0x10,0x02,0xc0,0x9c,0xb9,0x8b,0x53,0x21,0x43,0xa0,0xaa,0xca,0xac,0x21,0x12,0x54,0xd0,0x2b,0x03,0x0a,0x25,0xc9,0x08,0xc8,0x0a,0x83,0x19,0x26,0x99,
  0x10,0xca,0x1b,0xfc,0x20,0x15,0x31,0x08,0xd8,0xa9,0x9d,0x80,0x13,0x53,0x83,0x99,0xca,0xac,0x08,0x11,0x35,0x03,0xa0,0xef,0x00,0x81,0x52,0x81,0x80,0xc8,0xab,0x88,
  0x18,0x45,0x01,0x81,0xc9,0xaa,0x9a,0x28,0x25,0x23,0x02,0xca,0xca,0xab,0x18,0x42,0x34,0xd1,0x9f,0x13,0x18,0x15,0x98,0x89,0xdb,0x89,0x00,0x50,0x12,0x00,0x90,0xbc,
  0xa9,0x89,0x52,0x32,0x31,0xa0,0xbc,0xcb,0x8a,0x31,0x53,0x24,0x80,0xba,0xdb,0xaa,0x00,0xdf,0x60,0x03,0x32,0x08,0xdb,0xb9,0xac,0x20,0x22,0x45,0x01,0xa9,0xb9,0xad,
  0x08,0x11,0x63,0x02,0x88,0xb8,0xcb,0xdc,0x80,0x25,0x42,0x01,0x88,0xbb,0xbe,0x89,0x20,0x53,0x24,0x90,0x99,0xdb,0x9b,0x89,0x68,0x24,0x03,0x08,0xf9,0xaa,0x89,0x00,
  0x35,0x22,0x00,0xcb,0xcb,0x9a,0x08,0x20,0x67,0x81,0x00,0xa8,0xad,0x09,0x08,0x34,0x22,0x81,0xd9,0xbb,0x9a,0x28,0x25,0x98,0x45,0x80,0x08,0xb9,0xac,0x88,0x18,0x44,
  0x11,0x00,0xc9,0xab,0x9a,0x28,0x53,0xa3,0xcf,0x33,0x10,0x24,0xa1,0xac,0xca,0x8c,0x00,0x33,0x34,0x02,0xa9,0xcc,0xab,0x09,0x32,0x35,0xfb,0x5a,0x02,0x21,0x82,0xbb,
  0xbb,0xae,0x19,0x31,0x53,0x03,0x90,0xc9,0xac,0x8b,0x28,0x52,0x33,0x12,0x99,0xcc,0xab,0xfd,0x09,0x24,0x34,0x82,0x00,0xdb,0xcc,0x89,0x80,0x42,0x34,0x01,0x88,0xdb,
  0xab,0x9a,0x10,0x53,0x33,0x13,0xa8,0xeb,0xab,0x9b,0x21,0x53,0x24,0x02,0xf9,0x9f,0x11,0x10,0x33,0x81,0x89,0xeb,0x9c,0x08,0x10,0x53,0x02,0x00,0xc9,0xab,0x9a,0x19,
  0x44,0x23,0x12,0xb8,0xbd,0xba,0x8a,0x42,0x34,0x24,0x90,0xca,0xcb,0x9a,0xcd,0x70,0x13,0x22,0x80,0xe9,0xaa,0xab,0x10,0x24,0x44,0x82,0xa9,0xcb,0xac,0x00,0x22,0x35,
  0x12,0x99,0xdb,0xbb,0x08,0x31,0x45,0x12,0x98,0xfa,0x9d,0x28,0x21,0x35,0x80,0xa8,0xeb,0x9b,0x00,0x32,0x35,0x81,0xa8,0xeb,0x8b,0x08,0x41,0x24,0x01,0x98,0xdb,0x9a,
  0x88,0x40,0x84,0x1b,0x16,0x89,0x11,0xda,0x08,0xc8,0x20,0x02,0x28,0x83,0xac,0x80,0xbd,0x41,0x90,0x52,0x91,0x09,0xc0,0x8b,0x92,0xef,0x41,0x81,0x43,0x91,0x8a,0xea,
  0x9b,0x01,0x28,0x26,0x00,0x00,0xda,0x8a,0xa8,0x20,0x15,0x21,0x02,0xcb,0xed,0x19,0x21,0x52,0x02,0x98,0xc9,0xac,0x89,0x10,0x63,0x02,0x01,0xa9,0xac,0x9a,0x1a,0x34,
  0x33,0xa3,0xbf,0x02,0x09,0x53,0x90,0x18,0xda,0x8a,0xa0,0x18,0x15,0x01,0x03,0xbb,0xa9,0xbc,0x29,0x83,0xff,0x51,0x11,0x22,0x91,0xab,0xeb,0x9b,0x08,0x21,0x36,0x01,
  0x81,0xca,0xab,0xab,0x28,0x82,0x2f,0x27,0x11,0x02,0xca,0xaa,0xbc,0x19,0x21,0x73,0x12,0x08,0xb9,0xac,0xa9,0x09,0x33,0xd8,0x71,0x12,0x31,0xb1,0x9d,0xc9,0x8c,0x01,
  0x30,0x34,0x00,0x81,0xbc,0xaa,0xac,0x20,0x02,0x0d,0x37,0x10,0x13,0xca,0xa9,0xcd,0x08,0x08,0x52,0x12,0x21,0xb8,0xba,0xeb,0x0a,0x11,0xb1,0x79,0x15,0x20,0x81,0xac,
  0xb9,0x9e,0x00,0x11,0x25,0x01,0x00,0xdb,0x99,0x9a,0x30,0x33,0x44,0x91,0xfa,0x9f,0x11,0x20,0x34,0x88,0x98,0xcc,0x8a,0x98,0x52,0x13,0x11,0xa0,0xad,0xb9,0x0a,0x33,
  0x43,0x15,0xa8,0xa9,0xbd,0x1a,0x11,0x63,0x12,0xfa,0x1c,0x81,0x51,0x83,0x09,0xa8,0x9f,0x08,0x09,0x43,0x01,0x10,0xc8,0x8b,0xc9,0x29,0x14,0x31,0x03,0xac,0xa9,0xae,
  0x10,0x21,0x53,0x81,0x88,0xda,0x9a,0x90,0x40,0x24,0xb1,0x9f,0x12,0x19,0x17,0x98,0x90,0xca,0x09,0x89,0x51,0x02,0x21,0xb1,0xab,0xda,0x8b,0x22,0x41,0x25,0x90,0xa0,
  0xbc,0x9b,0x8a,0x13,0x9f,0x37,0x10,0x14,0xa9,0x99,0xcd,0x09,0x80,0x51,0x12,0x01,0xa1,0xac,0xaa,0x8c,0x10,0xb2,0x78,0x05,0x20,0x82,0xab,0xca,0xbc,0x10,0x20,0x45,
  0x01,0x00,0xc9,0xaa,0xaa,0x0a,0xbc,0x75,0x13,0x31,0xb1,0xbb,0xdc,0x9b,0x10,0x31,0x27,0x01,0x90,0xba,0xac,0x99,0x28,0x53,0xc2,0x49,0x04,0x29,0x01,0xac,0x99,0xdb,
  0x28,0x81,0x23,0x05,0x08,0x98,0xbc,0xa8,0x89,0x31,0x25,0x43,0xfa,0x1f,0x01,0x20,0x15,0x99,0x88,0xdb,0x89,0x98,0x20,0x24,0x21,0x02,0xbb,0xbb,0xcc,0x19,0x22,0x73,
  0x22,0x90,0xdf,0x18,0x00,0x41,0x13,0x08,0xb8,0xcd,0x99,0xa9,0x32,0x14,0x32,0x03,0xbb,0xaa,0xbf,0x08,0x80,0xda,0x72,0x12,0x42,0x82,0xab,0xc9,0xad,0x09,0x80,0x52,
  0x13,0x10,0x91,0xbc,0xa9,0xbc,0x80,0x9f,0x54,0x11,0x42,0x91,0x8a,0xca,0x9d,0x98,0x08,0x53,0x11,0x22,0xa0,0xba,0xda,0xbc,0x0c,0x42,0x42,0x25,0x81,0xa8,0xdb,0xab,
  0xa9,0x20,0x53,0x42,0x13,0x98,0xba,0xbd,0xeb,0x0b,0x24,0x42,0x24,0x81,0x98,0xcc,0xaa,0xaa,0x28,0x34,0x43,0x23,0x91,0xb9,0xcd,0xab,0xbd,0x48,0x22,0x54,0x12,0x80,
  0xa8,0xbd,0xaa,0x9b,0x20,0x43,0x44,0x13,0x80,0xb8,0xcc,0xba,0x9a,0x90,0x3b,0x67,0x11,0x23,0x98,0xab,0xeb,0x9b,0x88,0x28,0x53,0x13,0x13,0xa1,0xba,0xeb,0xab,0x89,
  0xe8,0x39,0x17,0x22,0x14,0xa0,0x89,0xeb,0x9a,0x99,0x09,0x42,0x22,0x32,0x92,0x99,0xb9,0xce,0xbd,0x28,0x32,0x73,0x14,0x00,0x88,0xca,0xab,0xb9,0x8a,0x32,0x41,0x43,
  0x83,0x00,0xd9,0xdf,0x00,0x00,0x40,0x23,0x18,0x01,0xcb,0x9a,0xca,0x8b,0x02,0x28,0x54,0x01,0x10,0xc0,0xbf,0x10,0x88,0x63,0x02,0x20,0x80,0xbc,0x98,0xdb,0x09,0x81,
  0x40,0x33,0x18,0x13,0xfa,0x9f,0x81,0x18,0x42,0x82,0x21,0xa1,0x9c,0xc9,0xac,0x18,0x88,0x43,0x13,0x21,0x82,0xfc,0x9c,0x80,0x20,0x34,0x13,0x23,0xc8,0xab,0xdc,0xaa,
  0x80,0x18,0x53,0x12,0x12,0x90,0xdd,0x9c,0x88,0x31,0x35,0x32,0x12,0xb8,0xcb,0xbc,0xac,0x88,0x20,0x34,0x23,0x13,0xc0,0xfd,0x8a,0x98,0x21,0x25,0x12,0x12,0xa9,0xb9,
  0xad,0x9b,0x09,0x32,0x34,0x53,0x12,0xa8,0xfe,0x8a,0x88,0x30,0x24,0x23,0x13,0xab,0xda,0xbc,0xaa,0x09,0x20,0x24,0x24,0x14,0x01,0xfa,0x9c,0xa8,0x18,0x34,0x33,0x33,
  0x90,0x8b,0xcf,0x9a,0xa9,0x08,0x32,0x33,0x27,0x00,0x88,0xfb,0x9d,0x90,0x28,0x43,0x13,0x14,0xa0,0x98,0xcc,0xba,0x99,0x19,0x32,0x53,0x34,0x01,0x08,0xfc,0x9c,0x98,
  0x28,0x44,0x21,0x13,0x90,0xaa,0xeb,0xaa,0xa9,0x19,0x31,0x42,0x34,0x12,0x11,0xaa,0xdf,0xac,0x98,0x28,0x53,0x33,0x24,0x01,0x89,0xea,0xba,0xab,0x9b,0x28,0x31,0x35,
  0x53,0x12,0x91,0xa8,0xfb,0xae,0x08,0x89,0x42,0x23,0x33,0x04,0x80,0xb9,0xac,0xcb,0xbb,0xaa,0x08,0x63,0x23,0x33,0x22,0x11,0x91,0xfd,0x9b,0xb8,0x19,0x23,0x23,0x44,
  0x20,0x80,0xb1,0xa9,0xd9,0xad,0xba,0xa9,0x12,0x40,0x20,0x04,0x21,0x30,0x38,0xc0,0x08,0x34,0x48,0x0b,0xb4,0x88,0x4c,0x8b,0x8b,0xd0,0x08,0xbc,0xaf,0xa0,0x22,0x83,
  0x70,0x82,0x04,0x28,0x08,0xb8,0xf0,0x98,0x08,0x3b,0x08,0x07,0x21,0x0a,0xb8,0x80,0xb4,0x0c,0x8b,0x34,0xb4,0x03,0x08,0x8d,0xfb,0xa8,0x08,0x32,0x84,0x03,0x08,0x58,
  0x8b,0x80,0x80,0x80,0x8f,0xc0,0xb3,0x48,0x4b,0x08,0xc8,0x84,0x80,0xd0,0xbb,0xc0,0x83,0x40,0x70,0x02,0x82,0x80,0x08,0x00,0xfe,0x00,0xf0,0xff,0x8f,0xbf,0xbb,0x48,
  0x40,0x03,0x53,0x36,0x40,0x08,0xa2,0xb2,0x00,0x8c,0x0b,0xc8,0x0c,0x8b,0x0c,0xec,0x98,0x5a,0x08,0x28,0x22,0x30,0x78,0x89,0xa0,0x08,0x30,0x43,0xb3,0x84,0x80,0x8c,
  0x80,0xcc,0xb8,0x08,0x8d,0xc0,0xb3,0xc8,0xbc,0x0b,0x53,0x16,0x22,0x08,0x0b,0xb3,0xc3,0x64,0x08,0x98,0xb2,0x80,0x4b,0x48,0xbb,0x03,0x58,0x8b,0xd0,0xb0,0x08,0x0d,
  0x0c,0xb8,0x84,0x30,0x3c,0x00,0x08,0x3e,0x7b,0xa9,0xa0,0x82,0x33,0x7b,0x02,0xa8,0xa8,0x3c,0x0b,0x73,0x04,0x2a,0x0a,0x0b,0xb8,0x80,0x4c,0x08,0xc8,0x03,0x8c,0x4b,
  0xb8,0x08,0x35,0x08,0x8c,0xf4,0xcf,0x10,0x53,0x22,0x81,0xb8,0xaa,0x09,0x98,0x98,0xac,0x2b,0x3b,0x02,0x03,0x3c,0x48,0x03,0x84,0x4b,0xff,0xcf,0x28,0x53,0x33,0x82,
  0xc9,0xab,0x89,0x88,0x88,0xa8,0x80,0x52,0x32,0x00,0x90,0x99,0x89,0xa0,0xea,0xa0,0xff,0xdf,0x21,0x36,0x12,0xa0,0xbc,0xab,0x09,0x11,0x22,0x12,0x01,0x08,0xaa,0xbb,
  0x99,0x18,0x34,0x24,0x82,0xca,0x9a,0xfa,0xff,0x0d,0x63,0x24,0x80,0xca,0xbb,0x8a,0x41,0x43,0x11,0xa8,0xba,0xab,0x09,0x32,0x25,0x11,0x98,0xbb,0x9c,0x18,0x32,0x34,
  0x01,0xf9,0xff,0x09,0x63,0x03,0x80,0xe8,0x9b,0x88,0x40,0x32,0x01,0xa9,0xab,0x9b,0x18,0x42,0x23,0x02,0xa9,0xbc,0x9b,0x18,0x42,0x42,0x00,0xa9,0xfb,0xff,0x00,0x62,
  0x02,0x08,0xc8,0x9d,0x80,0x20,0x24,0x81,0xa8,0xba,0x9a,0x18,0x32,0x23,0x11,0xb9,0xac,0x9a,0x18,0x32,0x33,0x02,0xb9,0xfc,0xff,0x19,0x72,0x03,0x08,0xd0,0x9c,0x88,
  0x20,0x24,0x01,0x99,0xaa,0x8a,0x19,0x10,0x21,0x21,0x80,0x98,0xab,0xaa,0x11,0x51,0x21,0x80,0xff,0xaf,0x20,0x75,0x00,0x08,0xda,0x8a,0x08,0x23,0x02,0x88,0x89,0x08,
  0x80,0xa9,0x9a,0x18,0x53,0x21,0x98,0xa9,0x8a,0x01,0xb1,0xff,0x9f,0x12,0x47,0x08,0x80,0xdb,0x8a,0x10,0x12,0x01,0x88,0x01,0x11,0x99,0xbb,0x9b,0x38,0x43,0x13,0x88,
  0x8a,0x0a,0xc9,0xff,0x8f,0x22,0x27,0x08,0x80,0xcc,0x8a,0x00,0x21,0x22,0x01,0x80,0x98,0xbb,0xba,0x0a,0x32,0x25,0x22,0x90,0xba,0xff,0x8e,0x11,0x55,0x80,0x00,0xc9,
  0xab,0x80,0x28,0x32,0x24,0x01,0x98,0xbb,0xbc,0x9a,0x20,0x42,0x23,0x12,0xf9,0xcf,0x10,0x62,0x83,0x00,0xb8,0xbc,0x99,0x18,0x21,0x33,0x14,0x01,0xa9,0xbb,0xbb,0x89,
  0x20,0x43,0x22,0xff,0x0e,0x21,0x45,0x08,0x80,0xb9,0xbb,0x99,0x10,0x21,0x43,0x22,0x81,0xa8,0xca,0x9a,0x9a,0x00,0x21,0xfd,0x8f,0x21,0x73,0x83,0x80,0xa0,0xad,0x9a,
  0x88,0x10,0x22,0x23,0x12,0x80,0x99,0xbb,0xaa,0x99,0x08,0xf0,0xff,0x18,0x42,0x35,0x08,0x08,0xca,0xba,0x9a,0x09,0x10,0x32,0x43,0x12,0x81,0x98,0xb9,0xba,0xaa,0xff,
  0x8f,0x20,0x41,0x24,0x81,0x80,0xa8,0xcb,0xba,0xaa,0x88,0x11,0x42,0x32,0x23,0x22,0x88,0x99,0xec,0xff,0x09,0x11,0x33,0x33,0x12,0x08,0xaa,0xcc,0xbb,0xab,0xaa,0x88,
  0x10,0x33,0x25,0x43,0x22,0x01,0xfb,0xff,0x00,0x21,0x23,0x21,0x10,0x88,0xba,0xbc,0xbb,0xbb,0x9a,0x88,0x31,0x43,0x34,0x33,0x13,0xc2,0xff,0x0f,0x10,0x32,0x12,0x11,
  0x00,0xa9,0xbb,0xbc,0xbb,0xbb,0x99,0x11,0x34,0x43,0x43,0x32,0x11,0xfc,0xdf,0x10,0x31,0x22,0x12,0x01,0x90,0xb9,0xcc,0xba,0xba,0x9a,0x89,0x11,0x43,0x43,0x33,0x33,
  0xa3,0xff,0x8f,0x11,0x23,0x21,0x11,0x00,0x98,0xcb,0xbc,0xba,0xba,0x8a,0x19,0x31,0x44,0x43,0x32,0x22,0xf8,0xdf,0x28,0x22,0x12,0x11,0x11,0x80,0xca,0xca,0xaa,0xbb,
  0xaa,0x89,0x11,0x43,0x44,0x22,0x14,0x91,0xff,0x8b,0x32,0x24,0x11,0x10,0x11,0xa8,0xbc,0xbb,0xbb,0xcb,0x9a,0x09,0x32,0x34,0x35,0x42,0x22,0xf8,0xcf,0x10,0x32,0x12,
  0x01,0x11,0x80,0xba,0xbc,0xcb,0xba,0xab,0x8a,0x11,0x34,0x63,0x32,0x33,0x13,0xf1,0xff,0x08,0x11,0x03,0x01,0x21,0x80,0xa8,0xba,0xcb,0xbb,0xab,0xaa,0x10,0x43,0x44,
  0x33,0x33,0x32,0x00,0xff,0xaf,0x10,0x32,0x12,0x12,0x11,0x80,0xba,0xbc,0xbc,0xbb,0xab,0x0a,0x21,0x53,0x34,0x34,0x23,0x03,0xb8,0xff,0x8f,0x10,0x12,0x21,0x20,0x10,
  0x98,0xba,0xac,0xac,0xaa,0x99,0x10,0x42,0x43,0x24,0x22,0x01,0x90,0xbb,0xfc,0xdf,0x08,0x12,0x23,0x22,0x32,0x80,0xa9,0xdc,0xba,0xbb,0x9b,0x08,0x32,0x45,0x43,0x23,
  0x11,0x88,0xbb,0xcd,0xdb,0xaf,0x80,0x31,0x15,0x23,0x22,0x81,0xa8,0xda,0xcb,0xbb,0xab,0x89,0x10,0x43,0x45,0x32,0x23,0x11,0xa0,0xca,0xbc,0xfe,0x9a,0x80,0x32,0x32,
  0x24,0x24,0x01,0x99,0xba,0xcc,0xcb,0xaa,0x99,0x10,0x22,0x35,0x34,0x23,0x22,0x88,0xba,0xdc,0xdb,0xcf,0x08,0x28,0x33,0x32,0x43,0x13,0x08,0xc9,0xcb,0xbc,0xbb,0xab,
  0x09,0x31,0x34,0x36,0x33,0x33,0x01,0xa8,0xcb,0xcc,0xbb,0xfe,0x0a,0x08,0x43,0x23,0x23,0x24,0x08,0x88,0xcc,0xbb,0xad,0x9b,0x8a,0x10,0x32,0x45,0x33,0x43,0x12,0x90,
  0xa9,0xbc,0xcc,0xba,0xaa,0xea,0x8b,0x40,0x35,0x25,0x22,0x02,0x80,0xa0,0xcd,0xbb,0xcb,0xab,0x09,0x18,0x53,0x53,0x33,0x33,0x12,0x80,0xba,0xcd,0xbb,0xbc,0xab,0x8a,
  0xcd,0x10,0x35,0x45,0x22,0x22,0x08,0x08,0xda,0xbc,0xcb,0xbb,0x8a,0x80,0x31,0x54,0x34,0x23,0x23,0x00,0xb9,0xda,0xbc,0xac,0xab,0x99,0x10,0xfa,0x38,0x74,0x23,0x11,
  0x01,0x80,0xc0,0xbc,0xac,0x9b,0xaa,0x08,0x22,0x35,0x24,0x24,0x12,0x81,0xa8,0xca,0xcb,0xbb,0xbb,0xaa,0x18,0x22,0x25,0xff,0x10,0x44,0x12,0x00,0x11,0x00,0xca,0xcb,
  0x9a,0xaa,0xbb,0x9a,0x21,0x42,0x42,0x53,0x32,0x22,0x01,0x90,0xb9,0xbc,0xad,0xbb,0xbb,0x99,0x18,0xfc,0xef,0x31,0x53,0x01,0x01,0x22,0x00,0xbb,0xbc,0xba,0xda,0xaa,
  0x8a,0x18,0x12,0x43,0x53,0x33,0x32,0x11,0x80,0xb9,0xbc,0xbc,0xbc,0x9b,0xaa,0x08,0xf1,0xff,0x2a,0x53,0x13,0x11,0x21,0x11,0xb9,0xbc,0xbb,0xbb,0xad,0xaa,0x88,0x20,
  0x32,0x34,0x53,0x32,0x22,0x01,0x80,0xaa,0xbd,0xbb,0xaa,0xbb,0x99,0x19,0xff,0xff,0x48,0x32,0x10,0x01,0x12,0x90,0xba,0xac,0xbb,0xca,0xaa,0x89,0x08,0x32,0x24,0x34,
  0x24,0x12,0x11,0x80,0xa9,0xca,0xca,0xba,0xac,0x89,0x89,0x21,0x02,0xff,0xef,0x33,0x12,0x01,0x32,0x03,0xb9,0xab,0xab,0xbe,0xab,0xaa,0x99,0x88,0x10,0x34,0x53,0x32,
  0x24,0x12,0x00,0x88,0xab,0xcb,0xca,0xaa,0x9b,0xab,0x01,0x33,0xff,0xff,0x50,0x12,0x80,0x11,0x03,0x98,0xab,0x9a,0xcb,0xcb,0xa9,0x88,0x08,0x28,0x33,0x25,0x43,0x22,
  0x21,0x81,0xb9,0xac,0x9c,0xd9,0x99,0x89,0x18,0x18,0x23,0x33,0xfd,0xff,0x5b,0x33,0x01,0x08,0x21,0x81,0xca,0xac,0xa9,0xa9,0xba,0x9a,0x30,0x22,0x32,0x55,0x33,0x11,
  0x01,0x08,0xa9,0xac,0xca,0xbb,0xaa,0xa8,0x1a,0x11,0x43,0x45,0x22,0xfa,0xff,0x5b,0x23,0x81,0x00,0x22,0x90,0xcb,0xba,0xa8,0xaa,0x9d,0x88,0x10,0x81,0x31,0x44,0x22,
  0x02,0x02,0x11,0xaa,0xcb,0xc9,0xb9,0xab,0xaa,0x90,0x08,0x42,0x52,0x33,0x84,0xff,0xff,0x31,0x12,0x80,0x21,0x22,0x98,0xab,0xa9,0xba,0xbd,0x9c,0x89,0x98,0x18,0x41,
  0x23,0x23,0x32,0x34,0x02,0xa0,0x99,0xab,0xae,0xca,0x89,0x8b,0xb0,0x98,0x21,0x55,0x32,0xf2,0xff,0x1d,0x24,0x02,0x18,0x11,0x81,0xb9,0xab,0xaa,0xcb,0xbb,0x8a,0x19,
  0x11,0x22,0x36,0x23,0x23,0x33,0x81,0x80,0xea,0xa9,0xac,0xca,0xa9,0x99,0x08,0x41,0x41,0x14,0x32,0x42,0xff,0xdf,0x31,0x23,0x00,0x11,0x12,0x90,0xbc,0xba,0xaa,0xad,
  0x9b,0x89,0x11,0x33,0x63,0x32,0x22,0x11,0x82,0x98,0xca,0xcc,0xba,0xab,0x88,0x10,0x22,0x63,0x32,0x32,0x13,0x82,0xd0,0xff,0xff,0x10,0x22,0x01,0x11,0x21,0x90,0xa9,
  0xba,0xac,0xac,0xaa,0x88,0x10,0x38,0x34,0x26,0x22,0x21,0x88,0xb8,0xda,0x9a,0x9c,0x9b,0xa0,0x10,0x51,0x31,0x24,0x23,0x21,0x30,0x9a,0xfa,0xff,0x9f,0x23,0x12,0x11,
  0x12,0x82,0xa9,0xac,0xca,0xca,0xa9,0x89,0x00,0x11,0x42,0x43,0x13,0x14,0x00,0x99,0xba,0xda,0xaa,0x8a,0x9b,0x91,0x41,0x52,0x41,0x82,0x84,0x01,0x08,0x9a,0xca,0xff,
  0xff,0x30,0x22,0x01,0x11,0x01,0xa8,0xba,0xcb,0xac,0xaa,0x89,0x11,0x42,0x43,0x32,0x23,0x80,0xa9,0xdb,0xbb,0x9a,0x89,0x22,0x43,0x22,0x03,0x08,0xaa,0xbd,0xca,0xba,
  0x2a,0x5a,0x16,0xf8,0xff,0x3f,0x25,0x01,0x98,0xb9,0xbb,0x9a,0x20,0x43,0x33,0x01,0xb9,0xcc,0xaa,0x18,0x32,0x25,0x81,0xa9,0xaa,0x9b,0x11,0x34,0x03,0x90,0xdb,0xa9,
  0x18,0x41,0x23,0x81,0xca,0xab,0xff,0xff,0x70,0x03,0x08,0xba,0xac,0x08,0x43,0x23,0x90,0xcb,0xab,0x19,0x63,0x12,0x90,0xbb,0x9b,0x18,0x44,0x12,0x90,0xac,0xaa,0x30,
  0x43,0x02,0xb8,0xbc,0x8a,0x31,0x34,0x02,0xf9,0xff,0x29,0x27,0x00,0xb8,0xbc,0x80,0x51,0x23,0x98,0xca,0x9b,0x28,0x34,0x13,0xb9,0xad,0x8a,0x32,0x25,0x80,0xca,0xaa,
  0x18,0x34,0x12,0xb8,0xbc,0x0a,0x41,0x14,0x91,0xbb,0xab,0xfb,0x8f,0x66,0x00,0xa8,0xac,0x88,0x42,0x04,0x90,0xac,0x8a,0x32,0x24,0x98,0xcb,0x8a,0x31,0x24,0x91,0xcb,
  0x9a,0x40,0x32,0x91,0xca,0x9b,0x21,0x24,0x92,0xca,0x8b,0x20,0x24,0xd2,0xff,0x38,0x17,0x08,0xad,0x09,0x30,0x24,0x90,0xad,0x89,0x32,0x13,0xa8,0xdb,0x09,0x42,0x11,
  0xa8,0xca,0x08,0x42,0x02,0xa9,0xbb,0x28,0x43,0x02,0xc9,0x9b,0x38,0x42,0x92,0xca,0x9a,0xfb,0xcf,0x76,0x80,0xd8,0x8a,0x20,0x42,0x81,0xcb,0x0b,0x31,0x23,0xa0,0xbc,
  0x0a,0x43,0x03,0xb8,0xac,0x19,0x34,0x82,0xba,0xab,0x30,0x25,0x91,0xbb,0x8b,0x42,0x23,0x90,0xbc,0x89,0x43,0xf2,0xff,0x79,0x84,0xa0,0x9c,0x88,0x42,0x03,0xba,0x9c,
  0x20,0x33,0x81,0xbc,0x8b,0x42,0x13,0x98,0xbc,0x09,0x34,0x02,0xca,0x9b,0x20,0x24,0x91,0xbb,0x0b,0x43,0x32,0xb9,0xbd,0x10,0x43,0x01,0xff,0x2f,0x17,0x98,0xcb,0x88,
  0x62,0x82,0xc8,0x9a,0x20,0x33,0x91,0xcc,0x09,0x41,0x02,0xb8,0xbb,0x20,0x44,0x80,0xbb,0x0b,0x51,0x03,0xb8,0xbb,0x28,0x35,0x82,0xcb,0x8b,0x41,0x23,0xa8,0xfd,0x0f,
  0x36,0x08,0xbb,0x8c,0x40,0x05,0xa0,0xbb,0x19,0x34,0x02,0xca,0x9b,0x30,0x34,0x90,0xbc,0x89,0x42,0x03,0xa8,0xbc,0x18,0x43,0x02,0xca,0xaa,0x20,0x33,0x92,0xda,0x8a,
  0x41,0x22,0xff,0x5d,0x04,0x88,0xba,0x8c,0x41,0x03,0x90,0xac,0x0a,0x32,0x23,0xa8,0xbd,0x08,0x32,0x13,0xc0,0xba,0x1a,0x42,0x13,0xa9,0xcb,0x88,0x23,0x13,0xb0,0xbc,
  0x0a,0x43,0x23,0xa0,0xcb,0xff,0x8f,0x47,0x80,0xa0,0xad,0x10,0x21,0x12,0xb8,0xab,0x89,0x41,0x23,0x90,0xbb,0x9c,0x21,0x43,0x01,0xb9,0xba,0x08,0x43,0x22,0xa8,0xca,
  0xaa,0x21,0x32,0x82,0xc8,0xbb,0x0a,0x21,0xf2,0xff,0x79,0x15,0x83,0xeb,0x9a,0x88,0x51,0x02,0x80,0xb9,0xaa,0x10,0x31,0x23,0xa0,0xba,0x9d,0x18,0x31,0x23,0x90,0xba,
  0xab,0x49,0x33,0x13,0xa1,0xac,0xab,0x88,0x44,0x21,0x90,0xbb,0xed,0xff,0x6f,0x81,0x22,0xd0,0x99,0x9a,0x28,0x33,0x11,0x91,0xad,0x99,0x19,0x32,0x23,0x01,0xdb,0xaa,
  0x89,0x30,0x43,0x02,0xa9,0xbb,0xbb,0x28,0x35,0x43,0x00,0xca,0xba,0x89,0x41,0x43,0x81,0xfd,0xef,0x07,0x30,0x90,0x9b,0xba,0x0a,0x43,0x23,0x01,0xcb,0xab,0x8a,0x42,
  0x43,0x01,0xb9,0xcb,0x99,0x22,0x34,0x82,0xa9,0xcb,0x8a,0x41,0x33,0x02,0xc9,0xcb,0x99,0x21,0x53,0x00,0xb9,0xda,0xd9,0xff,0x70,0x02,0x03,0xad,0xaa,0x09,0x43,0x23,
  0x80,0xdb,0xaa,0x18,0x43,0x13,0x98,0xbc,0x9b,0x21,0x35,0x01,0xb9,0xac,0x09,0x42,0x13,0xa0,0xbb,0x9c,0x31,0x34,0x01,0xca,0xbb,0x10,0x34,0x23,0xff,0x1f,0x07,0x20,
  0xb9,0x9d,0x00,0x31,0x04,0x9a,0xba,0x09,0x34,0x11,0xb0,0xbc,0x08,0x42,0x23,0xc9,0xaa,0x1a,0x43,0x02,0xb8,0xdb,0x18,0x31,0x22,0xd9,0x9b,0x28,0x34,0x82,0xc9,0x9b,
  0x38,0x94,0xff,0x70,0x84,0x91,0xdc,0x29,0x11,0x22,0xb8,0x9d,0x00,0x40,0x02,0xa9,0x9a,0x1a,0x24,0x01,0xa9,0xbc,0x11,0x23,0x03,0xc9,0x8c,0x18,0x42,0x01,0xaa,0xab,
  0x2a,0x34,0x02,0xaa,0xad,0x10,0x24,0xfb,0xdf,0x47,0x00,0xa8,0xbd,0x21,0x20,0x12,0xc8,0x8b,0x88,0x31,0x14,0x99,0xaa,0x0b,0x32,0x23,0x80,0xbc,0x9b,0x32,0x33,0x82,
  0xdb,0xab,0x08,0x54,0x01,0xa9,0xb8,0x29,0x33,0x02,0xb8,0xbb,0xfa,0xff,0x7f,0x13,0x80,0xe9,0x8c,0x11,0x21,0x01,0xb9,0xaa,0x18,0x31,0x15,0x99,0xab,0x89,0x31,0x33,
  0x90,0xba,0x9e,0x10,0x32,0x01,0xa8,0xaa,0x19,0x23,0x15,0x98,0x9c,0x8a,0x10,0x25,0x00,0xba,0xff,0xff,0x44,0x02,0x88,0xeb,0x0a,0x20,0x21,0x02,0xb9,0xbb,0x19,0x41,
  0x23,0xa2,0xac,0x9a,0x18,0x24,0x02,0xa8,0xbb,0x8b,0x32,0x24,0x81,0xc9,0xba,0x89,0x43,0x22,0x81,0x99,0x8c,0x30,0x43,0xd1,0xff,0x9f,0x77,0x80,0x98,0xaa,0x89,0x31,
  0x12,0x81,0xb9,0x9c,0x08,0x22,0x13,0x90,0xba,0xab,0x28,0x34,0x21,0xa9,0xdb,0x89,0x30,0x42,0x83,0x90,0xbb,0x99,0x18,0x12,0x01,0xb0,0xba,0xc3,0x33,0xff,0xff,0x5f,
  0x15,0x90,0xa9,0xaa,0x0a,0x41,0x22,0x80,0xa9,0xbb,0x89,0x42,0x22,0x82,0xa9,0x9c,0x0a,0x11,0x33,0x00,0xaa,0xac,0x89,0x42,0x13,0x02,0xa0,0xbb,0xa9,0x08,0x02,0x83,
  0x84,0x0b,0xfc,0xff,0xff,0x73,0x02,0xa0,0xb9,0x9a,0x0a,0x31,0x24,0x01,0xa9,0xba,0x9a,0x28,0x33,0x33,0x80,0xbb,0xcc,0xa9,0x31,0x53,0x11,0x88,0xab,0x9b,0x0a,0x22,
  0x24,0x20,0x99,0xaa,0x83,0x38,0x30,0x40,0xff,0xff,0x2f,0x27,0x01,0xa9,0xab,0x9a,0x08,0x31,0x23,0x02,0xa8,0xbb,0xba,0x08,0x42,0x32,0x01,0x80,0x9b,0x9d,0x99,0x02,
  0x33,0x12,0xa9,0xc9,0x99,0x8a,0x29,0x02,0x37,0x21,0x28,0xea,0xf0,0xff,0x9f,0x46,0x02,0x98,0xba,0x8a,0x89,0x00,0x22,0x22,0x81,0xb9,0xaa,0x8a,0x18,0x41,0x22,0x21,
  0x89,0xaa,0xbb,0x99,0x11,0x24,0x12,0xa2,0xda,0x0a,0x1c,0x20,0x22,0x02,0x48,0x0b,0xaf,0xff,0xff,0x78,0x14,0x80,0xba,0x9a,0x88,0x00,0x21,0x23,0x81,0xa9,0xab,0x8a,
  0x00,0x32,0x22,0x01,0xb9,0xbb,0x9d,0x08,0x23,0x02,0x09,0xa0,0xc8,0x28,0x20,0x78,0x81,0x82,0x20,0x2a,0xbb,0xf0,0xff,0xdf,0x77,0x00,0xa8,0x9b,0x09,0x10,0x12,0x02,
  0x80,0xba,0x9a,0x18,0x22,0x22,0x08,0xba,0xb9,0x0a,0x42,0x22,0x93,0xa8,0x8a,0x9b,0xa2,0x22,0x62,0x08,0xca,0xe9,0x81,0x10,0x83,0xff,0xff,0x79,0x06,0x08,0xba,0x9b,
  0x18,0x33,0x14,0x90,0xba,0x9c,0x18,0x42,0x12,0x88,0xbb,0xaa,0x28,0x42,0x12,0xa0,0xba,0x9b,0x30,0x44,0x02,0x98,0x9c,0x8b,0x10,0x14,0x12,0xfa,0xff,0x2f,0x27,0x08,
  0xb8,0x9d,0x08,0x22,0x23,0x90,0xcb,0xaa,0x28,0x43,0x12,0xa0,0xcb,0x8b,0x21,0x34,0x01,0xaa,0xac,0x09,0x31,0x24,0x80,0xca,0xab,0x10,0x42,0x23,0xa8,0xbb,0xff,0xbf,
  0x76,0x00,0x98,0xbc,0x88,0x31,0x24,0x81,0xcb,0xab,0x10,0x34,0x12,0xa9,0xac,0x8a,0x32,0x34,0x80,0xcb,0x9b,0x10,0x34,0x01,0xb9,0xbb,0x1a,0x53,0x23,0x98,0xcb,0x8a,
  0xf1,0xff,0x68,0x85,0x00,0xbc,0x89,0x31,0x23,0x81,0xbc,0xab,0x30,0x35,0x00,0xba,0xab,0x28,0x34,0x03,0xc9,0xbb,0x29,0x42,0x12,0xb8,0xbb,0x1a,0x43,0x14,0x98,0xcb,
  0x8a,0x22,0x24,0xff,0x9f,0x56,0x08,0xc8,0x9b,0x10,0x43,0x01,0xb9,0xac,0x10,0x33,0x02,0xca,0xab,0x18,0x34,0x02,0xba,0xac,0x28,0x34,0x01,0xb9,0x9c,0x28,0x42,0x82,
  0xb9,0xac,0x20,0x33,0x92,0xda,0xfe,0x9f,0x73,0x83,0xc0,0x9c,0x00,0x43,0x01,0xba,0x9c,0x38,0x24,0x81,0xbb,0x8c,0x30,0x24,0x90,0xca,0x8a,0x41,0x12,0xa0,0xbb,0x1a,
  0x52,0x12,0xb9,0xac,0x28,0x33,0x83,0xca,0xab,0xf1,0xef,0x71,0x83,0xb0,0x8e,0x18,0x24,0x81,0xca,0x9a,0x41,0x22,0xa8,0xbb,0x09,0x34,0x03,0xca,0xab,0x21,0x34,0x90,
  0xcb,0x8a,0x42,0x13,0xb9,0xac,0x38,0x42,0x91,0xca,0x8a,0x41,0x22,0xa8,0xff,0x2e,0x27,0x08,0xae,0x08,0x33,0x03,0xe9,0x9b,0x30,0x24,0x98,0xbb,0x0a,0x53,0x12,0xba,
  0xab,0x21,0x25,0x90,0xcb,0x09,0x32,0x03,0xc9,0xab,0x30,0x25,0x90,0xca,0x09,0x22,0x13,0xca,0xfd,0x8f,0x65,0x08,0xc9,0x9a,0x40,0x32,0xa8,0xbc,0x18,0x42,0x82,0xc9,
  0x9a,0x30,0x14,0x90,0xcb,0x08,0x42,0x82,0xb9,0xaa,0x30,0x34,0xa0,0xdb,0x09,0x41,0x11,0xb8,0xab,0x38,0x43,0x91,0xfa,0xff,0x68,0x84,0x90,0xbb,0x0a,0x44,0x02,0xba,
  0xab,0x20,0x25,0x91,0xca,0x89,0x40,0x12,0xa8,0xba,0x19,0x51,0x02,0xb8,0xab,0x39,0x43,0x82,0xca,0x9b,0x30,0x34,0x91,0xba,0x8b,0x40,0x04,0xa1,0xff,0x9f,0x37,0x81,
  0xa8,0xbc,0x28,0x33,0x02,0xca,0xab,0x28,0x43,0x02,0xb9,0xac,0x18,0x33,0x13,0xba,0xbc,0x08,0x24,0x13,0xa9,0xac,0x0a,0x42,0x11,0xb0,0xca,0x89,0x32,0x53,0x91,0xaa,
  0x99,0xf0,0xff,0x7d,0x03,0x80,0xc8,0x9b,0x20,0x21,0x12,0xb9,0x9c,0x88,0x32,0x22,0xa8,0xaa,0x9b,0x31,0x24,0x82,0xba,0xab,0x18,0x23,0x13,0xd0,0xab,0x8d,0x32,0x03,
  0x11,0x99,0xaa,0xa0,0x25,0x28,0x0a,0xff,0xff,0x72,0x22,0x80,0xea,0x9a,0x01,0x11,0x03,0xa8,0x9b,0x8a,0x20,0x32,0x01,0xaa,0xdb,0x08,0x22,0x22,0x80,0x9b,0x9a,0x20,
  0x53,0x21,0x91,0xa9,0x89,0x5a,0x80,0xf2,0x99,0x0b,0x89,0x80,0x32,0x33,0xf8,0xff,0x3f,0x27,0x13,0xca,0xac,0x09,0x11,0x14,0x91,0xaa,0x9b,0x08,0x33,0x12,0xa0,0xdb,
  0x8a,0x10,0x24,0x11,0x99,0xab,0x9a,0x30,0x35,0x82,0xa9,0xa9,0x19,0x52,0x12,0xa0,0xdb,0xca,0x30,0x80,0x80,0xb0,0xf8,0xff,0x0f,0x37,0x12,0xa8,0xcc,0x89,0x10,0x32,
  0x01,0xba,0xca,0x09,0x31,0x13,0x91,0xbb,0x9d,0x18,0x33,0x22,0xa0,0xab,0x0a,0x31,0x17,0x00,0xa9,0x99,0x9a,0x21,0x20,0x80,0xfb,0xa8,0x80,0x78,0x81,0xa2,0xa0,0xff,
  0xcf,0x37,0x12,0x88,0xcc,0x99,0x11,0x21,0x01,0xa9,0xbb,0x09,0x31,0x24,0x90,0xb9,0x9a,0x49,0x22,0x11,0x98,0x9a,0x0b,0x21,0x07,0x00,0x0b,0x9c,0x80,0x82,0x0a,0x1e,
  0x09,0xa8,0x02,0x48,0x68,0x82,0xff,0xff,0x52,0x13,0x80,0xca,0xab,0x18,0x33,0x22,0xb8,0xbd,0x89,0x21,0x23,0x02,0xcb,0xbb,0x28,0x43,0x33,0xa8,0xdb,0x99,0x30,0x33,
  0x02,0xd9,0xab,0x1a,0x60,0x10,0x91,0x9a,0x9c,0x1a,0x22,0xc3,0xff,0xbf,0x77,0x00,0x90,0xaa,0x9a,0x21,0x32,0x10,0xb9,0xbc,0x89,0x32,0x43,0x91,0xba,0xcb,0x09,0x42,
  0x33,0x81,0xc9,0xba,0x09,0x32,0x24,0x00,0xbb,0xe9,0x00,0x22,0x32,0x90,0xda,0xb9,0x99,0xff,0xff,0x41,0x23,0x01,0xa8,0xcc,0x8a,0x00,0x23,0x23,0xa0,0xcb,0xbb,0x19,
  0x52,0x23,0x82,0xa9,0xbc,0x8a,0x30,0x63,0x11,0x98,0xcb,0x9b,0x1a,0x43,0x13,0x11,0xba,0xaa,0xba,0x21,0x63,0x18,0xc1,0xff,0xbf,0x45,0x22,0x01,0xb8,0xad,0x8b,0x18,
  0x41,0x22,0x91,0xb9,0xcb,0x8a,0x10,0x33,0x33,0x91,0xba,0xad,0x8a,0x21,0x34,0x24,0x80,0xb9,0xdb,0x9a,0x00,0x42,0x02,0x02,0x99,0xba,0xbc,0xff,0xff,0x48,0x14,0x12,
  0x90,0xba,0xbc,0x89,0x10,0x43,0x22,0x90,0xb9,0xcb,0x8a,0x28,0x33,0x14,0x01,0xaa,0xac,0xba,0x00,0x43,0x23,0x81,0x91,0xba,0x9a,0x1c,0x12,0x06,0x01,0x08,0x9a,0xff,
  0xff,0x6a,0x33,0x02,0x90,0xdb,0xbb,0x8a,0x11,0x33,0x25,0x00,0xa9,0xac,0xaa,0x08,0x32,0x34,0x11,0x88,0xcb,0xab,0x89,0x42,0x33,0x22,0xa0,0xcb,0x9c,0x8a,0x21,0x25,
  0x11,0x80,0xfc,0xff,0x3e,0x34,0x02,0x98,0xca,0xbb,0x8a,0x31,0x34,0x13,0x91,0xac,0xac,0x89,0x22,0x43,0x11,0xa0,0xbb,0x9c,0x09,0x32,0x24,0x02,0x9a,0x9d,0x9a,0x10,
  0x43,0x22,0x90,0xc9,0xba,0xf8,0xff,0x1f,0x44,0x82,0x80,0xab,0xcb,0x09,0x31,0x24,0x82,0xb8,0xbb,0x9b,0x20,0x35,0x23,0x98,0xbc,0xab,0x19,0x43,0x24,0x80,0xb9,0xbb,
  0x0a,0x42,0x23,0x93,0xc9,0xbb,0x8b,0x43,0x25,0x02,0xff,0xdf,0x73,0x82,0x80,0xba,0x9b,0x19,0x34,0x14,0x98,0xbb,0xab,0x10,0x44,0x12,0xa0,0xbb,0xab,0x30,0x35,0x12,
  0xb8,0xdb,0x8a,0x20,0x33,0x13,0xb9,0xbd,0x8a,0x31,0x34,0x92,0xd9,0xaa,0xfc,0xef,0x71,0x03,0x08,0xbb,0x9c,0x10,0x24,0x03,0xb8,0xbc,0x09,0x31,0x24,0x91,0xca,0x9b,
  0x28,0x43,0x12,0xb9,0xbb,0x0b,0x52,0x23,0x91,0xbb,0x9c,0x20,0x24,0x02,0xba,0xcb,0x08,0x43,0xc2,0xff,0x1f,0x27,0x80,0xc9,0x9a,0x20,0x32,0x12,0xc9,0xac,0x08,0x43,
  0x01,0xa8,0xba,0x09,0x52,0x12,0xa0,0xbb,0x0a,0x31,0x14,0x90,0xbb,0x8b,0x41,0x33,0x91,0xab,0x8d,0x20,0x24,0x81,0x9c,0xff,0xbf,0x76,0x80,0xc0,0x9b,0x28,0x33,0x12,
  0xda,0xbb,0x28,0x35,0x81,0xba,0xab,0x28,0x35,0x01,0xca,0x9b,0x20,0x25,0x81,0xba,0xab,0x31,0x25,0x91,0xcb,0x8b,0x31,0x24,0x90,0xca,0x8b,0xf1,0xcf,0x71,0x85,0xa0,
  0x9d,0x18,0x23,0x12,0xc9,0xac,0x18,0x34,0x81,0xba,0xab,0x21,0x26,0x80,0xca,0x8a,0x31,0x23,0x98,0xbc,0x0a,0x52,0x12,0xb8,0xbb,0x18,0x34,0x01,0xba,0xad,0x21,0x23,
  0xff,0x1f,0x27,0x08,0xbd,0x08,0x23,0x12,0xa8,0xcc,0x19,0x43,0x01,0xba,0x9a,0x20,0x33,0x92,0xdb,0x8a,0x31,0x23,0xa8,0xcb,0x89,0x32,0x13,0xb9,0x9c,0x29,0x24,0x02,
  0xaa,0xbb,0x30,0x43,0xff,0xff,0x64,0x80,0xd9,0x0a,0x21,0x22,0x91,0xbc,0x0b,0x43,0x02,0xa9,0xab,0x18,0x24,0x82,0xba,0x8c,0x21,0x23,0x98,0xbb,0x09,0x43,0x12,0xb9,
  0xab,0x20,0x25,0x81,0xab,0x9b,0x33,0x32,0xfb,0xff,0x7f,0x04,0xb8,0x8d,0x18,0x23,0x92,0xcb,0x0a,0x32,0x03,0xa8,0xac,0x18,0x14,0x81,0xaa,0x8a,0x21,0x14,0xa8,0xab,
  0x18,0x32,0x82,0xbb,0x9c,0x31,0x33,0xa1,0xbc,0x0a,0x43,0x23,0xa8,0xff,0xdf,0x77,0x88,0xba,0x98,0x41,0x12,0xb8,0xab,0x00,0x42,0x01,0xba,0x8b,0x21,0x14,0x81,0xab,
  0x8a,0x32,0x32,0xa9,0xdb,0x18,0x22,0x01,0xc9,0xba,0x21,0x21,0x80,0x99,0x0a,0x34,0x80,0xb0,0xf0,0xff,0x7f,0x07,0x89,0xb9,0x8a,0x43,0x01,0x99,0xb9,0x0a,0x33,0x11,
  0x90,0xcb,0x0a,0x22,0x13,0x80,0xbb,0x0a,0x31,0x14,0x81,0xaa,0xaa,0x09,0x43,0x11,0x99,0xaa,0xb0,0x3a,0x73,0x80,0x80,0x80,0x3b,0xf0,0xff,0xaf,0x57,0x12,0xb0,0xac,
  0x99,0x08,0x32,0x02,0x90,0xb9,0x9a,0x88,0x31,0x23,0x80,0x99,0xac,0x89,0x28,0x42,0x18,0x01,0x08,0x0a,0x28,0xb3,0x03,0x08,0x08,0x8e,0xb4,0xb3,0x58,0x0b,0x88,0xfc,
  0xff,0x7f,0x21,0x13,0xda,0x9a,0xb9,0x10,0x22,0x21,0x81,0x9b,0xaa,0x8a,0x31,0x32,0x12,0xa0,0xac,0xa9,0x19,0x32,0x84,0x93,0x9c,0x8b,0xa0,0x22,0x43,0x38,0xc0,0x83,
  0xb4,0x30,0x04,0xf3,0xff,0x6f,0x03,0x64,0xb8,0x9c,0xa8,0x1a,0x33,0x11,0x02,0xcb,0x9a,0x9a,0x42,0x22,0x11,0xb8,0xbb,0x8a,0x38,0x35,0x81,0x98,0xaa,0x8d,0x28,0x32,
  0x82,0xaa,0x9b,0x8b,0x72,0x21,0x11,0x98,0xff,0xff,0x27,0x20,0xb0,0xbd,0x08,0x00,0x25,0x90,0x99,0xaa,0x18,0x14,0x11,0xa0,0xbb,0x09,0x31,0x33,0xa0,0xbb,0x9c,0x30,
  0x43,0x80,0xb8,0xab,0x30,0x33,0x04,0xda,0x99,0x08,0x13,0x83,0xf9,0xff,0x71,0x27,0xa0,0xcd,0x1a,0x03,0x32,0xa0,0xbc,0x08,0x20,0x14,0xa0,0xaa,0x99,0x31,0x15,0x88,
  0xa9,0x9a,0x21,0x13,0x81,0xbb,0x9c,0x21,0x23,0x81,0xcb,0xab,0x21,0x34,0x81,0xcb,0xf9,0xff,0x7f,0x83,0x80,0xc9,0x8c,0x22,0x10,0x02,0xca,0x0b,0x01,0x31,0x02,0xca,
  0x89,0x09,0x32,0x12,0xaa,0xa9,0x8b,0x34,0x02,0x98,0xc9,0x0a,0x32,0x32,0x90,0xcb,0xab,0x20,0x52,0x81,0xb9,0xff,0xff,0x37,0x80,0xa0,0xec,0x18,0x02,0x11,0x80,0xbb,
  0x00,0x18,0x42,0x91,0x9b,0x98,0x09,0x33,0x92,0x09,0xda,0x0a,0x22,0x00,0x82,0xca,0x89,0x80,0x31,0x03,0xb0,0x30,0xa9,0x42,0x94,0x21,0xf8,0xff,0x7f,0x13,0x18,0xd8,
  0x9e,0x10,0x01,0x21,0xa0,0x9b,0x08,0x18,0x52,0x90,0x99,0x98,0x09,0x32,0x91,0x98,0xa8,0x8b,0x42,0x82,0x88,0x99,0x9c,0x42,0x83,0x00,0x89,0xab,0x11,0xa2,0x80,0x80,
  0xff,0xff,0x72,0x17,0x9a,0xb9,0x8a,0x61,0x02,0x98,0xa9,0x8a,0x30,0x23,0x90,0xba,0xbb,0x30,0x26,0x82,0xa8,0xab,0x1a,0x42,0x13,0xa8,0xbb,0x8c,0x30,0x33,0x90,0xca,
  0xac,0x00,0x54,0x11,0x90,0xb9,0xfa,0xff,0x5e,0x24,0x90,0xa9,0xab,0x1a,0x34,0x12,0xa9,0xbb,0x9b,0x42,0x24,0x01,0xba,0xbb,0x2a,0x53,0x22,0x98,0xbb,0x9c,0x30,0x24,
  0x02,0xa9,0xbc,0x8a,0x32,0x14,0x91,0xca,0xab,0x08,0x34,0x25,0x01,0xff,0xef,0x42,0x23,0x80,0xaa,0xbc,0x0a,0x42,0x13,0x81,0xca,0xab,0x09,0x42,0x14,0x91,0xaa,0xac,
  0x08,0x32,0x24,0x88,0xb9,0xbb,0x18,0x34,0x33,0xb1,0xbc,0xad,0x28,0x33,0x15,0x90,0xaa,0xac,0xf8,0xff,0x3b,0x56,0x01,0x98,0xaa,0xab,0x18,0x53,0x12,0x98,0xba,0xbb,
  0x28,0x53,0x23,0x90,0xcb,0xbb,0x18,0x53,0x33,0x90,0xca,0xbb,0x09,0x42,0x33,0x82,0xda,0xcb,0x09,0x22,0x34,0x01,0xff,0xaf,0x71,0x13,0x80,0xa9,0xab,0x9b,0x31,0x44,
  0x02,0xa8,0xcb,0xaa,0x10,0x53,0x22,0x90,0xca,0xaa,0x09,0x42,0x32,0x81,0xb9,0xbc,0x8a,0x31,0x34,0x03,0xa8,0xcb,0xbb,0xfc,0xff,0x38,0x27,0x00,0x98,0xba,0x9a,0x19,
  0x43,0x14,0x88,0xba,0xab,0x09,0x41,0x23,0x02,0xb8,0xac,0x8a,0x10,0x33,0x14,0x90,0xbb,0xab,0x19,0x32,0x43,0x81,0xa8,0xff,0xff,0x39,0x37,0x80,0x80,0xac,0xaa,0x08,
  0x42,0x22,0x00,0xaa,0xbb,0x8a,0x21,0x53,0x11,0x90,0xa9,0x9b,0x89,0x22,0x33,0x21,0xba,0xc9,0xa9,0x29,0x30,0x92,0xff,0xff,0x69,0x15,0x80,0xa0,0xac,0x9a,0x00,0x33,
  0x23,0x01,0xa9,0xcb,0x9a,0x19,0x32,0x22,0x12,0x98,0xba,0xcb,0x09,0x10,0x33,0x23,0x82,0xf0,0xff,0x9f,0x72,0x04,0x08,0xa0,0xba,0x9b,0x89,0x31,0x24,0x14,0x81,0xa8,
  0xaa,0xab,0x8a,0x20,0x43,0x33,0x12,0xa8,0xaa,0xad,0x9a,0x98,0xff,0x8f,0x53,0x14,0x00,0x98,0xca,0xba,0x9a,0x08,0x43,0x34,0x23,0x00,0xb9,0xdb,0xba,0x9b,0x10,0x42,
  0x34,0x13,0x02,0xfa,0xef,0x00,0x32,0x05,0x08,0x88,0x9a,0xca,0xaa,0x88,0x31,0x53,0x32,0x02,0x80,0xbb,0xad,0xbb,0x8a,0x10,0x53,0x43,0xfb,0x1d,0x41,0x24,0x80,0x80,
  0xba,0xbb,0xac,0x9b,0x11,0x44,0x33,0x23,0x00,0xa8,0xdb,0xbb,0xbb,0x89,0x31,0x04,0xff,0x28,0x51,0x25,0x08,0x08,0xb9,0xca,0xba,0x9b,0x10,0x42,0x24,0x23,0x02,0x81,
  0xaa,0xbc,0xca,0xa9,0x88,0xf1,0x9f,0x11,0x62,0x15,0x80,0x80,0x99,0xba,0xcb,0x8a,0x08,0x32,0x33,0x24,0x13,0x81,0xa9,0xcb,0xbb,0xab,0xa9,0xff,0x1c,0x32,0x47,0x01,
  0x08,0x98,0xb9,0xbb,0x9c,0x0a,0x10,0x33,0x24,0x23,0x12,0x98,0xb9,0xbc,0xba,0xba,0xff,0x0d,0x22,0x36,0x12,0x08,0x98,0xc9,0xca,0xaa,0x89,0x18,0x11,0x24,0x22,0x23,
  0x00,0x98,0xba,0xbc,0xca,0xff,0x0b,0x22,0x46,0x12,0x80,0x80,0xb9,0xda,0xba,0x99,0x09,0x11,0x33,0x24,0x13,0x22,0x88,0xa9,0xdb,0xbb,0xff,0x0d,0x21,0x53,0x22,0x00,
  0x08,0xc9,0xba,0xbb,0xab,0x89,0x11,0x34,0x24,0x14,0x12,0x00,0x9a,0xbb,0xcc,0xff,0x89,0x21,0x53,0x42,0x00,0x08,0xa8,0xca,0xba,0x9b,0x0b,0x29,0x31,0x34,0x24,0x13,
  0x12,0xa8,0xba,0xdc,0xff,0x89,0x11,0x43,0x42,0x01,0x08,0xa0,0xca,0xcb,0xaa,0x8a,0x08,0x22,0x24,0x24,0x23,0x11,0x98,0xba,0xdc,0xff,0x88,0x20,0x31,0x43,0x02,0x80,
  0x90,0xea,0xba,0xaa,0x9a,0x08,0x21,0x34,0x34,0x23,0x02,0x90,0xaa,0xbc,0xff,0x0d,0x18,0x21,0x33,0x24,0x81,0x80,0xb0,0xbd,0xac,0xab,0x9a,0x00,0x32,0x44,0x42,0x22,
  0x02,0x80,0xaa,0xac,0xff,0x8b,0x20,0x42,0x42,0x22,0x08,0x08,0xc9,0xbc,0xbb,0xab,0x8a,0x30,0x43,0x35,0x32,0x23,0x01,0xa8,0xcb,0xbc,0xfb,0xaf,0x18,0x22,0x24,0x25,
  0x81,0x00,0x88,0xad,0xcb,0xaa,0x9a,0x08,0x21,0x44,0x33,0x32,0x13,0x81,0xb9,0xbc,0xad,0xeb,0xaf,0x08,0x31,0x32,0x45,0x12,0x08,0x08,0xd8,0xcb,0xba,0xab,0x0a,0x08,
  0x33,0x45,0x43,0x22,0x21,0x88,0xaa,0xcb,0xcb,0xca,0xf9,0x8c,0x10,0x23,0x34,0x26,0x01,0x08,0x08,0xbc,0xcc,0xba,0x8a,0x08,0x18,0x53,0x43,0x33,0x23,0x01,0xa8,0xda,
  0xbb,0xad,0xaa,0xea,0x0d,0x18,0x33,0x43,0x26,0x03,0x08,0x08,0xc9,0xcc,0xbb,0xab,0x89,0x80,0x30,0x36,0x34,0x24,0x21,0x00,0x99,0xbb,0xbd,0xbb,0xac,0x9a,0xc8,0x8f,
  0x31,0x33,0x35,0x26,0x01,0x08,0x80,0xda,0xdb,0xba,0xaa,0x08,0x88,0x41,0x34,0x34,0x33,0x12,0x91,0xb9,0xcc,0xcb,0xbb,0xba,0x99,0x20,0xf2,0x1f,0x31,0x52,0x24,0x11,
  0x08,0x08,0xc8,0xcc,0xab,0xab,0x9a,0x80,0x32,0x44,0x34,0x33,0x23,0x01,0x99,0xcb,0xcc,0xca,0xaa,0x9a,0x09,0x21,0xfa,0x1e,0x33,0x45,0x22,0x11,0x08,0x88,0xcc,0xbc,
  0xaa,0xab,0x8a,0x10,0x33,0x36,0x43,0x23,0x13,0x91,0xa9,0xcb,0xbc,0xcb,0x9b,0x9a,0x08,0x33,0xc3,0xff,0x29,0x34,0x15,0x12,0x11,0x80,0xb9,0xcc,0xca,0xaa,0xaa,0x89,
  0x18,0x32,0x44,0x24,0x22,0x22,0x01,0x90,0xbb,0xad,0xac,0xbb,0xaa,0x89,0x80,0xff,0x8f,0x22,0x43,0x32,0x21,0x82,0x80,0xd9,0xcb,0xbb,0xbb,0xab,0x89,0x10,0x43,0x44,
  0x33,0x24,0x22,0x01,0x99,0xba,0xeb,0xba,0xcb,0x8a,0x0a,0x00,0xf2,0xef,0x21,0x42,0x22,0x12,0x13,0x88,0xaa,0xbd,0xac,0xac,0xaa,0x99,0x08,0x22,0x34,0x44,0x32,0x22,
  0x12,0x80,0xc9,0xba,0xbd,0xca,0xba,0x99,0x88,0xf8,0xdf,0x20,0x24,0x23,0x23,0x23,0x00,0xa9,0xae,0xac,0xcb,0xaa,0x89,0x09,0x21,0x43,0x53,0x22,0x13,0x12,0x80,0xaa,
  0xbc,0xcb,0xcb,0x9a,0x9a,0x08,0x11,0xd5,0xff,0x10,0x24,0x13,0x01,0x12,0x80,0xab,0xbc,0xac,0xbb,0xba,0x9a,0x28,0x33,0x45,0x32,0x52,0x21,0x00,0x80,0xa9,0xbb,0x9e,
  0xaa,0x9a,0x89,0x18,0x41,0xf3,0xff,0x19,0x24,0x13,0x11,0x11,0x01,0xaa,0xbc,0xda,0xb9,0xba,0x99,0x08,0x21,0x34,0x52,0x32,0x23,0x02,0x88,0xa9,0xea,0xbb,0xbb,0x9b,
  0xab,0x08,0x73,0x32,0xf1,0xff,0x28,0x24,0x12,0x00,0x11,0x00,0xbb,0xdb,0xaa,0xba,0xaa,0x0b,0x08,0x33,0x34,0x34,0x53,0x22,0x01,0x90,0x89,0xac,0xdb,0xaa,0xaa,0x8a,
  0x89,0x02,0x23,0xf3,0xff,0x1f,0x14,0x12,0x00,0x11,0x81,0xb8,0xca,0xaa,0xab,0xcb,0xaa,0x08,0x20,0x42,0x52,0x42,0x32,0x12,0x81,0x88,0xaa,0xdb,0xdb,0xa9,0x9a,0xa9,
  0x08,0x22,0x32,0x94,0xff,0x8f,0x34,0x21,0x10,0x11,0x02,0xb8,0x9d,0x9b,0xca,0xba,0x8b,0x89,0x80,0x12,0x35,0x25,0x33,0x22,0x23,0x81,0xa9,0xfb,0xdb,0x9a,0x9a,0x99,
  0x88,0x20,0x51,0x33,0xff,0x8c,0x71,0x12,0x81,0x10,0x10,0x99,0xbc,0xb9,0xb9,0x9b,0x8a,0x01,0x34,0x35,0x33,0x23,0x02,0x90,0xbc,0xcb,0xcb,0x9b,0x9b,0x1a,0x41,0x23,
  0x24,0x23,0x31,0xa1,0xc0,0xff,0xff,0x48,0x22,0x12,0x80,0x98,0xaa,0xcb,0xb9,0x89,0x18,0x21,0x24,0x23,0x11,0x99,0xca,0xba,0x0b,0x2a,0x21,0x24,0x33,0x20,0x8c,0x90,
  0x9a,0x2a,0x6b,0x08,0x12,0x80,0xfd,0xff,0x0f,0x35,0x13,0x98,0xaa,0xbc,0x99,0x18,0x32,0x22,0x92,0xb8,0xab,0x9b,0x01,0x24,0x22,0x98,0xc8,0xb8,0x08,0x41,0x13,0x84,
  0x90,0x9b,0x9d,0x81,0x15,0x18,0x80,0xf9,0xff,0xbf,0x57,0x01,0xa8,0xaa,0x89,0x20,0x22,0x02,0xba,0xab,0x0a,0x33,0x15,0x91,0xba,0x9c,0x10,0x32,0x22,0x99,0xbb,0x99,
  0x53,0x32,0x80,0xca,0xb9,0x08,0x41,0x81,0xf0,0xff,0x9f,0x37,0x01,0xb9,0xbb,0x08,0x43,0x22,0xa8,0xcb,0x9a,0x22,0x34,0x80,0xba,0xab,0x20,0x43,0x02,0xb9,0xbc,0x08,
  0x33,0x14,0xa8,0xcb,0x9a,0x31,0x24,0x00,0x9a,0xff,0xef,0x45,0x01,0xa8,0xac,0x08,0x32,0x13,0xb8,0xbc,0x0a,0x52,0x12,0xa0,0xba,0x8a,0x41,0x14,0x90,0xab,0x8b,0x31,
  0x24,0x80,0xcb,0xaa,0x21,0x34,0x80,0xab,0x8c,0xfb,0xff,0x73,0x82,0xb0,0xab,0x19,0x43,0x03,0xc8,0xbb,0x08,0x34,0x12,0xb9,0xad,0x18,0x42,0x02,0xb9,0xbb,0x18,0x44,
  0x11,0xa9,0xab,0x29,0x34,0x03,0xd9,0xab,0x18,0xf2,0xef,0x71,0x83,0xa0,0x9c,0x09,0x32,0x13,0xb9,0xad,0x08,0x24,0x02,0xb9,0x9c,0x28,0x33,0x01,0xcb,0x9b,0x31,0x24,
  0xa1,0xbb,0x8b,0x32,0x15,0xa8,0xbb,0x1a,0x73,0x91,0xff,0x5d,0x05,0x88,0x9d,0x88,0x22,0x13,0xb9,0xac,0x28,0x33,0x82,0xbb,0x9d,0x21,0x14,0x91,0xbb,0x0a,0x42,0x22,
  0xa9,0xbb,0x19,0x43,0x02,0xc9,0x9b,0x28,0x33,0x92,0xff,0xaf,0x67,0x08,0xac,0x89,0x31,0x33,0xb8,0xbc,0x19,0x42,0x12,0xb9,0xcb,0x18,0x43,0x11,0xca,0xaa,0x11,0x43,
  0x81,0xca,0x9a,0x21,0x33,0x90,0xda,0x8a,0x41,0x32,0xa0,0xff,0x2f,0x16,0x80,0xab,0xaa,0x58,0x24,0x98,0xba,0x8a,0x50,0x22,0xa8,0xc9,0x89,0x31,0x14,0x98,0xab,0x1b,
  0x51,0x12,0xa8,0xbb,0x1a,0x43,0x03,0xa8,0xad,0x09,0x33,0x14,0xff,0x2e,0x26,0x88,0xb9,0xab,0x50,0x23,0xa0,0xba,0x8c,0x41,0x13,0xa0,0xcb,0x0a,0x33,0x14,0xa9,0xbb,
  0x19,0x35,0x02,0xb9,0xac,0x28,0x33,0x92,0xcb,0x9c,0x21,0x24,0x80,0xff,0x2f,0x25,0x08,0xba,0x9c,0x40,0x13,0x90,0xbb,0x8b,0x52,0x13,0x98,0xac,0x0a,0x33,0x14,0xa9,
  0xac,0x19,0x42,0x11,0xb9,0xab,0x19,0x63,0x02,0xa8,0xbb,0x18,0x43,0x12,0xff,0x1f,0x25,0x00,0xb8,0xac,0x18,0x22,0x23,0xc8,0xbb,0x09,0x41,0x14,0x90,0xca,0x8a,0x20,
  0x33,0x02,0xc9,0xbb,0x08,0x33,0x24,0x98,0xcb,0xaa,0x31,0x34,0x12,0xca,0xac,0xb9,0xff,0x4f,0x12,0x23,0xa8,0x9e,0x99,0x29,0x33,0x01,0x91,0xcc,0x89,0x18,0x32,0x12,
  0x98,0xdb,0x9a,0x10,0x33,0x33,0xb8,0xca,0xab,0x20,0x25,0x13,0xb9,0xcc,0x9a,0x20,0x42,0xf2,0xff,0x58,0x21,0x85,0xa0,0xab,0xab,0x40,0x23,0x12,0xb9,0xbc,0x8a,0x30,
  0x25,0x01,0xa9,0xcb,0x89,0x32,0x33,0x83,0xca,0xcb,0x0a,0x31,0x34,0x01,0xba,0xbb,0x09,0x43,0x15,0xfb,0xff,0x31,0x72,0x01,0xb9,0xbb,0x8a,0x52,0x23,0x00,0xda,0xaa,
  0x08,0x32,0x14,0x90,0xba,0xab,0x30,0x53,0x12,0xa8,0xac,0x8a,0x21,0x33,0x82,0xbb,0xae,0x08,0x32,0x13,0x98,0xfb,0xff,0x4f,0x21,0x12,0xc8,0x9b,0x99,0x41,0x13,0x80,
  0xca,0x9b,0x11,0x33,0x03,0xca,0xbb,0x09,0x53,0x12,0x89,0xbb,0x8b,0x32,0x34,0x81,0xbb,0xac,0x20,0x35,0x21,0xb8,0xda,0x09,0xfb,0xff,0x34,0x52,0x90,0xad,0x89,0x18,
  0x15,0x80,0xa8,0x9c,0x00,0x22,0x13,0xb9,0xbb,0x0a,0x72,0x02,0x90,0xba,0x0a,0x31,0x43,0x91,0xca,0x9b,0x28,0x34,0x02,0xb9,0xae,0x88,0x22,0xf2,0xff,0x41,0x32,0x02,
  0xcd,0x99,0x29,0x24,0x00,0xb8,0xac,0x18,0x42,0x13,0xb9,0xcb,0x0a,0x42,0x23,0xa8,0xbc,0x9a,0x42,0x33,0x90,0xdb,0x9a,0x32,0x34,0x91,0xcb,0xab,0x40,0x33,0xc2,0xff,
  0x6b,0x32,0x83,0xfa,0x8a,0x19,0x43,0x81,0xa9,0xac,0x00,0x43,0x02,0xb9,0xac,0x08,0x34,0x12,0xb9,0xad,0x18,0x32,0x13,0xc9,0xac,0x08,0x43,0x13,0xb9,0xbc,0x08,0x34,
  0x12,0xb9,0xcc,0xfe,0x5b,0x15,0x02,0xd8,0x9b,0x00,0x43,0x01,0xba,0xbb,0x28,0x35,0x83,0xba,0xad,0x10,0x34,0x01,0xca,0xab,0x10,0x25,0x01,0xba,0xac,0x20,0x24,0x01,
  0xaa,0x9c,0x20,0x24,0x01,0xbb,0xbb,0xf1,0xff,0x44,0x01,0x88,0xbc,0x09,0x42,0x02,0xb0,0xac,0x08,0x32,0x13,0xb9,0xad,0x18,0x42,0x12,0xa9,0xac,0x18,0x42,0x02,0xb9,
  0xbb,0x19,0x34,0x03,0xc9,0xbb,0x19,0x25,0x12,0x99,0xcb,0x80,0xff,0x3f,0x27,0x80,0xb9,0x9d,0x10,0x14,0x00,0xa9,0xab,0x10,0x33,0x03,0xb9,0xad,0x18,0x32,0x23,0xb9,
  0xdb,0x89,0x22,0x33,0x90,0xad,0x9a,0x20,0x33,0x01,0xba,0xbc,0x19,0x32,0x34,0xa0,0xff,0xff,0x72,0x02,0x88,0xba,0xab,0x40,0x23,0x82,0xa9,0xad,0x09,0x31,0x22,0x81,
  0xba,0xac,0x18,0x32,0x24,0x98,0xc9,0x99,0x38,0x32,0x03,0xa9,0xcb,0x9b,0x38,0x14,0x92,0x8a,0xbc,0x99,0xf4,0xff,0x3f,0x36,0x08,0xb8,0xca,0x8a,0x21,0x34,0x10,0xaa,
  0xca,0x8a,0x21,0x33,0x13,0xb9,0xcc,0x9a,0x30,0x43,0x12,0x90,0xbb,0xbb,0x18,0x35,0x23,0xa0,0xbc,0xbb,0x89,0x31,0x45,0x81,0xff,0x9f,0x64,0x02,0x88,0xaa,0xab,0x8a,
  0x42,0x33,0x02,0xb8,0xbc,0x9c,0x10,0x42,0x23,0x81,0xca,0xab,0x8b,0x41,0x43,0x02,0x98,0xca,0xbb,0x19,0x42,0x42,0x81,0xa8,0xbb,0x9c,0x38,0xf9,0xff,0x71,0x22,0x88,
  0xa9,0xbb,0x9a,0x30,0x34,0x23,0xa0,0xcb,0xcb,0x09,0x31,0x43,0x12,0xa8,0xcb,0xab,0x18,0x32,0x15,0x12,0xa9,0xac,0xab,0x10,0x43,0x43,0x01,0xb8,0xcb,0x8b,0xf8,0xff,
  0x6b,0x25,0x00,0x99,0xba,0xba,0x19,0x42,0x14,0x81,0xa8,0xba,0xaa,0x20,0x34,0x23,0x80,0xbb,0xbc,0x89,0x31,0x53,0x02,0xa0,0xab,0xac,0x89,0x22,0x34,0x01,0xb8,0xca,
  0xa9,0xf0,0xff,0x1f,0x45,0x01,0x99,0xa9,0xab,0x09,0x32,0x24,0x01,0xa9,0xab,0x8b,0x28,0x33,0x14,0x88,0xbb,0xbb,0x0a,0x53,0x33,0x02,0xc9,0xbb,0x9a,0x30,0x43,0x13,
  0x01,0xba,0x9e,0x08,0x13,0xff,0xff,0x72,0x03,0x98,0xaa,0xab,0x19,0x32,0x24,0x90,0xba,0xbb,0x19,0x43,0x24,0x80,0xba,0xba,0x0a,0x43,0x23,0xa1,0xba,0xcb,0x98,0x43,
  0x14,0x01,0xb8,0xb9,0x99,0x73,0x20,0x81,0xff,0xdf,0x62,0x13,0x98,0xbb,0xaa,0x18,0x34,0x13,0xa8,0xbc,0x8b,0x20,0x34,0x12,0xb9,0xac,0x09,0x22,0x24,0x88,0xba,0xab,
  0x20,0x63,0x01,0xa8,0xaa,0x1a,0x58,0x11,0x91,0x8a,0x9b,0x98,0xff,0xcf,0x77,0x00,0xaa,0x99,0x08,0x21,0x12,0xa0,0xca,0x89,0x21,0x23,0x82,0xaa,0xac,0x28,0x32,0x13,
  0xaa,0xbc,0x0b,0x31,0x24,0x90,0xac,0xa9,0x11,0x53,0x18,0xa9,0xb9,0x1c,0x30,0x42,0xff,0xff,0x63,0x03,0xaa,0x9b,0x09,0x21,0x33,0xb0,0xcc,0x89,0x22,0x12,0x81,0xca,
  0x9a,0x30,0x23,0x81,0xba,0xab,0x2a,0x15,0x12,0x99,0x9a,0x10,0x24,0x05,0xab,0xba,0x82,0x22,0x88,0xe0,0xf8,0xff,0x7d,0x14,0xa8,0xaa,0x88,0x10,0x32,0xa1,0xdb,0x09,
  0x12,0x12,0x91,0xca,0x8a,0x41,0x11,0xa0,0xaa,0x8b,0x41,0x32,0x90,0xba,0x1b,0x52,0x02,0x90,0xaa,0x09,0x53,0x02,0x98,0xcc,0x9a,0xff,0x9f,0x77,0x90,0xa9,0x88,0x10,
  0x21,0x90,0xca,0x19,0x30,0x21,0xa8,0xbb,0x28,0x34,0x82,0xca,0x9a,0x38,0x33,0xb2,0xec,0x89,0x21,0x12,0xa0,0xb9,0x10,0x25,0x93,0xba,0x9c,0x20,0xfa,0xff,0x56,0x91,
  0xba,0x89,0x20,0x32,0xb1,0xbd,0x08,0x43,0x01,0xa9,0xbb,0x30,0x24,0x91,0xcb,0x09,0x33,0x23,0xbb,0xae,0x20,0x22,0x91,0xcb,0x8a,0x33,0x23,0xba,0xad,0x11,0x33,0xf8,
  0xff,0x71,0x86,0xaa,0x89,0x01,0x12,0x91,0xcb,0x18,0x22,0x82,0xa9,0xaa,0x30,0x24,0xa8,0xac,0x09,0x11,0x02,0xaa,0x9b,0x63,0x02,0xa0,0xaa,0x18,0x14,0x11,0x80,0xa9,
  0x0b,0xc3,0xf3,0xff,0x7d,0x07,0x9a,0x0a,0x00,0x11,0x81,0xbb,0x19,0x22,0x01,0xa8,0x9c,0x28,0x32,0xb2,0xba,0x0c,0x42,0x03,0xb8,0x9a,0x48,0x32,0xa2,0xb9,0x19,0x42,
  0x91,0xda,0x9b,0x28,0x2a,0xb0,0xff,0x4f,0x67,0xa9,0xa9,0x09,0x42,0x01,0xba,0x99,0x20,0x23,0xb0,0xdb,0x08,0x41,0x12,0xa9,0x9b,0x38,0x43,0x91,0xca,0x89,0x42,0x11,
  0xc8,0xaa,0x28,0x22,0xa2,0xad,0x99,0x30,0x21,0xff,0x9f,0x77,0x88,0x99,0x8a,0x30,0x12,0x99,0xba,0x19,0x43,0x81,0xaa,0xab,0x41,0x32,0xa8,0xca,0x09,0x24,0x02,0xaa,
  0xcb,0x20,0x34,0x88,0xcb,0x09,0x33,0x34,0x99,0xba,0x48,0x21,0xf1,0xff,0x72,0x83,0xaa,0xac,0x39,0x15,0x80,0xaa,0x8b,0x33,0x13,0xa9,0xad,0x29,0x24,0x82,0xaa,0xab,
  0x31,0x33,0x90,0xcc,0x9a,0x24,0x11,0x99,0xcb,0x38,0x43,0x12,0xba,0x9d,0x10,0x11,0xff,0x1f,0x37,0x80,0xc9,0xab,0x32,0x12,0x81,0xdb,0x0a,0x21,0x21,0xa1,0xac,0x89,
  0x21,0x23,0x99,0xaa,0x09,0x64,0x12,0x98,0xa9,0x19,0x12,0x18,0xc9,0xd9,0x99,0x39,0x80,0xd0,0xa0,0x12,0xf0,0xff,0x73,0x12,0x81,0xbe,0x08,0x00,0x32,0x90,0x9a,0xca,
  0x10,0x23,0x20,0xa8,0x9c,0x88,0x38,0x12,0xa8,0xc8,0x9b,0x39,0x13,0x14,0x03,0x8a,0x80,0x00,0x03,0x3d,0x08,0x0c,0xc8,0x03,0x8c,0xff,0xff,0x43,0x31,0x82,0xbc,0xa9,
  0x0a,0x22,0x11,0x81,0xba,0x18,0x0a,0x30,0x82,0x98,0xba,0x8a,0xaa,0x83,0x30,0x70,0x21,0x83,0x80,0x40,0x8f,0xc9,0x98,0x31,0x68,0x19,0x9a,0x88,0x30,0x8b,0xf4,0xff,
  0x3f,0x33,0x32,0xc0,0xab,0xba,0x2a,0x22,0x01,0x81,0xbb,0xa9,0x80,0x44,0x12,0x11,0xc9,0x99,0xa0,0x29,0x8a,0xa2,0x83,0x8b,0xd0,0x43,0x86,0x04,0x2a,0x08,0xa8,0xc3,
  0x3a,0x0c,0x8b,0xc0,0x08,0xfc,0xff,0x78,0x11,0x13,0xbb,0xab,0xab,0x42,0x24,0x11,0xb8,0xbc,0x99,0x38,0x25,0x82,0x98,0xbc,0x89,0x01,0x24,0x01,0x9a,0xdc,0x99,0x21,
  0x32,0x13,0xc0,0xa0,0x19,0x62,0x11,0xb1,0xaa,0xd8,0xff,0x6a,0x23,0x13,0xeb,0x9a,0x89,0x32,0x04,0x80,0xca,0x99,0x00,0x22,0x81,0xa9,0xb9,0x2b,0x24,0x12,0xb8,0x9d,
  0x09,0x21,0x87,0x03,0x10,0x89,0x02,0x82,0x00,0x8f,0x0a,0xa8,0xfa,0x19,0xff,0x3d,0x33,0x33,0xd0,0x9c,0x99,0x31,0x23,0x08,0xca,0xaa,0x18,0x51,0x11,0xa8,0xb9,0x1a,
  0x41,0x81,0x91,0xab,0x0c,0x28,0x80,0xb0,0xb8,0x8c,0x47,0x81,0x32,0x80,0x8a,0xb0,0x07,0x01,0x08,0xfb,0xff,0x31,0x32,0x02,0xdc,0x99,0x09,0x42,0x82,0x80,0xca,0x8a,
  0x10,0x23,0x93,0xb0,0x9a,0x9c,0x23,0x21,0x02,0xbb,0xcb,0x33,0x34,0x7b,0x89,0x80,0x8a,0x30,0x8b,0xf8,0xd9,0x80,0x40,0x80,0xa2,0xfb,0x9f,0x27,0x11,0xa3,0xac,0xa9,
  0x89,0x34,0x02,0x00,0xbb,0xac,0x90,0x21,0x41,0x08,0xba,0xa8,0x23,0x33,0x80,0xb5,0x48,0x3b,0x8b,0xd0,0x08,0x0c,0x88,0x0c,0x84,0x34,0x33,0x0c,0xbc,0xb4,0xbb,0xff,
  0x6b,0x32,0x43,0x91,0x9d,0xba,0xaa,0x21,0x41,0x22,0xa1,0x9b,0x9b,0x8b,0x42,0x26,0x21,0x08,0xab,0xca,0x08,0x2a,0x08,0x80,0xd0,0x80,0x08,0x80,0xe8,0x03,0x3c,0x4b,
  0x08,0x08,0x68,0x3b,0xfb,0xaf,0x14,0x32,0x34,0xb9,0xba,0x99,0x0d,0x30,0x21,0x15,0x80,0xcb,0xb9,0xca,0x80,0x40,0x5a,0x02,0x01,0x82,0x80,0xbb,0xb3,0xd8,0x30,0xbc,
  0xbc,0xc0,0x30,0x34,0x88,0x44,0x08,0x48,0x08,0xc3,0xc0,0x0b,0x48,0x0b,0x84,0xc0,0x8b,0x8c,0x40,0x03,0x08,0x3d,0x30,0x00,0x68,0x30,0x3c,0xc0,0xb8,0xbc,0x48,0x80,
  0xb4,0xbc,0x4b,0xc3,0xb3,0x80,0x40,0x3c,0x43,0xb3,0x43,0x80,0xd0,0xc0,0x83,0x84,0x3b,0x9f,0xa8,0x02,0x0b,0xcb,0xb3,0xc3,0x03,0x78,0x03,0x08,0x86,0x29,0x3b,0xb8,
  0xb4,0xbb,0x8f,0xa0,0xa2,0x38,0x43,0x08,0xb8,0x34,0x00,0x58,0x80,0xb5,0x03,0x8c,0x4b,0xac,0xe8,0x2a,0x08,0x3b,0x30,0x04,0x48,0x4b,0x08,0x08,0xbd,0x0b,0x84,0x84,
  0xb4,0x80,0x0c,0x08,0x07,0x80,0x2a,0x30,0xc0,0x83,0x04,0x08,0xed,0x80,0x80,0x38,0x80,0xd0,0xba,0x8b,0x0c,0x48,0x80,0x27,0x20,0x38,0xc3,0xb0,0x80,0x08,0x50,0xb8,
  0x88,0x0d,0x48,0xc0,0x08,0x08,0x68,0xb3,0xc3,0xb3,0x08,0x0f,0x00,0xff,0xff,0xff,0x3e,0x78,0x20,0xb0,0x03,0xff,0x0f,0x37,0x98,0x89,0x89,0x89,0x89,0x01,0x11,0x00,
  0x18,0x90,0x08,0x01,0x2a,0xfa,0xff,0x55,0xa1,0x99,0x88,0x08,0x08,0x09,0x08,0x80,0x10,0x18,0x08,0x08,0x81,0x11,0x10,0xa0,0xd8,0xff,0x6f,0x04,0xaa,0x88,0x18,0x01,
  0xa9,0x08,0x01,0x10,0xa8,0x08,0x01,0x80,0x89,0xba,0x21,0x01,0x28,0xba,0xfb,0xff,0x77,0xc0,0x88,0x18,0x12,0xc0,0x0a,0x11,0x00,0xa8,0x8a,0x22,0x90,0x98,0x89,0x20,
  0x90,0x89,0x91,0x38,0x01,0xa8,0x32,0x45,0xff,0x7f,0x87,0x8b,0x98,0x30,0x03,0xad,0x00,0x10,0x01,0xc9,0x08,0x02,0x18,0xb8,0x09,0x22,0x00,0x89,0x8a,0x32,0x91,0x99,
  0xa0,0x30,0x12,0x9c,0xff,0x7f,0x07,0x9b,0xb8,0x49,0x15,0xba,0x80,0x08,0x23,0xd8,0x09,0x01,0x11,0xa0,0x9b,0x22,0x10,0x90,0xab,0x31,0x81,0x90,0xcb,0x28,0x02,0x09,
  0xb8,0x20,0x14,0xff,0x79,0x17,0x9c,0xbb,0x65,0x80,0x9a,0x88,0x21,0x82,0xac,0x00,0x11,0x82,0xab,0x18,0x13,0x81,0xca,0x18,0x22,0x88,0xca,0x19,0x12,0x88,0x9a,0x19,
  0x03,0xff,0x71,0x07,0xab,0xad,0x55,0x90,0x8a,0x98,0x32,0x80,0x9c,0x80,0x21,0x81,0xab,0x00,0x22,0x92,0xbb,0x18,0x13,0x81,0xbc,0x29,0x33,0x82,0xba,0x3a,0x81,0xff,
  0x7f,0x87,0x8a,0xab,0x52,0x82,0x9a,0x99,0x20,0x04,0xaa,0x89,0x20,0x13,0xb9,0x0a,0x10,0x22,0xb8,0x9b,0x18,0x22,0xb1,0xc9,0x01,0x31,0x08,0xff,0xcf,0x77,0x98,0xa8,
  0x8a,0x34,0x90,0x99,0x99,0x40,0x00,0x99,0x88,0x29,0x11,0x98,0x09,0x09,0x21,0x90,0x8a,0x88,0x20,0x11,0x08,0x99,0xa1,0xff,0x3f,0x77,0x09,0xc8,0x8b,0x34,0x98,0x80,
  0xb9,0x20,0x01,0x19,0xa0,0x8b,0x31,0xa0,0x11,0xb8,0x3a,0x03,0x88,0x03,0xba,0x30,0xc8,0x10,0xff,0xdf,0x77,0x89,0x81,0xbb,0x40,0x91,0x19,0x91,0x8b,0x22,0x99,0x11,
  0xb1,0x1b,0x11,0x9b,0x14,0xa9,0x30,0xa0,0x19,0x03,0x9c,0x12,0xc8,0xff,0x9f,0x57,0x88,0x91,0xbb,0x20,0x81,0x28,0x91,0x9c,0x21,0x99,0x31,0xa0,0x1b,0x82,0x8c,0x22,
  0xb8,0x38,0xb0,0x8b,0x13,0x0c,0x21,0xb9,0xff,0xff,0x17,0x00,0x81,0xbb,0x18,0x90,0x20,0x83,0xab,0x00,0xba,0x31,0xa3,0x2a,0x92,0xac,0x33,0xa9,0x61,0x90,0x0a,0x01,
  0x8b,0x11,0x90,0xf8,0xff,0x7d,0x02,0x21,0xc8,0x9b,0x80,0x09,0x32,0xa0,0x08,0x98,0x8b,0x21,0x88,0x32,0xb1,0x89,0x82,0x8c,0x22,0xb1,0x18,0x91,0x0d,0x90,0xc2,0xff,
  0xff,0x43,0x11,0x21,0xb9,0x9c,0x98,0x8a,0x42,0x80,0x10,0x90,0x9a,0x00,0xa9,0x20,0x82,0x1b,0x01,0xba,0x00,0x02,0x48,0x32,0x09,0x01,0xab,0xff,0xff,0x63,0x21,0x23,
  0xda,0x9a,0xa9,0x8b,0x22,0x00,0x12,0xa2,0x8b,0x80,0xab,0x21,0xa2,0x5a,0x02,0x99,0x01,0xc9,0x49,0x11,0x89,0x01,0xff,0xff,0x34,0x11,0x23,0xd9,0x9a,0xb8,0x8b,0x22,
  0x80,0x22,0xa1,0x9b,0x00,0xca,0x21,0x93,0x39,0x24,0xba,0x20,0xa8,0x3a,0x83,0xf9,0xff,0xaf,0x27,0x11,0x02,0xca,0x8a,0x98,0x0a,0x23,0x98,0x00,0xb1,0x1b,0x11,0x8a,
  0x42,0xb0,0x29,0x01,0x8b,0x23,0xb8,0x58,0x98,0xff,0xef,0x17,0x00,0x81,0xba,0x09,0x81,0x08,0x03,0xba,0x10,0xa1,0x29,0x12,0xab,0x22,0xc8,0x18,0x93,0x9a,0x14,0xaa,
  0x18,0xf2,0xff,0x6f,0x02,0x89,0x91,0xab,0x32,0x90,0x1a,0x92,0x8c,0x21,0xb0,0x28,0xa2,0x8b,0x23,0xca,0x20,0xa1,0x1b,0x84,0xab,0x31,0xf8,0xff,0x78,0x95,0x19,0xb0,
  0x0a,0x05,0x99,0x28,0xa8,0x19,0x82,0x8a,0x21,0xb9,0x10,0x92,0x1c,0x02,0xaa,0x22,0xc8,0x28,0xf2,0xff,0x72,0x91,0x19,0xb0,0x09,0x05,0xaa,0x21,0xa9,0x28,0xa2,0x1b,
  0x02,0xba,0x22,0xb8,0x3a,0xa3,0x0b,0x14,0xaa,0x42,0xf0,0xff,0x73,0xa1,0x29,0xc0,0x29,0x83,0x8c,0x01,0xa9,0x31,0xc0,0x08,0x82,0x0a,0x12,0xab,0x21,0xb1,0x29,0x82,
  0x8b,0x04,0xff,0x8f,0x47,0x8a,0x00,0x9b,0x42,0xb0,0x19,0x90,0x1a,0x03,0x8c,0x10,0xa8,0x20,0xb1,0x19,0x02,0x0c,0x03,0xa9,0xf3,0xff,0x71,0xa2,0x08,0xb8,0x39,0x04,
  0x8b,0x00,0x9a,0x22,0xc0,0x18,0x90,0x2a,0x02,0x8b,0x11,0xb9,0x31,0xb1,0x39,0xff,0x8f,0x47,0x89,0x80,0x8d,0x31,0x98,0x08,0xa0,0x19,0x02,0x8a,0x01,0x9a,0x12,0xb0,
  0x18,0x92,0x3b,0x82,0xab,0xff,0x5f,0x87,0x88,0xb0,0x0c,0x22,0x89,0x00,0xb8,0x28,0x81,0x19,0x81,0x0b,0x11,0xa9,0x13,0xc0,0x28,0x98,0xf9,0xff,0x70,0x03,0x88,0xd9,
  0x0a,0x02,0x18,0x11,0xab,0x20,0xa8,0x21,0xa1,0x2a,0x80,0x1b,0x12,0x9a,0x23,0xaa,0xfa,0xff,0x74,0x01,0x08,0xbd,0x08,0x02,0x21,0x80,0x9c,0x00,0x08,0x12,0x98,0x08,
  0xa9,0x28,0x02,0x08,0x90,0xfc,0xdf,0x55,0x00,0x80,0xcc,0x08,0x11,0x31,0x90,0x9b,0x99,0x28,0x24,0x88,0x89,0xab,0x28,0x12,0x12,0xc0,0xfb,0xbf,0x65,0x01,0x80,0xda,
  0x0a,0x00,0x42,0x82,0x99,0xaa,0x0a,0x31,0x21,0x01,0xca,0x8a,0x88,0x22,0x13,0xff,0x2d,0x24,0x12,0x08,0xae,0x99,0x88,0x43,0x01,0x80,0xb9,0x9a,0x80,0x22,0x23,0x91,
  0x98,0xbb,0x89,0xfb,0xef,0x35,0x21,0x00,0xe8,0x99,0x9a,0x28,0x22,0x21,0x01,0xaa,0xaa,0xaa,0x10,0x22,0x43,0x82,0x99,0xf9,0xff,0x48,0x21,0x23,0x08,0xbb,0xda,0x9b,
  0x10,0x21,0x33,0x82,0x08,0xbb,0xab,0x99,0x28,0x43,0x12,0xb1,0xff,0x0f,0x13,0x44,0x82,0x99,0xb9,0xad,0x88,0x88,0x31,0x13,0x12,0x91,0xaa,0xb9,0xab,0x09,0x11,0x43,
  0xff,0x8f,0x22,0x32,0x25,0x88,0x98,0xda,0x9a,0xa9,0x09,0x11,0x22,0x43,0x01,0x11,0xa8,0x9a,0xb9,0x9c,0xd8,0xff,0x18,0x12,0x42,0x23,0x01,0x88,0xcb,0xab,0xac,0x9a,
  0x88,0x20,0x43,0x32,0x33,0x00,0x98,0xca,0xab,0x9a,0xfb,0xef,0x20,0x31,0x43,0x12,0x01,0xa8,0xac,0xcb,0xba,0xa9,0x08,0x20,0x43,0x23,0x33,0x11,0x01,0xa8,0xc9,0xca,
  0xfe,0x8f,0x10,0x31,0x32,0x23,0x01,0x88,0xbb,0xbc,0xbc,0xbb,0x9a,0x89,0x18,0x53,0x33,0x43,0x22,0x12,0x08,0x90,0xfd,0xbf,0x00,0x22,0x43,0x32,0x12,0x90,0xb9,0xbb,
  0xbd,0xca,0xa9,0x8b,0x89,0x11,0x14,0x33,0x34,0x41,0x11,0x91,0xb1,0xff,0x9f,0x10,0x12,0x33,0x22,0x02,0x80,0xb9,0xbd,0xbb,0xba,0xac,0x89,0x18,0x12,0x14,0x42,0x41,
  0x22,0x02,0x81,0x89,0xff,0xcf,0x18,0x10,0x32,0x32,0x34,0x03,0x80,0xaa,0xfb,0xba,0xab,0xba,0x89,0x80,0x22,0x63,0x33,0x23,0x14,0x10,0x99,0xac,0xfa,0xdf,0x99,0x21,
  0x42,0x33,0x34,0x20,0xa0,0xc9,0xac,0xbc,0xaa,0x89,0x88,0x21,0x42,0x23,0x14,0x33,0x20,0x80,0xba,0xfa,0xba,0xfb,0xbf,0x1c,0x32,0x63,0x21,0x13,0x11,0x99,0xc9,0xab,
  0x9d,0xba,0x99,0x0a,0x08,0x33,0x63,0x22,0x23,0x11,0x91,0xb8,0x9e,0x9c,0xfc,0xaf,0x38,0x32,0x25,0x42,0x00,0xb0,0xa9,0xbc,0xba,0x8b,0x0a,0x01,0x25,0x33,0x22,0x02,
  0xa9,0xda,0xaa,0x9b,0x9a,0x02,0x60,0xff,0xf9,0x03,0x32,0x13,0x23,0x09,0xdb,0xc9,0x9b,0xaa,0x91,0x32,0x42,0x23,0x21,0xa9,0xc9,0xaa,0xbb,0xa9,0x20,0x61,0x22,0x14,
  0xf1,0xbf,0x2f,0x18,0x15,0x41,0x00,0xa0,0x99,0xac,0xba,0x09,0x29,0x22,0x34,0x22,0x81,0xb1,0x9d,0xbb,0xb9,0x19,0x31,0x25,0x24,0x20,0xa0,0xfa,0xef,0x3c,0x28,0x24,
  0x32,0x92,0xb1,0x9c,0x9e,0x9a,0x09,0x28,0x23,0x33,0x22,0x90,0xba,0x9f,0xaa,0x89,0x18,0x32,0x25,0x22,0x00,0xa9,0xda,0xff,0xab,0x96,0x24,0x12,0x03,0x09,0xad,0xc9,
  0x9a,0x89,0x11,0x52,0x31,0x11,0x80,0xba,0xea,0x99,0x0a,0x00,0x23,0x34,0x12,0x81,0xa9,0xbc,0xba,0x8c,0xff,0xe0,0x32,0x58,0x12,0x12,0x8a,0xf9,0xa8,0x8a,0x99,0x12,
  0x50,0x02,0x13,0x19,0xba,0xc8,0x8c,0xa9,0x02,0x41,0x31,0x12,0x10,0xba,0xe8,0x0b,0xab,0xf0,0x8f,0x6b,0x11,0x25,0x20,0xa8,0xa0,0x8e,0xba,0x88,0x3a,0x11,0x25,0x21,
  0xa2,0x80,0x8e,0xb9,0x88,0x2b,0x82,0x34,0x40,0xa2,0x01,0x8e,0xc8,0x80,0x1a,0xf0,0x0c,0x5b,0x13,0x36,0x28,0xb0,0xa8,0x9f,0xb8,0x18,0x1a,0x05,0x41,0x08,0x91,0x09,
  0xac,0xb0,0x29,0x19,0x14,0x50,0x90,0x92,0x0b,0xe9,0x00,0x2b,0x91,0x43,0xff,0xb2,0x40,0x28,0x15,0x28,0xb0,0xb0,0x8e,0xb9,0x10,0x39,0x03,0x24,0x18,0xd2,0x09,0x9d,
  0xa0,0x28,0x00,0x14,0x20,0xa1,0x91,0x0e,0xb8,0x18,0x1c,0x11,0x31,0xf0,0x0f,0x0c,0x85,0x51,0x01,0x01,0x0a,0xea,0x98,0x0b,0x90,0x31,0x20,0x05,0x01,0xa8,0xb0,0x0c,
  0xba,0x81,0x39,0x14,0x32,0x02,0xb3,0x8a,0xbc,0xa8,0x1d,0xa0,0x24,0x10,0xff,0xea,0x42,0x49,0x85,0x11,0xa8,0xa0,0x9d,0xb9,0x00,0x1a,0x14,0x41,0x01,0x82,0x8a,0xd9,
  0x89,0x8b,0x00,0x30,0x13,0x43,0x08,0xa8,0x8b,0xbc,0x98,0x1a,0x12,0x63,0xff,0x0a,0x7d,0x81,0x33,0x80,0xa1,0x9c,0xda,0x09,0x0a,0x11,0x41,0x02,0x12,0xa9,0xc8,0x8b,
  0xaa,0x18,0x21,0x44,0x21,0x91,0x90,0xca,0x9a,0x8b,0x00,0x32,0x43,0xf1,0xff,0xb8,0x26,0x31,0x13,0x88,0xe8,0x9a,0xac,0x08,0x18,0x23,0x41,0x02,0x80,0xba,0xab,0xac,
  0x80,0x20,0x24,0x23,0x02,0xa8,0xca,0xaa,0x8c,0x08,0x33,0x24,0x24,0xff,0x0f,0x4b,0x14,0x31,0x82,0x8a,0xeb,0xa9,0x9b,0x00,0x11,0x25,0x22,0x01,0xa8,0xba,0xac,0x9b,
  0x88,0x32,0x35,0x33,0x01,0xa0,0xcb,0xcb,0xba,0x99,0x10,0x24,0xe4,0xff,0x91,0x52,0x22,0x22,0x90,0xa9,0xae,0xba,0x9a,0x18,0x31,0x25,0x33,0x11,0xa9,0xda,0xba,0xbb,
  0x88,0x21,0x35,0x43,0x12,0x80,0xb9,0xbc,0xac,0x8a,0x10,0x04,0xff,0x09,0x62,0x43,0x02,0x91,0xaa,0xbd,0xbb,0x9a,0x28,0x42,0x34,0x14,0x11,0xa9,0xda,0xaa,0x8b,0x89,
  0x22,0x63,0x32,0x11,0x80,0xba,0xbc,0xbb,0x9a,0x10,0xf2,0xff,0x11,0x32,0x35,0x11,0x90,0xcb,0xcb,0xbb,0x99,0x11,0x53,0x33,0x14,0x00,0xaa,0xdb,0xaa,0x8a,0x19,0x33,
  0x35,0x23,0x00,0xb9,0xbc,0xac,0x9a,0x18,0x41,0xf0,0x9f,0x21,0x53,0x15,0x11,0x98,0xca,0xba,0xac,0x98,0x11,0x42,0x33,0x22,0x82,0xba,0xcd,0xaa,0x9a,0x08,0x42,0x32,
  0x14,0x12,0x90,0xb9,0xbc,0xab,0x8b,0x29,0xff,0x0f,0x11,0x52,0x14,0x11,0x80,0xba,0xbb,0xbd,0x9a,0x88,0x22,0x43,0x33,0x23,0x88,0xba,0xac,0xdb,0x99,0x88,0x11,0x12,
  0x25,0x22,0x81,0xa8,0xa9,0xa9,0xf9,0xff,0x1c,0x21,0x36,0x21,0x01,0xa8,0xca,0xab,0xac,0x89,0x09,0x11,0x22,0x32,0x13,0x12,0x89,0xab,0xc9,0x99,0x89,0x32,0x40,0x82,
  0x02,0x83,0x08,0xd0,0xf0,0xff,0x8f,0x21,0x42,0x12,0x21,0x90,0xaa,0xba,0xac,0xaa,0x9a,0x89,0x10,0x33,0x43,0x22,0x12,0x28,0x0a,0xda,0xba,0xc8,0x08,0x2a,0x08,0xb3,
  0x08,0x58,0xff,0xff,0x18,0x31,0x33,0x23,0x11,0x98,0xa9,0xca,0xbb,0xac,0x9b,0x89,0x08,0x82,0x10,0x48,0x41,0x08,0x83,0x02,0x08,0x08,0xf8,0x88,0x3a,0x08,0xf3,0xff,
  0x0e,0x11,0x21,0x12,0x23,0x12,0x10,0x88,0xa9,0xbd,0xbb,0xca,0xca,0x99,0x8b,0x09,0x80,0x43,0x31,0x34,0x21,0x14,0x22,0x08,0x08,0x08,0xf0,0xff,0x8d,0x08,0x20,0x23,
  0x33,0x24,0x22,0x01,0x98,0xcb,0xab,0xbc,0xcb,0xba,0xac,0xaa,0x98,0x80,0x42,0x20,0x27,0x43,0x40,0x20,0x80,0x91,0x80,0xdc,0xaf,0x88,0x01,0x21,0x22,0x11,0x01,0x53,
  0x31,0x21,0xa1,0xb0,0xbe,0x9c,0xad,0xc9,0xa9,0x8b,0xad,0x10,0x81,0x14,0x12,0x22,0x27,0x23,0x52,0x08,0xfb,0x89,0x10,0x19,0x39,0x83,0x14,0x40,0x08,0xaa,0xa2,0xab,
  0xac,0xce,0xb0,0xa9,0x9e,0x09,0x81,0x22,0x22,0x32,0x43,0x83,0x34,0x43,0x08,0x43,0xf3,0xaf,0x19,0x08,0x91,0x33,0x12,0x20,0x83,0xf3,0x0a,0x2a,0x8a,0xb0,0xec,0xab,
  0x0a,0xa8,0xb3,0x03,0x0d,0x48,0x38,0x27,0x21,0x35,0x21,0xb2,0x00,0xaf,0x8b,0x98,0xba,0x80,0x80,0xdb,0x33,0x34,0x48,0x8b,0xc0,0xb3,0x48,0x40,0xc3,0x03,0xc3,0x30,
  0x80,0xb5,0xf4,0x80,0x80,0x0a,0xa8,0x08,0x0c,0xb8,0xcf,0x08,0x08,0x08,0x08,0x26,0x16,0x32,0x11,0xa0,0xa2,0x0b,0x8b,0xbc,0x0c,0xfb,0x9a,0x28,0x80,0xc0,0x30,0x3c,
  0x08,0x07,0x23,0x22,0x30,0xcb,0xf0,0x19,0x2a,0x0a,0xb2,0x80,0x00,0x78,0x22,0x80,0x48,0x4b,0x8b,0xc0,0xf0,0x9c,0x89,0xa0,0x02,0x32,0x30,0x40,0xb4,0x83,0x40,0x8b,
  0xd0,0xb3,0xaf,0x28,0x02,0xb8,0x84,0x43,0x80,0x03,0xb4,0x84,0x40,0x08,0xb4,0xc8,0x8b,0x0c,0x0c,0xcb,0x83,0x8b,0xcc,0x30,0xb3,0x58,0x48,0x83,0xb4,0xb3,0xcf,0x08,
  0x01,0x82,0x63,0x48,0x80,0x82,0x80,0x80,0x80,0x0c,0xc8,0x80,0x3c,0x80,0xf0,0x00,0x0b,0x8b,0xd0,0xc0,0x83,0x84,0x30,0xb3,0xc4,0x0e,0x2a,0xa8,0xa2,0x83,0x34,0x4b,
  0xb3,0x48,0x40,0x3b,0x80,0x05,0x88,0x1f,0x8a,0xb3,0xb3,0x08,0x08,0xe8,0xc3,0x80,0x0c,0xbc,0xc0,0x03,0x48,0x7b,0x80,0x02,0x22,0x70,0x08,0x91,0xa8,0x0b,0x3b,0x80,
  0xe0,0xbb,0x3b,0xd0,0x80,0x04,0x48,0x08,0x80,0xf8,0x89,0x80,0x34,0xc3,0x03,0xc8,0x3b,0x80,0x80,0x27,0x30,0x80,0xc8,0xb4,0x88,0x0c,0xc8,0x08,0xbd,0x0b,0x8c,0x80,
  0x85,0x43,0x33,0x84,0x03,0x80,0xe0,0x0b,0x0c,0x83,0x40,0x80,0x8c,0xb4,0x08,0x80,0x0e,0xb8,0xb4,0x88,0x4c,0x08,0xc8,0x03,0x08,0x68,0x00,0x01,0x70,0x7a,0xfb,0xf3,
  0x0d,0x3e,0xbc,0xfb,0x01,0x08,0x38,0x83,0x80,0x35,0x88,0x40,0xc0,0x03,0x08,0x3d,0x0c,0xf8,0x9a,0x22,0x0b,0x83,0x84,0x84,0x5e,0x90,0xb9,0x13,0x89,0x5a,0xa2,0x80,
  0x38,0xbb,0x8c,0xf0,0x61,0x91,0x0b,0x01,0xc1,0x40,0x28,0x2a,0x02,0x08,0x08,0xdf,0x14,0xf9,0x38,0x00,0x0b,0x82,0xb0,0x1b,0x0a,0x0b,0xb6,0x7a,0x86,0x8a,0x04,0xb8,
  0x2a,0x81,0x9a,0x13,0x08,0x2a,0xff,0x53,0xb1,0x2a,0x12,0xac,0x10,0xa0,0x0b,0x31,0xb1,0xd8,0x2f,0x26,0xbb,0x31,0xa1,0x8b,0x31,0xb9,0x8c,0x15,0xa8,0xfa,0x79,0x84,
  0x8c,0x22,0xb8,0x09,0x13,0xb9,0x29,0x84,0xc9,0x9f,0x45,0xc0,0x19,0x12,0xaa,0x19,0x83,0xc9,0x38,0x83,0xfb,0x2e,0x17,0xba,0x20,0x82,0xbb,0x31,0x01,0xac,0x42,0xa1,
  0xfd,0x61,0xa2,0x9b,0x33,0xb8,0x0b,0x33,0xd8,0x0a,0x14,0xc9,0x8d,0x27,0xc8,0x29,0x02,0xaa,0x28,0x03,0xcb,0x30,0x82,0xfc,0x59,0x04,0xac,0x31,0xa1,0x8b,0x32,0xb0,
  0x8b,0x24,0xc8,0xbc,0x75,0xa0,0x0b,0x23,0xb9,0x2a,0x23,0xcb,0x28,0x84,0xca,0x1e,0x27,0xca,0x28,0x83,0xab,0x30,0x92,0x9c,0x32,0xa0,0xec,0x60,0x93,0xac,0x42,0xa0,
  0x0b,0x32,0xb8,0x1b,0x23,0xc9,0x8f,0x35,0xd0,0x2b,0x14,0xba,0x39,0x03,0xcb,0x38,0x83,0xfb,0x39,0x07,0xdb,0x50,0x92,0xac,0x41,0x91,0x9b,0x32,0xb1,0xcc,0x71,0xa2,
  0x8e,0x34,0xd0,0x0b,0x34,0xb9,0x1b,0x24,0xc8,0x0c,0x25,0xe8,0x19,0x07,0xda,0x29,0x15,0xca,0x29,0x04,0xca,0x39,0x05,0xad,0x78,0x81,0x9e,0x60,0x91,0xac,0x51,0xa1,
  0x0e,0x25,0xf8,0x29,0x15,0xea,0x38,0x14,0xcb,0x38,0x03,0x9f,0x62,0xb8,0x0d,0x34,0xd8,0x0a,0x25,0xc9,0x1a,0x14,0xda,0x58,0x82,0x9e,0x61,0xa1,0x8e,0x53,0xb0,0x0d,
  0x33,0xe8,0x2a,0x06,0xdb,0x48,0x03,0xbd,0x50,0x82,0xad,0x51,0xa1,0x0e,0x25,0xe8,0x0a,0x26,0xe9,0x19,0x16,0xca,0x29,0x13,0xae,0x53,0xa0,0x8e,0x53,0xb0,0x8d,0x43,
  0xb0,0x8a,0xb2,0x79,0x03,0xcc,0x30,0x85,0xbb,0x49,0x03,0xba,0x99,0x7a,0x85,0xdb,0x30,0x85,0xca,0x19,0x24,0xa9,0x9b,0x58,0x05,0xea,0x28,0x06,0xd8,0x8a,0x53,0x90,
  0xac,0x10,0x07,0xe8,0x0a,0x25,0xa0,0x8f,0x50,0x02,0xcc,0x80,0x17,0xd0,0x0b,0x63,0x88,0x9e,0x50,0x02,0xcc,0x10,0x87,0xe8,0x89,0x26,0xc0,0x0c,0x43,0xa0,0x9d,0x53,
  0x90,0x9e,0x70,0x91,0xad,0x50,0x82,0xad,0x62,0x80,0xae,0x60,0x82,0xad,0x68,0x82,0xad,0x70,0x00,0xae,0x68,0x82,0xad,0x68,0x02,0xbd,0x70,0x81,0xad,0x68,0x02,0xbd,
  0x50,0x02,0xbd,0x60,0x82,0xbc,0x58,0x83,0xbc,0x58,0x83,0xbc,0x60,0x01,0xbd,0x50,0x02,0xbd,0x50,0x82,0x8f,0x53,0x98,0x0f,0x42,0xa1,0x8e,0x33,0xbb,0x50,0x84,0xca,
  0x18,0x14,0xab,0x10,0xf1,0x32,0x01,0xfb,0x20,0x21,0xbb,0x03,0xf1,0x49,0x03,0xf8,0x29,0x21,0xd8,0x20,0x80,0x1f,0x15,0xb8,0x0e,0x22,0xb1,0x4a,0x00,0xad,0x26,0x90,
  0x9f,0x02,0x83,0x2d,0x01,0xe9,0x41,0x01,0xeb,0x20,0x21,0xab,0x13,0xdb,0x43,0x83,0xbd,0x18,0x14,0x9a,0x08,0x8c,0x26,0x81,0x9e,0x08,0x04,0x89,0x88,0x2c,0x15,0x90,
  0x8d,0x18,0x03,0x9a,0x98,0x4d,0x23,0xb0,0x8e,0x28,0x83,0x8a,0xaa,0x7a,0x23,0xd0,0x8b,0x38,0x03,0xa9,0xdb,0x78,0x12,0xb0,0xbb,0x59,0x03,0xa0,0xbc,0x50,0x23,0xb0,
  0xbd,0x38,0x14,0xa0,0xcc,0x41,0x22,0xc8,0xca,0x30,0x12,0xc0,0x0d,0x32,0x03,0xbc,0x8c,0x14,0x01,0xfa,0x21,0x31,0xc0,0xc9,0x38,0x10,0xa1,0x1f,0x12,0x83,0x9c,0x8b,
  0x13,0x11,0xfb,0x12,0x42,0xb9,0xc9,0x38,0x00,0xa2,0x2f,0x11,0x94,0x8b,0x9b,0x83,0x40,0xda,0x23,0x61,0xb9,0xb8,0x39,0x09,0xa4,0x4d,0x21,0xa3,0x9c,0x9b,0x82,0x58,
  0xc8,0x33,0x51,0xda,0x98,0x29,0x80,0x83,0x2e,0x12,0xa3,0x8e,0x89,0x02,0x28,0xf8,0x21,0x31,0xc9,0x99,0x19,0x80,0x03,0x1f,0x23,0x93,0x8e,0x9a,0x01,0x20,0xe0,0x22,
  0x32,0xda,0xb9,0x29,0x08,0x84,0x1c,0x24,0x84,0xab,0xab,0xa1,0x21,0xe8,0x52,0x34,0xa8,0xba,0x9b,0x9c,0x90,0x6b,0x45,0x03,0xb8,0xcb,0xba,0x0a,0x80,0x56,0x14,0x80,
  0xb9,0xac,0x9b,0x00,0x70,0x24,0x00,0x98,0xbc,0xab,0x80,0x21,0x47,0x82,0x00,0xcb,0xac,0x80,0x28,0x61,0x23,0x08,0xc8,0xbc,0x0a,0x08,0x23,0x37,0x81,0x90,0xcc,0x9b,
  0x08,0x31,0x42,0x16,0x08,0xc9,0xbb,0x8a,0x10,0x13,0x56,0x82,0x80,0xbc,0xab,0x89,0x20,0x71,0x24,0x00,0xa8,0xcc,0x9a,0x80,0x10,0x74,0x02,0x08,0xb9,0xbc,0x09,0x08,
  0x50,0x26,0x80,0x90,0xcb,0x9b,0x80,0x10,0x74,0x02,0x08,0xb9,0xbc,0x09,0x08,0x41,0x27,0x80,0x90,0xbc,0x0b,0x88,0x10,0x74,0x02,0x08,0xc9,0xbb,0x80,0x18,0x50,0x26,
  0x08,0x90,0xad,0x8a,0x80,0x10,0x72,0x03,0x08,0xd9,0xaa,0x09,0x08,0x21,0x47,0x80,0xa0,0xbc,0x09,0x18,0x24,0x28,0x86,0x80,0xcd,0x88,0x20,0x22,0xb1,0x0e,0x14,0x80,
  0xbb,0x00,0x10,0x00,0xf0,0x4a,0x06,0x90,0xad,0x10,0x11,0x02,0xf9,0x49,0x03,0xb8,0x9d,0x11,0x11,0x80,0xeb,0x70,0x01,0xd8,0x0b,0x21,0x02,0x88,0xae,0x72,0x00,0xf9,
  0x09,0x13,0x82,0x0a,0xfa,0x68,0x02,0xd8,0x0b,0x21,0x13,0x9c,0x91,0xca,0x70,0x03,0xe8,0x8a,0x42,0x92,0x9b,0x01,0xf8,0x58,0x02,0xe0,0x0b,0x41,0x92,0x9b,0x12,0xf9,
  0x48,0x03,0xd8,0x0b,0x41,0x92,0x9c,0x22,0xf0,0x28,0x05,0xa0,0x8f,0x41,0x92,0x9c,0x31,0xe0,0x18,0x15,0x98,0x8f,0x31,0x93,0x9d,0x21,0xf2,0x29,0x14,0x90,0x8f,0x31,
  0xa3,0x9d,0x30,0xe2,0x19,0x24,0x90,0x8e,0x30,0x93,0x9e,0x30,0xa3,0x8f,0x42,0x01,0xcc,0x20,0x14,0xdb,0x28,0x33,0xcd,0x20,0x05,0xe0,0x0a,0x53,0xb0,0x8d,0x42,0xd1,
  0x0a,0x53,0x80,0xae,0x40,0x03,0xcc,0x10,0x15,0xad,0x30,0x05,0xe8,0x0a,0x34,0xd0,0x0b,0x61,0xd0,0x1a,0x43,0x80,0x9f,0x40,0x83,0xbc,0x28,0x15,0xad,0x38,0x05,0xd0,
  0x0b,0x53,0xa0,0x8e,0x40,0x03,0xae,0x38,0x06,0xe8,0x0a,0x34,0xa0,0x8f,0x41,0x02,0xbd,0x10,0x07,0xe0,0x8a,0x44,0x98,0x0f,0x58,0x83,0xfa,0x00,0x07,0xb0,0x8e,0x52,
  0x81,0xae,0x30,0x05,0xf9,0x08,0x25,0x80,0x9f,0x68,0x02,0xeb,0x18,0x25,0xe8,0x0a,0x63,0x08,0xbd,0x30,0x05,0xd9,0x0a,0x34,0xc0,0x0c,0x60,0x01,0xf9,0x09,0x25,0xb0,
  0x8e,0x32,0x93,0xbd,0x28,0x07,0x90,0x9f,0x41,0x81,0xca,0x20,0x12,0xc8,0x8c,0x72,0x00,0xd9,0x19,0x12,0xa8,0x8b,0x33,0x82,0xcf,0x20,0x15,0x80,0xac,0x10,0x00,0xa9,
  0x30,0x12,0xe0,0x8e,0x42,0x02,0xc8,0x09,0x00,0x99,0x09,0x23,0x01,0xfd,0x28,0x24,0x90,0xaa,0x00,0x98,0xaa,0x41,0x12,0xc0,0x9f,0x53,0x11,0xa8,0x89,0x98,0xaa,0x19,
  0x42,0x11,0xe8,0x0d,0x43,0x02,0xa9,0x88,0xa8,0xaa,0x19,0x23,0x23,0xf8,0x8f,0x34,0x11,0xa9,0x98,0xa9,0xbb,0x28,0x32,0x23,0xf8,0x1d,0x25,0x01,0x99,0x90,0xb9,0xab,
  0x19,0x11,0x32,0xfb,0x3c,0x27,0x01,0x88,0x98,0xaa,0xac,0x88,0x18,0x21,0xda,0x41,0x35,0x02,0x08,0x90,0xca,0xac,0x9a,0x9a,0x80,0xf0,0x2a,0x46,0x22,0x01,0x91,0xa9,
  0xdb,0xaa,0xaa,0x88,0xa0,0x2c,0x56,0x24,0x01,0x00,0xa9,0xbb,0xbd,0x9a,0x99,0x11,0x1b,0x73,0x36,0x12,0x80,0xa8,0xca,0xcb,0xaa,0x8a,0x28,0x88,0x62,0x36,0x33,0x00,
  0xa8,0xca,0xcb,0xac,0xaa,0x08,0xa0,0x31,0x47,0x34,0x12,0x01,0x99,0xcb,0xbc,0xcb,0xaa,0x8a,0x8c,0x40,0x44,0x34,0x32,0x11,0x80,0xba,0xbd,0xad,0xab,0xca,0x8a,0x21,
  0x36,0x25,0x23,0x21,0x80,0xba,0xbd,0xbc,0xac,0xbb,0x89,0x33,0x46,0x33,0x43,0x12,0x80,0xa9,0xcc,0xac,0xbb,0xad,0x09,0x31,0x43,0x44,0x32,0x22,0x80,0xa9,0xad,0xbc,
  0xeb,0x9a,0x09,0x21,0x53,0x33,0x34,0x32,0x80,0xb9,0xcc,0xbc,0xae,0x9a,0x88,0x22,0x34,0x44,0x32,0x11,0x90,0xba,0xbd,0xdc,0xaa,0x0a,0x30,0x53,0x34,0x33,0x12,0x99,
  0xdb,0xdb,0xab,0xcc,0x98,0x21,0x44,0x33,0x33,0x02,0xa8,0xeb,0xcb,0xab,0xaa,0x0c,0x20,0x54,0x43,0x23,0x11,0xa8,0xdb,0xcb,0xbb,0xaa,0xa9,0x22,0x54,0x35,0x33,0x22,
  0x98,0xca,0xbd,0xcb,0xaa,0x89,0x90,0x32,0x73,0x24,0x14,0x12,0x98,0xc9,0xbb,0xbc,0xaa,0x0a,0x20,0x5a,0x41,0x44,0x33,0x02,0xa0,0xbc,0xbd,0xbb,0xab,0x08,0x42,0x92,
  0x34,0x54,0x33,0x13,0x90,0xbc,0xdc,0x9b,0xab,0x08,0x30,0x84,0x3a,0x51,0x45,0x13,0x00,0xba,0xcc,0xbb,0xab,0x09,0x28,0x44,0x8a,0x20,0x47,0x34,0x12,0xa8,0xcb,0xbb,
  0xbc,0xab,0x8a,0x20,0xe3,0x80,0x73,0x35,0x23,0x81,0xaa,0xbc,0xcb,0xbb,0xab,0x18,0x23,0x3b,0x72,0x47,0x22,0x01,0xa9,0xca,0xbb,0xac,0x9a,0x08,0x31,0x80,0x40,0x37,
  0x35,0x11,0x98,0xbb,0xad,0xbb,0xab,0x08,0x41,0x83,0x09,0x45,0x36,0x22,0x90,0xbb,0xdb,0xcb,0xa9,0x89,0x30,0x43,0x99,0x4a,0x55,0x33,0x01,0xa8,0xbb,0xbd,0xac,0x9b,
  0x88,0x32,0xc2,0x9b,0x55,0x26,0x13,0x92,0xa9,0xbb,0xbd,0xba,0x99,0x18,0x33,0xa9,0x3d,0x75,0x33,0x12,0x98,0xba,0xcc,0xbb,0x9b,0x08,0x22,0x15,0xab,0x3b,0x57,0x33,
  0x01,0x98,0xca,0xcb,0xaa,0x9a,0x00,0x43,0xc3,0xdb,0x30,0x36,0x24,0x01,0xa9,0xbb,0xad,0xab,0x0a,0x20,0x43,0xf2,0x9a,0x31,0x37,0x23,0x81,0xb8,0xcb,0xdb,0xba,0x88,
  0x20,0x43,0xaa,0x0e,0x53,0x53,0x11,0x90,0xaa,0xcb,0xbb,0xa9,0x10,0x53,0x12,0xad,0x1b,0x74,0x22,0x01,0xa8,0xba,0xcb,0xaa,0x89,0x21,0x34,0xc2,0xfb,0x20,0x34,0x25,
  0x80,0xa9,0xbb,0xac,0xaa,0x08,0x42,0x33,0xf0,0xaa,0x21,0x37,0x13,0x98,0xaa,0xac,0x9c,0x8a,0x18,0x42,0x23,0x9d,0x0d,0x61,0x42,0x01,0x99,0xaa,0xab,0x9c,0x0a,0x20,
  0x24,0x03,0x9f,0x1a,0x73,0x32,0x08,0xaa,0xbb,0x9c,0x8b,0x18,0x43,0x14,0xca,0xab,0x44,0x26,0x01,0xb8,0xba,0xbb,0xaa,0x10,0x63,0x32,0xf2,0xba,0x28,0x55,0x12,0x98,
  0xaa,0xbb,0xaa,0x09,0x23,0x63,0x12,0xbf,0x1b,0x63,0x14,0x81,0xa9,0xbb,0xab,0x98,0x32,0x34,0x31,0xf9,0xae,0x31,0x44,0x02,0xb8,0xba,0xbb,0x8a,0x11,0x34,0x32,0xd1,
  0xaf,0x3a,0x73,0x12,0x80,0xab,0xab,0x8b,0x28,0x41,0x32,0x00,0xdf,0x8a,0x43,0x24,0x01,0xb9,0xac,0xaa,0x18,0x22,0x43,0x01,0xf9,0x9e,0x20,0x34,0x03,0xa8,0xdb,0xaa,
  0x88,0x12,0x24,0x11,0xc0,0xaf,0x1a,0x53,0x14,0x81,0xba,0xbb,0x8b,0x28,0x34,0x13,0x01,0xef,0x99,0x31,0x44,0x01,0xb0,0xbb,0x9c,0x18,0x21,0x24,0x81,0xfb,0xab,0x51,
  0x43,0x02,0xb8,0xac,0xaa,0x00,0x31,0x23,0x82,0xfd,0xaa,0x51,0x43,0x01,0xb8,0xbb,0xba,0x10,0x42,0x22,0x80,0xee,0x99,0x41,0x34,0x82,0xa9,0xbc,0xa9,0x10,0x22,0x22,
  0x80,0xfe,0x99,0x41,0x24,0x02,0xa9,0xcb,0xa9,0x18,0x21,0x13,0x00,0xfd,0x9a,0x51,0x24,0x82,0xa9,0xcb,0x89,0x08,0x13,0x12,0xa8,0xdf,0x08,0x53,0x13,0x91,0xab,0xac,
  0x09,0x20,0x12,0x02,0xfa,0x9e,0x20,0x35,0x11,0xa8,0xca,0x9a,0x08,0x31,0x11,0x80,0xdf,0x09,0x51,0x14,0x01,0xaa,0xba,0x8a,0x10,0x13,0x11,0xe8,0xaf,0x10,0x63,0x12,
  0x90,0xaa,0xbb,0x08,0x11,0x04,0x00,0xfa,0x0e,0x20,0x34,0x01,0xa8,0xba,0x9b,0x08,0x21,0x02,0x81,0xff,0x09,0x52,0x03,0x81,0xba,0xb9,0x0a,0x80,0x32,0x20,0xfb,0x0f,
  0x31,0x15,0x00,0xa9,0xa9,0x9a,0x89,0x20,0x21,0xf1,0x0d,0x31,0x35,0x00,0xa9,0xaa,0xba,0x99,0x39,0x31,0xa3,0xff,0x30,0x44,0x81,0x88,0x9a,0xba,0x9a,0x8a,0x22,0x12,
  0xfe,0x38,0x44,0x02,0x98,0xa8,0xa9,0xac,0x99,0x20,0x21,0xf0,0x2a,0x36,0x04,0x88,0x99,0xaa,0xac,0x8a,0x10,0x32,0xfa,0x40,0x34,0x02,0x99,0xb8,0xdb,0xba,0x88,0x21,
  0xa3,0x0f,0x36,0x13,0x88,0x99,0xcb,0xcb,0x89,0x10,0x32,0xe9,0x60,0x14,0x81,0x98,0xa9,0xcb,0x9a,0x08,0x22,0x83,0x0f,0x45,0x02,0x98,0x98,0xca,0xab,0x89,0x20,0x32,
  0xf9,0x60,0x14,0x80,0x90,0xa8,0xbc,0x9a,0x08,0x21,0x83,0x1f,0x55,0x01,0x88,0x89,0xca,0xaa,0x89,0x18,0x12,0x8d,0x47,0x02,0x80,0x98,0xba,0xbc,0x99,0x18,0x22,0x0a,
  0x77,0x02,0x08,0x98,0xba,0xbb,0x9b,0x08,0x33,0xb8,0x77,0x04,0x80,0x88,0xba,0xbb,0xaa,0x08,0x42,0xa0,0x73,0x17,0x80,0x80,0xaa,0xbb,0xaa,0x89,0x21,0xb3,0x71,0x47,
  0x80,0x80,0xa9,0xab,0xab,0x8a,0x10,0x88,0x76,0x14,0x00,0x88,0xba,0xbb,0xac,0x09,0x12,0x39,0x77,0x01,0x00,0xa8,0xab,0xbb,0x8b,0x10,0x14,0x51,0x36,0x00,0x98,0xca,
  0xbb,0xbb,0x18,0x42,0x13,0x72,0x15,0x88,0x99,0xbb,0xac,0x9a,0x11,0x34,0x11,0x72,0x03,0xa8,0xa9,0xad,0xab,0x89,0x31,0x24,0x11,0x65,0x02,0x99,0xaa,0xad,0xaa,0x89,
  0x32,0x14,0x20,0x37,0x81,0x98,0xcb,0xcb,0x9a,0x08,0x23,0x02,0x74,0x14,0x80,0xa9,0xbc,0xba,0x9a,0x20,0x03,0x62,0x27,0x02,0x88,0xca,0xbb,0xbb,0x09,0x22,0x30,0x67,
  0x12,0x81,0xa8,0xbc,0xac,0x9a,0x10,0x11,0x72,0x34,0x11,0x90,0xda,0xbb,0xbb,0x8a,0x11,0x32,0x67,0x22,0x01,0x98,0xbc,0xcb,0x9b,0x09,0x20,0x73,0x24,0x22,0x90,0xbb,
  0xcd,0xaa,0x99,0x20,0x63,0x43,0x13,0x90,0xcb,0xbc,0xab,0x09,0x30,0x55,0x33,0x02,0xa8,0xeb,0xbb,0xaa,0x08,0x32,0x46,0x23,0x01,0xb8,0xbd,0xcb,0x9a,0x10,0x52,0x43,
  0x23,0x81,0xc9,0xbc,0xbb,0x8a,0x21,0x63,0x53,0x11,0x80,0xbb,0xcc,0xaa,0x89,0x32,0x43,0x35,0x12,0xa0,0xda,0xcb,0xaa,0x09,0x32,0x44,0x33,0x11,0xb8,0xfb,0xab,0xaa,
  0x18,0x43,0x34,0x33,0x10,0xc9,0xad,0xbb,0x8a,0x18,0x26,0x32,0x32,0x91,0xc9,0xcc,0xba,0x8b,0x21,0x24,0x25,0x32,0x80,0xc9,0xca,0xab,0x0a,0x31,0x34,0x42,0x22,0x99,
  0xda,0xcb,0xab,0x8b,0x41,0x24,0x21,0x63,0x00,0xa1,0xc8,0xca,0xba,0x88,0x11,0x35,0x22,0x80,0xab,0xa9,0x22,0x0b,0x80,0xb4,0x34,0x08,0xcc,0xc0,0x80,0x84,0x30,0xc8,
  0xc0,0x80,0x3b,0x4c,0x08,0xc3,0x03,0x34,0x40,0xb8,0xc8,0x08,0x3d,0x80,0xd0,0x80,0x40,0x0c,0xc3,0x83,0x0b,0x3c,0x80,0x04,0x08,0x68,0x0b,0xc8,0x03,0x3c,0x0c,0x08,
  0xc8,0x30,0x4c,0x3b,0xc0,0x83,0x80,0x80,0x80,0xb7,0x80,0x8c,0x3c,0xb4,0x80,0x80,0x50,0x80,0x85,0x03,0x58,0x3b,0xb4,0xb3,0xc8,0x0c,0xac,0xb8,0x84,0x30,0x4c,0x08,
  0xb8,0x88,0x4c,0x8b,0x84,0x07,0x28,0x80,0xb0,0xc0,0xb8,0x70,0x29,0xb2,0x80,0x00,0x08,0xe8,0xb3,0x08,0x08,0xf0,0xb3,0xb3,0x48,0x8b,0xcc,0x03,0x03,0x08,0x08,0x46,
  0x83,0x80,0x3c,0x80,0xe0,0x80,0x80,0x50,0x08,0x08,0x08,0x8e,0xc0,0xc3,0xca,0x8a,0x0b,0x48,0x34,0x48,0x48,0x08,0x08,0x08,0x3d,0x48,0xb4,0x83,0x80,0x0c,0xc8,0xc3,
  0xc0,0x80,0x8b,0xb4,0x08,0x3d,0x3b,0xd0,0x03,0x08,0x08,0x8e,0xc0,0x03,0x34,0x73,0x00,0x82,0x80,0x80,0x8b,0xbd,0x08,0x08,0x08,0x08,0xf8,0x88,0x80,0x0e,0xbc,0xc0,
  0x30,0x43,0x4b,0x02,0x84,0x30,0x80,0xb5,0xb3,0xd8,0x8b,0x0c,0x03,0x08,0x8d,0x40,0x80,0xb4,0x84,0x80,0x8c,0xc0,0x03,0x58,0x8b,0xc0,0x03,0x04,0x08,0x58,0xc0,0xc3,
  0x30,0x3b,0x0c,0xc8,0xc8,0x0b,0x0d,0xb8,0x07,0x21,0x02,0x02,0x08,0x08,0x08,0x3e,0xc0,0x08,0x08,0x8d,0x80,0x80,0xe0,0x48,0x0b,0xbc,0x80,0x34,0x4b,0x8b,0x04,0x03,
  0x78,0x01,0x02,0x83,0x0c,0x0c,0x0c,0xb8,0x40,0x8b,0x3c,0xc0,0x87,0x80,0x20,0xba,0xb8,0xc0,0x08,0x7c,0x01,0x01,0x38,0x3b,0x8b,0x08,0x80,0x3e,0x4b,0xac,0xf8,0x21,
  0x2a,0x0a,0x38,0x43,0x38,0x8b,0xd0,0x03,0x84,0x40,0x8b,0x08,0xe0,0x80,0x3c,0xcb,0xf0,0x80,0x2a,0x80,0x83,0x03,0x40,0x43,0x84,0xb3,0x03,0x3d,0x0b,0xc8,0xc8,0x80,
  0x0c,0xc8,0xcb,0x4b,0x38,0x3b,0x04,0xc8,0x84,0x7b,0x01,0x01,0x82,0x8a,0x0b,0x8c,0x84,0x40,0x08,0x08,0xd8,0x80,0x80,0x0d,0xc8,0xb3,0x08,0x8d,0x8f,0x02,0x31,0x3b,
  0x43,0x08,0x97,0x01,0x2a,0x8a,0x80,0x80,0x0d,0x08,0xd8,0x80,0x80,0x0d,0x0c,0xac,0x86,0x00,0x88,0x00,0x33,0x34,0x40,0x48,0xb8,0x8b,0x8c,0x4c,0x38,0xc0,0x83,0x8b,
  0x80,0xe0,0xc3,0x0b,0xac,0x0c,0x08,0x48,0x43,0x33,0xb4,0x03,0x48,0x4b,0x8b,0x08,0xbd,0x0c,0x48,0xc3,0xb3,0x03,0x3c,0xc0,0xc3,0xf3,0x89,0x20,0xa8,0xa2,0x48,0x7b,
  0x28,0x08,0x22,0x3b,0x80,0xc0,0xc8,0x80,0x80,0x0d,0xc8,0x80,0x40,0x48,0x80,0xd0,0x4b,0x38,0x80,0x80,0xe0,0x30,0x3c,0x08,0xd0,0x80,0x0c,0xcb,0x83,0x1f,0x62,0x81,
  0x90,0x08,0x08,0xa8,0x8b,0xaf,0x34,0x23,0x0a,0xab,0xf3,0x08,0x58,0xf9,0x02,0x24,0x1a,0x8a,0x98,0x99,0x08,0xf2,0x5b,0x31,0xb1,0x99,0x0c,0xac,0x91,0x22,0x1f,0x72,
  0xa3,0x88,0x09,0xa8,0x98,0x22,0xaf,0x25,0x03,0x9b,0xb9,0xb2,0x2b,0x61,0xa0,0x92,0x1a,0x89,0x9a,0xb2,0x8d,0x20,0x05,0xa8,0xb0,0x83,0x40,0x02,0x07,0x28,0x3c,0x29,
  0x88,0x3a,0x8f,0x80,0x80,0x8a,0x80,0x8c,0x00,0x08,0x88,0x3e,0x00,0xc4,0xb3,0xc8,0x80,0x40,0x04,0x03,0x44,0x38,0xc0,0x80,0xd0,0x80,0x0c,0xb3,0xc8,0x08,0xbf,0xa8,
  0x83,0x17,0x10,0x80,0xb0,0xf3,0x30,0x28,0xd2,0xa0,0x0a,0x38,0x48,0x08,0x83,0xc0,0x0c,0x08,0xc3,0xc0,0x3c,0x3b,0x84,0x84,0xb3,0x08,0xbd,0x84,0x03,0x3c,0x48,0x0b,
  0x0c,0x48,0x08,0x0c,0x83,0x80,0x80,0x80,0xf0,0xc8,0xb8,0x3c,0x3c,0xb3,0x84,0x34,0x48,0x83,0x80,0x80,0x3d,0xdb,0xb3,0x08,0x0d,0x8f,0xa9,0xa2,0x83,0x30,0x6c,0x82,
  0x82,0x50,0x20,0x88,0xad,0x20,0x2a,0x80,0xc0,0xcb,0xb8,0x7b,0x00,0xf1,0x99,0x59,0x33,0x15,0x88,0xb9,0xac,0xec,0xa9,0x41,0x43,0x24,0x81,0x98,0xcb,0xdd,0xa9,0x30,
  0x34,0x25,0x00,0xa8,0xca,0xcd,0xa9,0x30,0x44,0x33,0x11,0xa9,0xeb,0xbd,0x99,0x30,0x44,0x14,0x02,0xa8,0xcb,0xae,0x99,0x21,0x44,0x22,0x01,0xa8,0xcc,0x9e,0x89,0x21,
  0x53,0x22,0x81,0xa9,0xdc,0xab,0x0a,0x43,0x44,0x12,0x91,0xaa,0xec,0xaa,0x19,0x43,0x34,0x12,0x98,0xcb,0xdc,0x9a,0x10,0x34,0x34,0x11,0xa8,0xdb,0xcc,0x99,0x20,0x44,
  0x23,0x01,0xa9,0xbc,0xbe,0x99,0x31,0x45,0x13,0x81,0xa9,0xbc,0x9f,0x89,0x31,0x34,0x23,0x00,0xca,0xdb,0x9d,0x88,0x41,0x43,0x12,0x80,0xba,0xcc,0x9c,0x88,0x50,0x24,
  0x03,0x08,0xba,0xbd,0x9b,0x88,0x28,0x67,0x82,0x00,0x98,0xac,0x9b,0x88,0x80,0x35,0x26,0x08,0x80,0xdb,0xba,0x08,0x18,0x31,0x36,0x03,0x00,0xe9,0xbb,0x9b,0x08,0x52,
  0x12,0x25,0x02,0x98,0xcc,0xbb,0x8a,0x10,0x44,0x01,0x13,0x23,0xb9,0xcd,0xab,0x9a,0x11,0x44,0x88,0x42,0x34,0xa0,0xca,0xbb,0xbb,0x09,0x43,0xa9,0x46,0x35,0x80,0xb9,
  0xac,0xcb,0x89,0x31,0x99,0x37,0x34,0x91,0xc9,0xbb,0xbb,0x0a,0x52,0x80,0x45,0x24,0x90,0xca,0xbb,0xba,0x18,0x53,0x88,0x35,0x15,0xa0,0xca,0xaa,0xaa,0x18,0x44,0x98,
  0x53,0x23,0xb0,0xbc,0xbb,0xab,0x20,0x45,0x99,0x63,0x14,0xa0,0xba,0xbb,0xbb,0x18,0x35,0xb9,0x46,0x15,0x90,0xaa,0xab,0xbb,0x19,0x53,0xb8,0x46,0x33,0xb0,0xbb,0xbc,
  0xca,0x08,0x43,0xa8,0x55,0x23,0xa0,0xbb,0xcb,0xab,0x09,0x44,0xa8,0x45,0x14,0xa0,0xba,0xba,0xbb,0x09,0x44,0xa8,0x55,0x23,0xa0,0xba,0xcb,0xab,0x1a,0x42,0xa9,0x66,
  0x22,0xa1,0xaa,0xab,0xbc,0x09,0x22,0xb8,0x57,0x33,0xa1,0x9a,0xbc,0xcb,0x0a,0x21,0xb9,0x57,0x23,0x91,0xa9,0xbb,0xcc,0x8a,0x21,0xa8,0x56,0x33,0x90,0xa9,0xcb,0xcb,
  0x0a,0x31,0xa8,0x57,0x22,0x08,0xaa,0xbb,0xac,0x0a,0x32,0x98,0x57,0x22,0x88,0xab,0xcb,0x9b,0x09,0x53,0x98,0x64,0x12,0xa0,0xaa,0xbb,0x9c,0x19,0x43,0xa8,0x65,0x11,
  0x90,0x9b,0xbb,0x9b,0x19,0x44,0xa9,0x74,0x02,0x80,0x9b,0xbb,0x9b,0x09,0x44,0xb9,0x65,0x21,0x90,0xaa,0xba,0x9c,0x08,0x42,0xb9,0x55,0x22,0xa1,0xaa,0xdb,0x9a,0x09,
  0x32,0xb9,0x66,0x12,0x91,0x9a,0xcb,0x9b,0x09,0x31,0xd8,0x55,0x22,0x91,0xb9,0xd9,0xaa,0x98,0x12,0xd8,0x54,0x13,0x81,0xa9,0xda,0xba,0x98,0x21,0xd8,0x54,0x23,0x82,
  0xa9,0xda,0xaa,0x9a,0x20,0xd9,0x54,0x23,0x02,0xa9,0xca,0xbb,0xab,0x10,0xd3,0x7a,0x24,0x12,0x98,0x9a,0xad,0x9a,0x19,0x11,0x0c,0x47,0x11,0x91,0x8a,0xbb,0xbb,0x89,
  0x22,0xf1,0x70,0x13,0x01,0xa9,0xa9,0xac,0x9a,0x28,0x92,0x2f,0x27,0x01,0xa0,0x89,0xba,0x9b,0x8a,0x32,0x9d,0x74,0x13,0x81,0x9a,0xb8,0xad,0x99,0x10,0xc1,0x68,0x16,
  0x01,0xa8,0x88,0xca,0x9a,0x09,0x12,0x0d,0x65,0x01,0x80,0x89,0xb8,0xac,0x98,0x20,0xa2,0x4a,0x57,0x80,0x90,0x89,0xc9,0x9a,0x08,0x31,0xd0,0x70,0x03,0x80,0x98,0x99,
  0xda,0x89,0x00,0x22,0xbb,0x74,0x04,0x88,0xa8,0x98,0xcb,0x09,0x00,0x03,0x8d,0x47,0x00,0x88,0x89,0x99,0xac,0x08,0x10,0xa2,0x3d,0x47,0x88,0x80,0x98,0xb9,0x9c,0x00,
  0x18,0x83,0x0d,0x47,0x80,0x88,0x98,0xa9,0xab,0x00,0x21,0x33,0xf9,0x49,0x16,0x88,0x98,0x89,0xaa,0x8b,0x01,0x22,0xa4,0xbf,0x64,0x82,0x80,0x9a,0x89,0xa9,0x08,0x11,
  0x32,0xfa,0x1e,0x34,0x01,0x98,0x9b,0xa9,0x9a,0x11,0x22,0xb3,0xff,0x40,0x13,0x01,0xaa,0xab,0x9a,0x10,0x32,0x13,0xfb,0x9f,0x53,0x12,0x80,0xca,0x9a,0x09,0x21,0x22,
  0x01,0xfa,0x8f,0x30,0x24,0x00,0xa9,0xbb,0x9a,0x31,0x43,0x11,0xe8,0xae,0x30,0x24,0x02,0xa8,0xbc,0x9a,0x10,0x33,0x13,0xb1,0xff,0x19,0x24,0x21,0x98,0xbb,0xab,0x19,
  0x34,0x23,0x80,0xfb,0x8f,0x30,0x14,0x01,0xc8,0xaa,0x8a,0x30,0x33,0x12,0xb8,0xfc,0x8c,0x50,0x23,0x00,0xc8,0xac,0x89,0x30,0x24,0x02,0xa8,0xdb,0x9c,0x28,0x37,0x81,
  0x80,0xad,0x9a,0x18,0x43,0x12,0x00,0xbb,0xac,0x8d,0x28,0x47,0x81,0x80,0xac,0x8a,0x09,0x43,0x22,0x00,0xc9,0xaa,0xbc,0x18,0x57,0x01,0x80,0xba,0xaa,0x8a,0x32,0x24,
  0x13,0xa0,0xcb,0xea,0x0d,0x50,0x23,0x10,0xa8,0xac,0xab,0x09,0x42,0x32,0x13,0x98,0xbb,0xcc,0xaf,0x38,0x27,0x10,0x00,0xba,0xab,0x9a,0x28,0x43,0x33,0x01,0xb9,0xcb,
  0xab,0xfc,0x1c,0x37,0x81,0x00,0xb8,0xab,0x9a,0x08,0x43,0x22,0x12,0xa9,0xac,0xaa,0xb9,0xef,0x72,0x12,0x08,0x98,0xba,0x99,0x88,0x31,0x23,0x12,0xa1,0xdb,0x9a,0x8a,
  0xdf,0x48,0x27,0x88,0x80,0xa9,0x9a,0x98,0x18,0x24,0x01,0x01,0xa9,0x9b,0xa8,0xfa,0x8f,0x64,0x81,0x80,0xa0,0xaa,0x89,0x88,0x31,0x23,0x10,0x90,0xcb,0x99,0x8a,0x10,
  0xff,0x48,0x16,0x90,0x80,0xb9,0x8a,0x88,0x10,0x43,0x01,0x00,0xb9,0xbb,0x99,0x08,0xf2,0x8f,0x64,0x82,0x88,0x90,0xac,0x09,0x88,0x21,0x14,0x81,0x80,0xba,0x9b,0x89,
  0x01,0xdf,0x58,0x26,0x80,0x08,0xc9,0xaa,0x80,0x08,0x42,0x12,0x80,0x90,0xac,0x9a,0x80,0xe0,0x0c,0x65,0x02,0x80,0xa0,0xdb,0x89,0x88,0x20,0x24,0x01,0x80,0xb9,0x9b,
  0x99,0x09,0xf0,0x0e,0x45,0x02,0x08,0xa0,0xbc,0x89,0x98,0x30,0x24,0x11,0x01,0xb9,0xab,0xaa,0x9a,0xfb,0x8f,0x46,0x01,0x00,0xa0,0xbb,0x9a,0xa9,0x30,0x25,0x10,0x13,
  0xb0,0xaa,0xba,0xbb,0xff,0x1c,0x45,0x11,0x00,0x91,0xcb,0x99,0xa9,0x09,0x22,0x21,0x43,0x81,0xa8,0x98,0xcb,0xbb,0xff,0x38,0x35,0x10,0x11,0xb9,0xac,0x9a,0xaa,0x20,
  0x14,0x21,0x22,0x90,0xaa,0xa9,0xbb,0xfb,0xaf,0x73,0x13,0x01,0x00,0xda,0x9a,0x99,0x89,0x20,0x23,0x22,0x12,0xc0,0xaa,0x9a,0x9a,0xff,0x2a,0x44,0x21,0x11,0x80,0xbc,
  0x9b,0x99,0x8b,0x30,0x24,0x31,0x31,0x89,0xba,0xaa,0xfb,0xff,0x20,0x23,0x11,0x12,0xa8,0xcb,0xa9,0xaa,0x09,0x13,0x03,0x03,0x21,0x98,0xa8,0xb0,0xff,0x9f,0x42,0x12,
  0x21,0x01,0xca,0xaa,0x99,0x8b,0x28,0x13,0x12,0x34,0x18,0x9b,0xda,0xd9,0xaf,0x18,0x34,0x13,0x14,0x81,0xab,0xc9,0xd9,0x8a,0x00,0x01,0x13,0x13,0x10,0x00,0xb8,0xfb,
  0xef,0x20,0x22,0x21,0x14,0x98,0x9c,0xb9,0xb8,0x29,0x82,0x80,0x08,0x02,0x8b,0x4b,0x08,0xfc,0x3b,0x57,0x11,0x80,0x90,0x9c,0x9b,0x90,0x01,0x08,0x2a,0x38,0xc3,0x30,
  0x33,0x4b,0xf8,0xbe,0x51,0x23,0x88,0x08,0xda,0x8b,0x10,0x28,0x82,0x05,0x2a,0x80,0xa8,0x08,0x08,0xd8,0xfc,0x8f,0x43,0x00,0x28,0x92,0xba,0x10,0xa0,0x0a,0xa2,0x8b,
  0x40,0x0c,0x83,0xc0,0x48,0x0b,0x8c,0xc0,0x33,0x40,0x08,0x40,0x03,0x3c,0x40,0xc0,0xb8,0x08,0x3d,0x48,0x80,0xc0,0x03,0x0d,0xb8,0x08,0xd8,0xbc,0x4b,0x38,0x04,0x48,
  0x08,0xbc,0xb3,0x84,0x40,0x03,0x08,0x17,0x38,0x3b,0x8b,0xd0,0xb8,0x8c,0x4b,0xc3,0x80,0xcb,0x48,0xb8,0x80,0x80,0x60,0x48,0x33,0x08,0xc8,0x08,0x3d,0x80,0x00,0x00,
  0xf0,0xff,0x6f,0x78,0x09,0xa1,0xb3,0xbb,0x8f,0xa2,0xd2,0x80,0x2a,0x20,0x96,0x21,0x50,0x2a,0x80,0x80,0x80,0x3c,0xcb,0xca,0xba,0x8b,0x80,0x50,0xb4,0x33,0x25,0x03,
  0x03,0x04,0x48,0x8b,0xd0,0xb8,0x08,0x8d,0x8b,0xd0,0x08,0x0c,0xaf,0x82,0xa2,0x08,0x48,0x30,0x03,0x37,0x22,0x83,0x08,0xf0,0x8b,0x0a,0x38,0x80,0x80,0x4d,0x8b,0x8b,
  0xd0,0x08,0x08,0x8d,0xc0,0xb3,0x84,0x40,0x08,0xbc,0x43,0x30,0x40,0x48,0xb4,0x30,0xaf,0x19,0xa2,0x80,0x4b,0x38,0x84,0x84,0x80,0x80,0xd0,0xf3,0x98,0xaa,0xba,0x83,
  0x07,0x12,0xda,0xcb,0x80,0x34,0x43,0x11,0xa2,0xb0,0x80,0x00,0x8c,0xfb,0xa8,0x38,0x68,0x80,0x94,0x08,0x28,0xba,0x80,0xd0,0x80,0x3b,0xbf,0xd0,0xaf,0x48,0x10,0x34,
  0x23,0x32,0x08,0xbd,0xca,0xab,0x8b,0x89,0x22,0x27,0x30,0x11,0x01,0x08,0x8a,0xbb,0x8f,0xc9,0x08,0x8a,0x0a,0xbb,0xfc,0xcf,0x22,0x60,0x33,0x03,0x12,0xa9,0xcc,0xcb,
  0x9a,0x0a,0x10,0x33,0x05,0x22,0x11,0x99,0xda,0xca,0x8a,0x89,0x80,0x22,0x44,0x28,0x28,0xa8,0xcd,0x89,0xff,0x1f,0x11,0x43,0x32,0x88,0xa0,0xcc,0x9a,0x9a,0x10,0x22,
  0x31,0x11,0xa9,0xc8,0xaa,0x8a,0x39,0x01,0x04,0x28,0x22,0xa8,0x83,0x07,0x20,0x38,0x08,0xb8,0xc4,0x0b,0x80,0x8c,0xd0,0xff,0xff,0x31,0x73,0x01,0x88,0xb9,0xaa,0x98,
  0x09,0x11,0x01,0x02,0x88,0x00,0x9a,0x80,0x80,0x10,0x08,0x01,0xa8,0x08,0x3b,0x0c,0xec,0x98,0x2a,0x50,0x12,0x95,0xff,0xff,0x14,0x40,0x01,0x88,0xa9,0x9b,0x99,0x09,
  0x10,0x11,0x02,0x80,0x88,0x8a,0x89,0x88,0x02,0x20,0x10,0x98,0xa8,0x8a,0x30,0x34,0x83,0x80,0x0d,0xff,0xff,0x42,0x57,0x90,0x99,0xaa,0x89,0x08,0x11,0x01,0x00,0x89,
  0x89,0x89,0x80,0x00,0x10,0x00,0x80,0x80,0x01,0x89,0x98,0x08,0x62,0x30,0xff,0xff,0x43,0x17,0xa0,0x99,0x9c,0x00,0x10,0x02,0x88,0x88,0x8a,0x80,0x00,0x01,0x08,0x81,
  0x08,0x88,0x00,0x81,0x01,0x90,0x08,0x08,0xff,0xff,0x44,0x07,0x98,0xa9,0x0b,0x18,0x20,0x82,0x88,0x99,0x89,0x08,0x11,0x01,0x80,0x98,0x08,0x89,0x01,0x02,0x01,0x89,
  0xf9,0xff,0x7c,0x35,0x90,0xaa,0xbc,0x10,0x28,0x13,0x88,0xa8,0x9b,0x80,0x21,0x02,0x01,0x89,0x0a,0x98,0x11,0x11,0x08,0xfb,0xff,0x2f,0x74,0x81,0x98,0xba,0x89,0x10,
  0x31,0x81,0x90,0xaa,0x98,0x18,0x22,0x20,0x90,0x99,0xc9,0x18,0x10,0x21,0xff,0xcf,0x43,0x17,0x80,0xa8,0xab,0x89,0x10,0x13,0x02,0x90,0x9b,0xaa,0x19,0x21,0x33,0x81,
  0xa0,0xba,0xa9,0xf8,0xff,0x3c,0x74,0x02,0x88,0xc9,0x99,0x89,0x11,0x21,0x11,0x98,0x99,0x9a,0x89,0x11,0x22,0x10,0x99,0xa9,0xf8,0xff,0x39,0x64,0x02,0x88,0xba,0xaa,
  0x89,0x20,0x21,0x12,0x90,0xb8,0x9a,0x99,0x20,0x11,0x03,0x80,0x8a,0xfa,0xff,0x2a,0x73,0x13,0x00,0xb9,0xab,0xab,0x08,0x21,0x23,0x01,0x90,0xa9,0xba,0x98,0x2a,0x42,
  0x11,0x00,0xf0,0xdf,0x10,0x41,0x33,0x21,0x98,0xc9,0xba,0x9a,0x8a,0x10,0x20,0x12,0x90,0x9a,0xa8,0x83,0x30,0x8f,0x80,0x02,0xf8,0xef,0x00,0x15,0x13,0x12,0x88,0xb9,
  0xbc,0xa8,0x98,0x08,0x10,0x02,0x23,0x28,0xb0,0xf0,0x98,0xa0,0x9d,0x98,0xff,0x18,0x30,0x34,0x42,0x02,0x08,0xaa,0xcc,0xa9,0x9a,0x8a,0x28,0x12,0x21,0x34,0x14,0x89,
  0xb0,0x0a,0x8e,0xa9,0xff,0x11,0x32,0x14,0x12,0xa1,0xb8,0xae,0xaa,0xa9,0x08,0x41,0x21,0x13,0x91,0xa8,0x0a,0x0f,0x9a,0xa2,0x08,0xf8,0x0f,0x15,0x23,0x01,0x08,0xc9,
  0xaa,0xaa,0x19,0x10,0x23,0x07,0x18,0x9b,0xcb,0x99,0x2a,0x8a,0x63,0x03,0x14,0xf9,0x3d,0x22,0x22,0x19,0x99,0xbd,0xc9,0x98,0x18,0x32,0x08,0x8a,0x00,0x48,0x08,0x43,
  0x80,0x40,0x3c,0xc0,0x80,0x80,0x3c,0x80,0xe0,0xb3,0x48,0x0b,0x08,0x08,0x88,0x3f,0x80,0xcc,0x0b,0x24,0x24,0xb0,0xc8,0x80,0x40,0x53,0x02,0xb8,0xc8,0x48,0xc0,0xb3,
  0xc3,0x30,0x0c,0xc8,0xb4,0x80,0x3c,0x80,0xf4,0xa0,0x8b,0x80,0x80,0x17,0x12,0x82,0xb0,0xb0,0x03,0x44,0x8b,0xc0,0x08,0x58,0x3b,0x8b,0x80,0x60,0x3b,0x80,0x0d,0xc3,
  0x0b,0x48,0xcb,0xcb,0xbb,0x08,0x40,0x34,0x27,0x28,0x20,0x08,0x80,0x08,0x3d,0x8b,0xd0,0xb8,0x58,0x8b,0xc0,0x08,0xd0,0x0b,0x3c,0xb3,0x07,0x82,0x23,0x0b,0xc8,0xb3,
  0x84,0x84,0xb4,0x03,0x08,0x3d,0x8b,0xd0,0xc0,0x80,0x8e,0xa2,0x80,0xb8,0x80,0x8c,0x44,0x02,0x78,0x40,0x18,0xa0,0x02,0x0b,0x8b,0xfc,0x01,0x28,0x2a,0xba,0xc0,0xb8,
  0x40,0x3b,0x04,0x48,0x43,0x78,0x89,0xa2,0xa2,0x0b,0x8b,0x80,0xe0,0x80,0x8b,0x80,0xf0,0xb3,0x08,0xbc,0x08,0x07,0x23,0x38,0x80,0xb4,0xc3,0xc0,0x80,0x84,0x84,0x80,
  0x80,0x80,0xf0,0x80,0x80,0x0c,0xc3,0xf0,0x0a,0x8a,0x80,0x43,0x05,0x28,0x02,0x48,0x08,0x08,0x8f,0xa8,0x02,0x80,0xb8,0x3d,0x8b,0x34,0x40,0x8b,0xd0,0xc0,0x83,0x4b,
  0x48,0x0b,0xc3,0xb3,0x48,0x8b,0x00,0x88,0x00,0x88,0x00,0xb7,0x08,0x08,0x08,0xf8,0xd3,0x03,0x08,0xf8,0xba,0x03,0x04,0x48,0x03,0x84,0x40,0x3c,0x0b,0xc8,0x03,0x3c,
  0x8f,0xa9,0x82,0x83,0x80,0xdb,0x80,0x07,0x01,0x38,0xfb,0x53,0xcc,0x22,0x5a,0xe2,0x29,0xb8,0x22,0x8a,0xa0,0x24,0x08,0xc0,0x4a,0xc0,0x14,0x8b,0xb3,0x4c,0xc1,0x40,
  0xa9,0x13,0x9c,0xa1,0x40,0x9e,0x23,0x0d,0x82,0x19,0xa1,0x35,0xba,0x85,0x09,0xb0,0x2a,0x90,0x31,0x8b,0xa6,0xb0,0x1f,0xe2,0x00,0x80,0x24,0xcb,0x22,0xa8,0x20,0x2b,
  0x07,0x1a,0xc3,0x4b,0xf1,0x8e,0x10,0x43,0x12,0x80,0xaa,0xdb,0xaa,0x0a,0x21,0x33,0x34,0x00,0xa8,0xc8,0x99,0x1a,0x21,0x24,0x01,0xf8,0xdf,0x82,0x43,0x22,0x88,0xd8,
  0x9a,0x9b,0x09,0x31,0x42,0x12,0xa1,0xa8,0x8c,0xab,0xc0,0x22,0x62,0x10,0xff,0x29,0x70,0x23,0x91,0xb8,0x9e,0x9a,0x98,0x21,0x32,0x12,0x01,0x9a,0xac,0xba,0x00,0x41,
  0x42,0x03,0xff,0x3f,0x28,0x24,0x81,0x89,0xad,0xaa,0x88,0x31,0x22,0x13,0x91,0xaa,0xad,0x99,0x00,0x32,0x33,0x11,0xf9,0xff,0x12,0x44,0x82,0x8b,0xda,0x9a,0x00,0x30,
  0x13,0x82,0x98,0xac,0xa9,0x08,0x42,0x11,0x81,0xa0,0xfa,0xff,0x22,0x23,0x86,0xb8,0xa9,0xbb,0x48,0x02,0x23,0x81,0xab,0xa9,0x9b,0x41,0x21,0x21,0xa0,0x9b,0xca,0xff,
  0x5d,0x13,0x21,0xb0,0xae,0x88,0x0b,0x34,0x82,0x00,0xc8,0x8a,0x00,0x19,0x14,0x90,0x08,0xb9,0x09,0x02,0xff,0x7b,0x04,0x28,0x98,0xae,0x10,0x09,0x31,0x93,0x8b,0x80,
  0xbb,0x51,0x81,0x18,0x01,0xbb,0x20,0xa8,0x00,0xff,0x7c,0x13,0x89,0x92,0xcd,0x18,0x82,0x18,0x13,0xca,0x19,0x91,0x09,0x23,0xc0,0x18,0xa1,0x8b,0x33,0xb0,0xff,0x7b,
  0x05,0x89,0x81,0xfb,0x18,0x12,0x89,0x13,0xc9,0x09,0x02,0x8a,0x32,0xc0,0x09,0x02,0x9b,0x42,0xf0,0x9f,0x72,0x92,0x18,0xa8,0x9f,0x21,0x81,0x29,0x82,0xbc,0x40,0x90,
  0x19,0x13,0xcb,0x30,0x90,0x0b,0x14,0xff,0x30,0x86,0x89,0x01,0xdc,0x28,0x03,0x8a,0x22,0xe9,0x19,0x03,0x9a,0x31,0xc0,0x0a,0x14,0xab,0x40,0xfc,0x18,0x26,0xa8,0x10,
  0xf8,0x0a,0x33,0xa9,0x30,0xb1,0x8e,0x22,0xa8,0x28,0x93,0x9d,0x31,0xb0,0x2a,0xf2,0x0e,0x54,0x88,0x09,0xb1,0x9e,0x31,0x91,0x19,0x12,0xbc,0x38,0x92,0x8b,0x15,0xc8,
  0x29,0x82,0xaa,0xd2,0x8f,0x72,0x02,0x8a,0x81,0xbd,0x38,0x03,0x89,0x32,0xd9,0x0b,0x04,0xa9,0x40,0x91,0x8b,0x21,0xc0,0x09,0xcf,0x70,0x84,0xa0,0x18,0xca,0x0b,0x24,
  0xa0,0x20,0x81,0xac,0x30,0x90,0x0a,0x14,0xc8,0x19,0x02,0xaa,0xff,0x20,0x17,0x90,0x09,0xa8,0xac,0x41,0x82,0x0a,0x12,0xd8,0x09,0x12,0x99,0x28,0x83,0xcb,0x21,0xa2,
  0xfd,0x0c,0x47,0x88,0x8a,0x81,0xda,0x18,0x14,0x99,0x28,0x81,0xbb,0x30,0x82,0x9b,0x52,0xa0,0x9b,0x33,0xf8,0xaf,0x73,0x02,0xaa,0x01,0xc9,0x1b,0x25,0xa0,0x19,0x02,
  0xbc,0x20,0x83,0xaa,0x42,0xb1,0x8c,0x31,0xc8,0xbf,0x70,0x05,0xb8,0x00,0xb9,0x8c,0x44,0x90,0x09,0x82,0xca,0x28,0x03,0x9a,0x40,0xb1,0x9c,0x32,0xb1,0xfb,0x8c,0x66,
  0x80,0xa9,0x80,0xbb,0x49,0x25,0xa8,0x09,0x80,0xab,0x60,0x02,0xaa,0x11,0xb0,0x8b,0x44,0xa0,0xfa,0x0c,0x55,0x00,0xb9,0x88,0xa9,0x39,0x27,0xa8,0x0a,0x80,0xa9,0x50,
  0x02,0xaa,0x08,0x81,0x0b,0x52,0x91,0x8c,0xc0,0x9f,0x72,0x03,0xd9,0x08,0x90,0x19,0x53,0xa0,0x9b,0x20,0x98,0x39,0x14,0xca,0x09,0x11,0x89,0x20,0x82,0xcb,0x28,0xf1,
  0xaf,0x56,0x80,0xba,0x19,0x90,0x28,0x25,0xb8,0xab,0x21,0x91,0x38,0x13,0xfb,0x09,0x12,0x98,0x28,0x91,0xba,0x30,0x13,0xab,0xff,0x1f,0x27,0x90,0x9c,0x10,0x90,0x18,
  0x14,0xc9,0x0a,0x13,0xa8,0x39,0x13,0xbd,0x28,0x04,0xab,0x30,0x82,0x9e,0x31,0xa2,0xab,0xef,0x51,0x05,0xb8,0x0a,0x01,0xa9,0x41,0x82,0xbc,0x40,0x81,0x9b,0x42,0xa0,
  0x8c,0x32,0xb0,0x0c,0x24,0xc9,0x2a,0x23,0xda,0x19,0x9f,0x71,0x84,0xb8,0x09,0x01,0x9a,0x41,0x81,0xac,0x31,0xa1,0x8b,0x52,0xb0,0x0c,0x32,0xc8,0x1a,0x14,0xc8,0x19,
  0x14,0xba,0x28,0xf1,0x0f,0x35,0x90,0x9c,0x11,0xb0,0x1a,0x25,0xb9,0x1b,0x14,0xb9,0x29,0x15,0xca,0x28,0x03,0xcb,0x38,0x03,0xbc,0x40,0x82,0xcb,0x20,0xbf,0x78,0x04,
  0xb8,0x00,0x81,0x8b,0x30,0xa0,0x8a,0x22,0xb9,0x38,0x02,0x9d,0x21,0xa0,0x2a,0x03,0xab,0x32,0xb0,0x29,0xa1,0x0d,0xff,0x6e,0xa3,0x8a,0x11,0x19,0x92,0x0b,0x82,0x89,
  0x81,0x19,0x92,0x89,0x93,0x09,0x08,0x19,0xab,0x21,0x8a,0x0a,0x08,0xb3,0x27,0xf0,0x7f,0xf0,0x20,0x88,0xa0,0x96,0x09,0x81,0x88,0x10,0xa8,0x21,0x99,0x28,0x90,0x29,
  0x91,0x1b,0x01,0xa9,0x80,0xb0,0x3a,0x08,0xc8,0x03,0x08,0x3e,0xc0,0x83,0x80,0x80,0x8d,0xc0,0x08,0x08,0x78,0x05,0x84,0x80,0x20,0x0b,0x08,0xd0,0x80,0x0c,0xb8,0xb4,
  0xbc,0x8b,0x1f,0x82,0x96,0x38,0x20,0x38,0x88,0x40,0x8b,0xcb,0xb8,0x58,0x38,0x40,0xcb,0xc0,0x80,0x80,0x80,0xb5,0xb4,0x43,0x38,0x80,0xb5,0xc0,0x0b,0x08,0x84,0xb4,
  0x80,0x80,0xe0,0xc3,0x80,0x8b,0xcc,0xb0,0x07,0x01,0x82,0x80,0xb8,0x58,0x08,0x3c,0xc0,0x83,0x34,0x48,0x08,0x80,0x08,0x8d,0xd0,0xb0,0xc3,0x80,0xaf,0x08,0xb2,0x80,
  0x00,0x58,0x43,0x83,0x84,0x03,0xc8,0xe4,0x08,0x08,0x3b,0x80,0xd0,0x83,0x80,0x80,0xcc,0xb8,0x84,0x8b,0x80,0x80,0x37,0x83,0x40,0x84,0x0b,0x8c,0x1f,0x80,0x80,0xb0,
  0x08,0x08,0xb5,0x03,0x08,0x68,0x03,0x08,0x85,0x8b,0x00,0x01,0x00,0x00,0xff,0xff,0xf8,0xb3,0x08,0xd8,0xfb,0x08,0x14,0x20,0x82,0x08,0x03,0x3c,0xaf,0x80,0x32,0x38,
  0x8b,0xbc,0x84,0x43,0x80,0xac,0xc8,0x97,0x08,0x28,0x08,0x80,0x08,0x80,0x08,0x80,0x08,0xdf,0x0e,0x28,0x82,0x02,0x48,0x08,0x08,0xf8,0x99,0x0b,0x33,0x03,0x07,0x20,
  0x3a,0x0c,0xc3,0x80,0xc0,0xbb,0xcb,0x08,0x58,0x3e,0x12,0x02,0x38,0x24,0x4b,0xb8,0xb3,0xbc,0xbc,0xbb,0xc4,0x80,0x70,0x12,0x20,0x38,0x8b,0x8f,0x80,0xa2,0xb0,0x3b,
  0x3c,0x84,0x00,0x53,0x48,0xb8,0xb4,0x80,0x3b,0x0c,0x8c,0xc0,0x08,0x3c,0xc0,0xc3,0x0b,0x8f,0x10,0x32,0x25,0xf8,0x70,0xf4,0x10,0x00,0x1c,0x91,0x08,0x08,0xa0,0xf0,
  0x36,0x8e,0x01,0x90,0x29,0xa1,0x00,0x18,0x99,0x1a,0x07,0x0f,0x02,0xa8,0x10,0x98,0x91,0x10,0x0b,0x7f,0xe3,0x18,0x00,0x99,0x21,0x0a,0x80,0x80,0xb9,0x79,0xf3,0x28,
  0x01,0x8c,0x83,0x19,0x19,0xa0,0x4e,0xb5,0x1b,0x32,0xda,0x11,0x88,0x88,0x82,0x2f,0xa7,0x0a,0x22,0xd9,0x20,0x08,0x99,0xa2,0x7b,0xf2,0x10,0x01,0x9b,0x84,0x08,0x1a,
  0xd1,0x06,0x8c,0x02,0xa1,0x3b,0x92,0xa8,0x38,0x4e,0xe4,0x39,0x10,0xd9,0x21,0x88,0xa8,0x93,0x70,0xbb,0x23,0x91,0x8e,0x84,0x88,0x2a,0xa0,0x97,0x1b,0x12,0xd0,0x49,
  0x90,0x98,0x00,0x14,0xae,0x23,0xb0,0x2b,0x84,0x9a,0x18,0x71,0xca,0x31,0x80,0x0d,0x03,0x99,0x2a,0x68,0xe0,0x38,0x00,0xab,0x14,0x99,0x09,0x92,0xa7,0x2c,0x02,0xc9,
  0x40,0x98,0x88,0x91,0x05,0x0f,0x83,0xb0,0x49,0xa1,0x98,0x01,0x79,0xba,0x33,0x99,0x2d,0xa3,0x98,0x20,0x6c,0xe0,0x30,0x88,0x8a,0x03,0x0b,0x88,0x70,0xd9,0x31,0x90,
  0x1c,0x93,0x99,0x80,0x71,0xbb,0x24,0xa8,0x3b,0xa3,0x99,0x90,0x46,0x8f,0x02,0xa0,0x39,0xa0,0x08,0xa0,0x07,0x0e,0x83,0xa8,0x20,0x98,0x08,0x98,0x97,0x2c,0x82,0xa9,
  0x22,0x8a,0x08,0x8a,0xa7,0x5c,0x00,0x8a,0x02,0x0a,0x08,0x4c,0xe5,0x28,0x80,0x89,0x82,0x09,0x80,0x7b,0xe1,0x20,0x08,0x0a,0x92,0x09,0xa8,0x07,0x1d,0x01,0xa8,0x30,
  0x99,0xc0,0x44,0x8e,0x83,0xa0,0x38,0xb8,0xa1,0x78,0xaa,0x04,0x90,0x3b,0xc3,0x88,0x7a,0xd0,0x21,0x08,0x0b,0xa4,0x09,0x6a,0xe1,0x21,0x08,0x9a,0x84,0x1a,0x2b,0xb7,
  0x4a,0x08,0xb8,0x23,0x8c,0x90,0x97,0x2b,0x82,0xd0,0x50,0x9a,0xa1,0x06,0x0d,0x02,0xa8,0x6a,0xb0,0x28,0xa4,0x0c,0x13,0xab,0x41,0xf8,0x23,0xba,0x11,0xa3,0x2e,0xa2,
  0x7b,0x98,0x09,0x12,0xab,0x13,0x9c,0x87,0x9a,0x32,0xc8,0x49,0xb8,0x71,0xaa,0x20,0x91,0x1c,0x93,0x4d,0xc2,0x19,0x02,0xba,0x23,0xcb,0x17,0x9c,0x13,0xb8,0x49,0xc0,
  0x78,0xd8,0x30,0x80,0x0b,0x93,0x2d,0xb6,0x2b,0x03,0xc9,0x21,0x0c,0xa7,0x1c,0x12,0xc8,0x20,0x0a,0xb7,0x2b,0x03,0xd8,0x30,0x0b,0xb7,0x3b,0x11,0xd9,0x30,0x1b,0xc7,
  0x3a,0x01,0xc9,0x31,0x1c,0xc5,0x4a,0x00,0xb9,0x32,0x0c,0xc5,0x39,0x01,0xba,0x42,0x1c,0xd4,0x49,0x80,0xa9,0x22,0x1c,0xd4,0x38,0x08,0xb9,0x33,0x1e,0xe3,0x48,0x88,
  0xa8,0x12,0x1c,0xd4,0x38,0x80,0xa9,0x03,0x2c,0xe4,0x38,0x80,0x99,0x12,0x2d,0xf3,0x38,0x80,0x8a,0x02,0x2c,0xd5,0x38,0x88,0x89,0x02,0x2c,0xe4,0x38,0x90,0x89,0x02,
  0x2c,0xd5,0x38,0x88,0x0a,0x01,0x3b,0xe6,0x38,0x90,0x09,0x01,0x2c,0xd5,0x38,0x98,0x08,0x81,0x3b,0xe6,0x38,0x90,0x09,0x01,0x2c,0xd5,0x38,0xa0,0x08,0x00,0x3b,0xe6,
  0x38,0x90,0x19,0x00,0x2c,0xd5,0x38,0xa0,0x08,0x00,0x3b,0xe6,0x38,0x90,0x09,0x81,0x2a,0xd6,0x28,0xa1,0x08,0x00,0x2b,0xd6,0x28,0x91,0x09,0x00,0x2a,0xd6,0x39,0x80,
  0x89,0x01,0x3b,0xd6,0x39,0x80,0x89,0x01,0x3b,0xe5,0x39,0x80,0x89,0x10,0x2a,0xd6,0x39,0x80,0x89,0x10,0x2a,0xc6,0x3a,0x81,0x99,0x81,0x4a,0xd5,0x29,0x81,0x89,0x00,
  0x3a,0xd6,0x29,0x81,0x89,0x80,0x28,0xd6,0x29,0x81,0x89,0x80,0x28,0xd6,0x39,0x80,0x09,0x08,0x29,0xd6,0x39,0xa1,0x08,0x88,0x28,0xe5,0x39,0xa1,0x08,0x08,0x29,0xd5,
  0x4a,0xa1,0x08,0x08,0x29,0xd5,0x39,0xa1,0x08,0x08,0x28,0xe5,0x39,0x90,0x08,0x09,0x28,0xe5,0x39,0xa1,0x08,0x09,0x20,0xe5,0x39,0xa1,0x08,0x08,0x18,0xe5,0x39,0xa1,
  0x08,0x08,0x18,0xd5,0x39,0xa1,0x19,0x09,0x18,0xc7,0x39,0xa1,0x19,0x09,0x28,0xd7,0x28,0xa1,0x08,0x08,0x08,0xc6,0x39,0xa1,0x19,0x08,0x19,0xc7,0x39,0x90,0x19,0x88,
  0x18,0xc7,0x39,0xa1,0x19,0x08,0x1a,0xb7,0x4a,0xa1,0x08,0x08,0x19,0xc7,0x39,0xa1,0x08,0x08,0x09,0xb7,0x4a,0x90,0x19,0x08,0x09,0xb7,0x4a,0xa1,0x19,0x08,0x09,0xb7,
  0x4a,0xa1,0x19,0x08,0x19,0xc7,0x39,0xa1,0x19,0x80,0x09,0xb7,0x4a,0xa1,0x19,0x80,0x2a,0xc7,0x39,0xa1,0x19,0x08,0x2a,0xc7,0x39,0xa1,0x19,0x08,0x2a,0xc7,0x39,0xa1,
  0x19,0x08,0x2a,0xc7,0x39,0xa1,0x29,0x88,0x2a,0xc7,0x39,0xa1,0x19,0x08,0x3a,0xc7,0x29,0xb2,0x18,0x88,0x3a,0xc7,0x39,0xa1,0x19,0x08,0x2a,0xc7,0x39,0xb1,0x18,0x88,
  0x3a,0xc7,0x4a,0xa1,0x18,0x88,0x29,0xd6,0x39,0xa1,0x08,0x08,0x3a,0xe5,0x39,0xa1,0x18,0x09,0x29,0xe5,0x39,0xa1,0x18,0x88,0x29,0xd6,0x38,0xa0,0x18,0x09,0x29,0xd6,
  0x39,0xa0,0x18,0x08,0x29,0xe6,0x38,0xa0,0x18,0x09,0x29,0xe5,0x38,0x98,0x18,0x88,0x29,0xd6,0x38,0x98,0x08,0x80,0x29,0xe5,0x38,0x98,0x08,0x80,0x3a,0xe5,0x28,0x90,
  0x08,0x80,0x29,0xd6,0x28,0x90,0x08,0x80,0x3a,0xd6,0x28,0x90,0x19,0x80,0x3a,0xd6,0x39,0x90,0x19,0x80,0x3a,0xd6,0x39,0x90,0x19,0x80,0x3a,0xd6,0x39,0x90,0x19,0x80,
  0x2a,0xc7,0x39,0x80,0x1a,0x00,0x3b,0xd6,0x39,0x80,0x1a,0x80,0x3a,0xd6,0x39,0x80,0x0a,0x81,0x3b,0xd6,0x28,0x80,0x09,0x00,0x3b,0xd6,0x28,0x80,0x1a,0x00,0x2b,0xc7,
  0x39,0x80,0x89,0x01,0x2b,0xc7,0x39,0x80,0x89,0x01,0x2c,0xc5,0x4a,0x80,0x89,0x01,0x2b,0xc6,0x39,0x90,0x88,0x01,0x2b,0xc7,0x39,0x90,0x88,0x10,0x2c,0xc5,0x4a,0x80,
  0x89,0x01,0x2b,0xc6,0x39,0x80,0x89,0x10,0x2b,0xc7,0x39,0x90,0x88,0x10,0x2b,0xc6,0x4a,0x80,0x89,0x01,0x1a,0xc5,0x4a,0x80,0x89,0x10,0x3b,0xd5,0x39,0x80,0x89,0x00,
  0x3a,0xd6,0x39,0x80,0x89,0x00,0x3a,0xd6,0x39,0x80,0x89,0x00,0x29,0xd6,0x39,0x80,0x89,0x00,0x29,0xd6,0x29,0x92,0x89,0x00,0x29,0xd6,0x29,0x81,0x89,0x18,0x29,0xd6,
  0x29,0x81,0x89,0x00,0x29,0xd6,0x29,0x92,0x89,0x00,0x29,0xd6,0x29,0x92,0x89,0x00,0x29,0xd5,0x29,0x92,0x0a,0x00,0x2a,0xc7,0x29,0x92,0x0a,0x00,0x3a,0xc7,0x29,0xa2,
  0x09,0x00,0x2a,0xc7,0x29,0x81,0x8a,0x01,0x2a,0xc7,0x29,0x92,0x0a,0x10,0x2b,0xc7,0x29,0x92,0x0a,0x10,0x2b,0xc7,0x39,0x91,0x0a,0x10,0x2b,0xc7,0x29,0x92,0x0a,0x00,
  0x2a,0xc7,0x29,0x92,0x89,0x81,0x2a,0xc7,0x29,0x92,0x89,0x00,0x2a,0xc7,0x29,0x92,0x0a,0x81,0x2a,0xb7,0x2a,0x82,0x0b,0x00,0x4b,0xc7,0x29,0x81,0x0a,0x00,0x3a,0xc7,
  0x29,0x81,0x0a,0x18,0x2a,0xc7,0x29,0x81,0x0a,0x08,0x39,0xc7,0x2a,0x93,0x89,0x08,0x4a,0xb7,0x2b,0x83,0x8a,0x80,0x4a,0xc7,0x19,0x82,0x89,0x08,0x39,0xc6,0x2a,0x82,
  0x8a,0x00,0x3a,0xc7,0x3a,0x92,0x0a,0x00,0x2a,0xc7,0x3a,0x92,0x0a,0x01,0x3b,0xc7,0x3a,0x92,0x8a,0x11,0x2c,0xc6,0x3a,0x81,0x8a,0x02,0x2c,0xc5,0x4a,0x91,0x0a,0x01,
  0x2b,0xc6,0x39,0x91,0x0a,0x01,0x2c,0xd5,0x39,0x91,0x0a,0x02,0x1c,0xc6,0x39,0x80,0x0a,0x82,0x2b,0xc7,0x39,0x80,0x0a,0x01,0x2b,0xc7,0x39,0x80,0x0a,0x01,0x2b,0xc6,
  0x39,0x80,0x8a,0x12,0x1d,0xc5,0x39,0x80,0x89,0x01,0x2b,0xc6,0x39,0x80,0x89,0x01,0x2c,0xc6,0x39,0x80,0x99,0x02,0x2b,0xc7,0x39,0x80,0x99,0x11,0x2c,0xd5,0x28,0x80,
  0x89,0x11,0x1b,0xc6,0x39,0x80,0x99,0x11,0x2b,0xc7,0x39,0x80,0x99,0x11,0x2b,0xc7,0x39,0x80,0xa8,0x11,0x2b,0xd7,0x28,0x00,0xa9,0x12,0x1b,0xc7,0x39,0x80,0xa8,0x11,
  0x2b,0xc7,0x39,0x80,0x99,0x11,0x2b,0xc7,0x39,0x80,0xa8,0x21,0x1c,0xc6,0x39,0x80,0x99,0x21,0x1b,0xd6,0x28,0x80,0xa8,0x12,0x1b,0xc7,0x39,0x80,0xa8,0x21,0x1c,0xc5,
  0x39,0x80,0x99,0x21,0x1c,0xc6,0x39,0x80,0x99,0x12,0x1c,0xc5,0x39,0x80,0x99,0x21,0x1c,0xc6,0x39,0x80,0xa8,0x21,0x1b,0xc6,0x4a,0x80,0xa8,0x21,0x1b,0xc6,0x39,0x80,
  0x99,0x11,0x1b,0xc7,0x39,0x80,0xa8,0x12,0x1b,0xc7,0x39,0x80,0xa8,0x21,0x1c,0xc6,0x39,0x80,0xa8,0x11,0x0a,0xc7,0x49,0x88,0x98,0x11,0x0a,0xc6,0x39,0x80,0xa8,0x21,
  0x0b,0xb7,0x4a,0x80,0xa8,0x21,0x0b,0xb7,0x4a,0x80,0xa8,0x21,0x0b,0xc7,0x39,0x80,0xa8,0x21,0x1b,0xc7,0x39,0x80,0xa8,0x21,0x1b,0xc7,0x39,0x80,0xa8,0x21,0x1b,0xc7,
  0x39,0x80,0x99,0x21,0x1c,0xc5,0x39,0x80,0xb8,0x22,0x1c,0xc6,0x39,0x80,0xa8,0x21,0x1c,0xc5,0x39,0x80,0xb8,0x22,0x1c,0xc6,0x39,0x80,0xb8,0x22,0x0c,0xc7,0x39,0x00,
  0xb8,0x31,0x0c,0xc7,0x39,0x00,0xa9,0x31,0x0c,0xc6,0x39,0x00,0xa9,0x31,0x1c,0xc5,0x39,0x80,0xa9,0x31,0x0c,0xb7,0x4a,0x80,0xa8,0x11,0x0a,0xb7,0x4a,0x80,0xa8,0x21,
  0x1b,0xc6,0x39,0x80,0x99,0x20,0x0a,0xb7,0x4a,0x80,0xa8,0x11,0x0a,0xc7,0x39,0x80,0xa8,0x21,0x1b,0xb7,0x4a,0x90,0x98,0x20,0x0a,0xb7,0x4a,0x80,0xa8,0x11,0x0a,0xb7,
  0x4a,0x90,0xa0,0x20,0x1a,0xb7,0x3a,0x91,0xa8,0x30,0x1b,0xc7,0x4a,0x80,0x98,0x20,0x0a,0xb7,0x4b,0x91,0x98,0x20,0x0a,0xb7,0x3a,0x81,0xa9,0x21,0x1b,0xb7,0x4b,0x81,
  0xb8,0x30,0x1a,0xc7,0x4a,0x80,0xa8,0x30,0x0a,0xb7,0x3a,0x81,0xa9,0x30,0x1b,0xc7,0x4a,0x80,0x98,0x28,0x09,0xb7,0x4b,0x81,0x99,0x38,0x1a,0xc6,0x3a,0x81,0xb8,0x30,
  0x1a,0xc7,0x4a,0x80,0xa8,0x30,0x0a,0xc6,0x39,0x80,0xa8,0x30,0x1b,0xc7,0x4a,0x80,0x98,0x28,0x09,0xc6,0x39,0x80,0xb8,0x30,0x1a,0xc7,0x39,0x80,0xb0,0x48,0x0a,0xc6,
  0x39,0x80,0xb0,0x48,0x0a,0xc6,0x39,0x80,0xb0,0x48,0x0a,0xc7,0x39,0x80,0xb0,0x58,0x0a,0xc5,0x4a,0x80,0xb0,0x48,0x89,0xc6,0x4a,0x80,0xb0,0x48,0x89,0xc6,0x4a,0x80,
  0xb0,0x58,0x0a,0xc4,0x4a,0x80,0xb0,0x58,0x89,0xc5,0x4a,0x80,0xb0,0x48,0x0a,0xc5,0x4a,0x91,0xb0,0x48,0x89,0xc6,0x4a,0x91,0xb0,0x48,0x89,0xc6,0x4a,0x91,0xb0,0x48,
  0x89,0xc6,0x4a,0x91,0xb0,0x48,0x89,0xc6,0x4a,0x91,0xb0,0x59,0x09,0xb4,0x3b,0x82,0xc8,0x49,0x88,0xc7,0x3a,0x81,0xb0,0x5b,0x08,0xc6,0x3a,0x81,0xb0,0x4a,0x08,0xc7,
  0x3a,0x01,0xc8,0x49,0x09,0xc6,0x3a,0x81,0xc0,0x39,0x08,0xc7,0x3a,0x01,0xb8,0x5a,0x88,0xc6,0x3a,0x01,0xc8,0x38,0x09,0xc7,0x3a,0x01,0xc0,0x39,0x19,0xc6,0x3a,0x01,
  0xc8,0x28,0x08,0xc7,0x3a,0x01,0xb8,0x39,0x19,0xc7,0x3a,0x11,0xc8,0x39,0x19,0xc6,0x2a,0x02,0xc8,0x28,0x18,0xc6,0x2a,0x02,0xc8,0x28,0x18,0xd5,0x3a,0x01,0xc8,0x38,
  0x19,0xd5,0x3a,0x82,0xc8,0x20,0x08,0xd5,0x3a,0x82,0xb9,0x31,0x1a,0xd6,0x39,0x00,0xb9,0x31,0x0a,0xd6,0x39,0x00,0xa9,0x21,0x0a,0xc7,0x39,0x80,0xa8,0x30,0x1b,0xc6,
  0x4a,0x80,0xa8,0x21,0x1b,0xc6,0x4a,0x80,0xa8,0x21,0x0a,0xc5,0x4a,0x80,0xa8,0x21,0x1b,0xc6,0x39,0x80,0xa9,0x31,0x0b,0xb7,0x4a,0x80,0xa8,0x21,0x0b,0xb7,0x4a,0x80,
  0xa8,0x30,0x0b,0xb7,0x5b,0x80,0xa8,0x21,0x0b,0xb7,0x4a,0x80,0xa8,0x21,0x0b,0xb7,0x4a,0x80,0xa8,0x21,0x0b,0xb7,0x3a,0x81,0xb8,0x41,0x8b,0xa7,0x4b,0x80,0xa8,0x21,
  0x0b,0xb7,0x3a,0x81,0xb8,0x41,0x8b,0xa7,0x3a,0x80,0xc0,0x30,0x0b,0xb7,0x3a,0x81,0xc0,0x30,0x0b,0xb7,0x3a,0x01,0xc8,0x30,0x0b,0xb7,0x3a,0x01,0xc8,0x30,0x0b,0xb7,
  0x3a,0x01,0xc8,0x30,0x1b,0xb7,0x2a,0x11,0xd8,0x20,0x1a,0xc5,0x3a,0x10,0xc8,0x20,0x09,0xc6,0x29,0x10,0xc8,0x20,0x19,0xc5,0x2a,0x11,0xd8,0x20,0x2a,0xd4,0x19,0x11,
  0xd0,0x10,0x19,0xc5,0x19,0x21,0xd8,0x28,0x19,0xc5,0x19,0x02,0xc8,0x38,0x19,0xd5,0x29,0x01,0xd8,0x20,0x19,0xc4,0x3a,0x01,0xc9,0x30,0x0a,0xb7,0x3a,0x10,0xc9,0x21,
  0x0a,0xb7,0x3a,0x01,0xc9,0x31,0x0b,0xb7,0x3a,0x00,0xc8,0x31,0x0b,0xb7,0x3a,0x00,0xc8,0x31,0x8b,0xb7,0x39,0x00,0xb9,0x41,0x8b,0xa7,0x3a,0x00,0xb9,0x41,0x8b,0xa7,
  0x3a,0x80,0xb8,0x41,0x8b,0xa7,0x2a,0x81,0xb8,0x41,0x8b,0xa7,0x4b,0x80,0xa8,0x21,0x8a,0xb7,0x4a,0x80,0xa8,0x21,0x8a,0xb7,0x3a,0x81,0xb8,0x41,0x0b,0xb7,0x3a,0x81,
  0xa9,0x40,0x8a,0xb7,0x3a,0x81,0xb8,0x31,0x0b,0xb7,0x4b,0x81,0xb8,0x31,0x0b,0xb7,0x5b,0x80,0xa8,0x21,0x0a,0xb7,0x4b,0x00,0xa9,0x21,0x0a,0xb7,0x4b,0x00,0xa8,0x20,
  0x0a,0xb7,0x3a,0x01,0xb9,0x40,0x0a,0xb7,0x4b,0x00,0xb8,0x30,0x0a,0xb7,0x4b,0x00,0xb8,0x30,0x0a,0xb7,0x3a,0x01,0xc8,0x38,0x1a,0xb7,0x3b,0x01,0xd0,0x38,0x09,0xb6,
  0x3b,0x01,0xd0,0x28,0x08,0xb6,0x3b,0x11,0xe0,0x28,0x19,0xb5,0x2c,0x11,0xc0,0x29,0x08,0xb7,0x2b,0x11,0xd1,0x19,0x18,0xb7,0x2c,0x11,0xc1,0x2a,0x18,0xb7,0x2c,0x21,
  0xd0,0x29,0x08,0xb6,0x2c,0x21,0xd0,0x29,0x18,0xc5,0x2a,0x11,0xd0,0x29,0x18,0xc6,0x2a,0x21,0xd8,0x39,0x08,0xc6,0x2a,0x12,0xd8,0x29,0x18,0xc6,0x2a,0x02,0xd0,0x39,
  0x19,0xc6,0x2a,0x02,0xd0,0x39,0x19,0xc6,0x2a,0x02,0xd0,0x39,0x19,0xc6,0x2a,0x02,0xd0,0x39,0x19,0xc6,0x2a,0x02,0xc8,0x39,0x19,0xc7,0x2a,0x12,0xd8,0x28,0x08,0xc6,
  0x2a,0x02,0xd0,0x39,0x19,0xc6,0x2a,0x02,0xd0,0x39,0x19,0xc6,0x2a,0x02,0xc8,0x39,0x19,0xb7,0x2b,0x03,0xd8,0x39,0x08,0xc7,0x2a,0x02,0xd0,0x29,0x18,0xc6,0x2a,0x02,
  0xd0,0x18,0x18,0xc6,0x2a,0x02,0xd0,0x29,0x18,0xc6,0x2a,0x02,0xb8,0x2a,0x10,0xb7,0x2c,0x03,0xc8,0x29,0x00,0xc7,0x2a,0x02,0xc8,0x39,0x18,0xc6,0x3b,0x02,0xb9,0x38,
  0x08,0xc7,0x3a,0x01,0xb9,0x30,0x09,0xc7,0x4a,0x91,0xa8,0x30,0x8a,0xb7,0x4a,0x80,0xa8,0x30,0x8a,0xb7,0x3a,0x81,0xa9,0x31,0x8b,0xb7,0x5b,0x91,0x98,0x20,0x8a,0xb7,
  0x4a,0x80,0x98,0x20,0x8a,0xb7,0x4a,0x91,0xa8,0x21,0x8b,0xa7,0x4b,0x80,0x98,0x20,0x8a,0xa7,0x4b,0x80,0xa8,0x21,0x0b,0xb7,0x4a,0x80,0xa8,0x30,0x9a,0xa7,0x4b,0x91,
  0x98,0x30,0x8b,0xa7,0x3b,0x92,0xb8,0x50,0x9a,0xa7,0x3b,0x81,0xb8,0x50,0x8a,0xa6,0x3b,0x81,0xb8,0x50,0x9a,0xa7,0x3b,0x81,0xb8,0x40,0x9a,0xa7,0x2a,0x92,0xa8,0x58,
  0x9a,0xa7,0x3b,0x81,0xb0,0x58,0x9a,0xa7,0x3b,0x81,0xb8,0x40,0x9a,0xa7,0x2a,0x82,0xb8,0x58,0x8a,0xb6,0x3a,0x81,0xb8,0x50,0x8a,0xb6,0x3a,0x81,0xb8,0x40,0x8a,0xa7,
  0x3b,0x81,0xb8,0x31,0x8b,0xa7,0x4b,0x81,0xa9,0x30,0x8a,0xb7,0x4b,0x01,0xb9,0x31,0x8a,0xb7,0x4b,0x81,0xb8,0x31,0x0b,0xb7,0x5b,0x80,0xa8,0x30,0x8a,0xb7,0x3a,0x92,
  0xb8,0x31,0x0b,0xb7,0x5b,0x81,0xa9,0x30,0x0b,0xb7,0x3a,0x92,0xb8,0x40,0x0a,0xb7,0x4b,0x81,0xa9,0x21,0x0a,0xb7,0x4b,0x81,0xb8,0x21,0x0a,0xb7,0x4b,0x81,0xb8,0x21,
  0x0a,0xb7,0x4b,0x81,0xa8,0x20,0x0a,0xb7,0x4b,0x81,0xb8,0x30,0x0a,0xb7,0x4b,0x81,0xa8,0x30,0x0b,0xb7,0x4b,0x81,0xb8,0x30,0x0a,0xb7,0x4b,0x81,0xa8,0x20,0x0a,0xb7,
  0x4b,0x81,0xb8,0x40,0x0a,0xb6,0x4b,0x81,0xa9,0x30,0x0a,0xb7,0x3a,0x81,0xa9,0x30,0x8a,0xb7,0x4b,0x82,0xb9,0x31,0x0b,0xb7,0x4b,0x92,0xb8,0x40,0x0a,0xb7,0x3a,0x92,
  0xa9,0x30,0x8a,0xb7,0x4b,0x82,0xb9,0x31,0x8b,0xa7,0x3c,0x82,0xb9,0x31,0x8b,0xa7,0x3c,0x82,0xa9,0x30,0x8b,0xa7,0x3c,0x82,0xb9,0x31,0x0b,0xa7,0x3c,0x01,0xb9,0x40,
  0x8a,0xa7,0x3b,0x01,0xb9,0x40,0x0a,0xb7,0x3b,0x02,0xb9,0x48,0x0a,0xb7,0x2a,0x83,0xc8,0x38,0x09,0xb7,0x3b,0x02,0xb9,0x49,0x09,0xb7,0x3b,0x12,0xc9,0x28,0x19,0xb7,
  0x2b,0x13,0xd8,0x18,0x08,0xb7,0x2b,0x12,0xd0,0x29,0x29,0xb6,0x2c,0x12,0xb8,0x1a,0x28,0xa7,0x1c,0x12,0xb0,0x1b,0x38,0xa7,0x1d,0x22,0xb0,0x1b,0x38,0xb7,0x1c,0x13,
  0xd0,0x19,0x20,0xd4,0x2b,0x13,0xe8,0x28,0x10,0xe2,0x3a,0x83,0xd9,0x38,0x00,0xf3,0x4a,0x81,0xb9,0x41,0x89,0xd3,0x5a,0x90,0x98,0x21,0x9a,0xb6,0x39,0x91,0x99,0x21,
  0x8b,0xb7,0x5b,0x81,0x99,0x20,0x0a,0xb7,0x5b,0x80,0xa8,0x21,0x8a,0xc6,0x39,0x91,0x99,0x12,0x9a,0xb7,0x49,0x90,0x98,0x11,0x8a,0xb7,0x4a,0x80,0x98,0x20,0x8a,0xb7,
  0x4a,0x80,0xa8,0x21,0x8a,0xb7,0x4a,0x80,0xa8,0x21,0x0b,0xb7,0x3a,0x81,0xb8,0x31,0x0c,0xb7,0x4a,0x00,0xb9,0x31,0x8a,0xb7,0x5b,0x00,0xa9,0x21,0x8a,0xb7,0x3a,0x01,
  0xb9,0x40,0x8a,0xb7,0x3a,0x01,0xc8,0x30,0x8a,0xa7,0x3b,0x01,0xc8,0x48,0x89,0xb6,0x3b,0x02,0xd8,0x20,0x89,0xb7,0x3b,0x02,0xd9,0x30,0x89,0xb6,0x4b,0x10,0xb9,0x30,
  0x89,0xb7,0x3a,0x01,0xe8,0x30,0x0a,0xb5,0x3b,0x11,0xe8,0x20,0x89,0xb5,0x3a,0x01,0xd8,0x30,0x0a,0xb6,0x2a,0x11,0xe8,0x30,0x0a,0xb5,0x3b,0x11,0xe8,0x20,0x09,0xb5,
  0x3b,0x11,0xe8,0x20,0x09,0xc4,0x19,0x21,0xe8,0x20,0x09,0xb4,0x3b,0x21,0xf8,0x38,0x89,0xb5,0x2a,0x21,0xf8,0x20,0x09,0xb5,0x3b,0x11,0xe8,0x20,0x88,0xb5,0x3b,0x11,
  0xe8,0x20,0x09,0xb5,0x3b,0x11,0xe8,0x20,0x09,0xb5,0x3b,0x11,0xd8,0x38,0x89,0xb6,0x2a,0x02,0xd8,0x38,0x88,0xb6,0x3b,0x02,0xd8,0x38,0x89,0xb7,0x3b,0x01,0xd0,0x38,
  0x89,0xb7,0x3b,0x82,0xd0,0x38,0x89,0xb7,0x3b,0x01,0xc8,0x38,0x09,0xb7,0x3b,0x02,0xd8,0x38,0x89,0xb7,0x3b,0x02,0xd8,0x38,0x89,0xb7,0x3b,0x11,0xd8,0x38,0x89,0xb7,
  0x3b,0x11,0xd8,0x38,0x89,0xb7,0x3b,0x11,0xd8,0x49,0x98,0xb6,0x2b,0x02,0xe0,0x38,0x89,0xb6,0x3b,0x11,0xd8,0x38,0x89,0xb7,0x2b,0x12,0xe8,0x38,0x89,0xb6,0x3b,0x11,
  0xe0,0x38,0x89,0xb5,0x2a,0x21,0xe8,0x38,0x89,0xb5,0x3b,0x21,0xe8,0x28,0x88,0xb5,0x3b,0x21,0xe8,0x38,0x09,0xb5,0x2b,0x12,0xf0,0x38,0x09,0xb5,0x2b,0x12,0xd8,0x49,
  0x09,0xb4,0x2b,0x22,0xe8,0x28,0x08,0xb5,0x2c,0x11,0xd0,0x28,0x08,0xb5,0x2b,0x12,0xd8,0x39,0x08,0xb6,0x2b,0x12,0xd8,0x18,0x00,0xb6,0x2b,0x12,0xd0,0x29,0x18,0xc5,
  0x2b,0x22,0xd8,0x18,0x00,0xc5,0x1a,0x13,0xc9,0x29,0x10,0xc5,0x2b,0x13,0xd9,0x28,0x00,0xd4,0x3a,0x11,0xc9,0x38,0x08,0xd5,0x3a,0x82,0xc8,0x20,0x08,0xd4,0x3a,0x01,
  0xb9,0x30,0x09,0xc7,0x3a,0x01,0xb9,0x30,0x08,0xc7,0x3a,0x01,0xb9,0x20,0x08,0xc7,0x3a,0x01,0xb9,0x20,0x08,0xb7,0x3b,0x02,0xc9,0x20,0x08,0xc7,0x3a,0x01,0xb9,0x21,
  0x89,0xb7,0x4b,0x81,0xb8,0x30,0x0a,0xb7,0x4b,0x01,0xb9,0x21,0x09,0xb7,0x3b,0x02,0xd9,0x20,0x09,0xb7,0x2a,0x02,0xc9,0x30,0x0a,0xb7,0x4b,0x01,0xb9,0x30,0x89,0xb7,
  0x4b,0x01,0xb9,0x40,0x8a,0xb7,0x4b,0x81,0xb8,0x30,0x8a,0xb7,0x3a,0x01,0xd8,0x30,0x8a,0xb7,0x3b,0x02,0xe8,0x30,0x99,0xb6,0x3b,0x02,0xe8,0x30,0x8a,0xb6,0x3b,0x02,
  0xe8,0x38,0x89,0xc6,0x3a,0x02,0xd9,0x48,0x89,0xc5,0x3a,0x02,0xd9,0x48,0x09,0xc4,0x3a,0x82,0xd8,0x48,0x89,0xc5,0x3a,0x02,0xc9,0x59,0x09,0xc4,0x3a,0x01,0xc8,0x49,
  0x88,0xb5,0x3b,0x02,0xd8,0x49,0x88,0xc5,0x3a,0x02,0xc9,0x4a,0x00,0xc4,0x3b,0x02,0xc8,0x3a,0x10,0xc6,0x3b,0x02,0xd0,0x3a,0x00,0xc5,0x3b,0x12,0xd8,0x29,0x00,0xb6,
  0x2c,0x12,0xd0,0x2a,0x10,0xb5,0x2c,0x12,0xd0,0x2a,0x10,0xb5,0x1c,0x13,0xd1,0x1a,0x10,0xa5,0x1d,0x22,0xc1,0x0b,0x20,0xa7,0x1d,0x22,0xc2,0x0c,0x28,0xa6,0x8c,0x22,
  0xb3,0x8d,0x18,0x87,0x8d,0x21,0x94,0x8c,0x09,0x07,0x8e,0x21,0x84,0x9c,0x09,0x07,0x8d,0x10,0x95,0x8b,0x0a,0x07,0x8c,0x11,0x94,0x9b,0x1a,0x07,0x0d,0x11,0x94,0x8c,
  0x19,0x97,0x0d,0x21,0xb3,0x0d,0x08,0x97,0x0d,0x13,0xb1,0x1d,0x18,0xa6,0x1d,0x13,0xb0,0x1d,0x01,0xb6,0x2c,0x83,0xb0,0x2d,0x01,0xb5,0x2c,0x94,0xa8,0x3a,0x92,0xb7,
  0x2c,0x94,0x99,0x3a,0xa3,0xb6,0x2d,0xa5,0x0a,0x3a,0xb3,0xb5,0x2d,0xb5,0x2a,0x2a,0xb2,0x94,0x1f,0xb6,0x2a,0x1a,0xa2,0x95,0x1e,0xa5,0x1a,0x09,0x92,0x94,0x1f,0xa5,
  0x09,0x09,0x81,0x95,0x1f,0x95,0x0a,0x09,0x82,0x95,0x0f,0x85,0x89,0x1a,0x01,0x95,0x0f,0x85,0x89,0x0a,0x02,0x95,0x0f,0x85,0x89,0x8a,0x83,0x96,0x8d,0x05,0x89,0x0b,
  0x02,0x86,0x8e,0x14,0x89,0x8b,0x84,0x40,0xcc,0x32,0x88,0xc9,0x22,0x3a,0xf3,0x4b,0x81,0x98,0x3a,0xb0,0x07,0x8d,0x04,0x08,0x9b,0x84,0x6a,0xd8,0x30,0x80,0xc0,0x38,
  0x89,0x97,0x1d,0x83,0x00,0x8d,0x92,0x52,0xdb,0x22,0x18,0xc8,0x28,0x49,0xd3,0x2c,0x82,0x91,0x0b,0x91,0x17,0xac,0x21,0x10,0xc9,0x80,0x70,0xc0,0x2a,0x01,0x91,0x8b,
  0x28,0x07,0x9c,0x11,0x01,0xb9,0x80,0x79,0xd3,0x1a,0x11,0x91,0x8b,0xa1,0x64,0xc9,0x18,0x11,0xa8,0x09,0x88,0x17,0x9c,0x10,0x11,0xaa,0x00,0x39,0x97,0x8c,0x11,0x01,
  0x9b,0x81,0x68,0xc1,0x89,0x21,0xa1,0x8a,0xa1,0x64,0xc9,0x18,0x20,0xb0,0x09,0x80,0x26,0xac,0x18,0x12,0xb9,0x19,0x39,0x07,0x9c,0x10,0x02,0xab,0x80,0x70,0xb2,0x8b,
  0x30,0x82,0x9c,0x11,0x82,0xaa,0x10,0x02,0xb9,0x19,0x22,0x08,0x89,0x29,0x01,0x8a,0x0b,0x0f,0x0a,0x01,0x02,0x3b,0x08,0x44,0x08,0x48,0x80,0x4c,0x08,0x08,0x08,0x8d,
  0xcb,0xb8,0x84,0x4b,0x08,0xc4,0x00,0x00,0xff,0x77,0x77,0x80,0x70,0x8b,0xd0,0xf0,0xa8,0x29,0x08,0x02,0x84,0x73,0x20,0xa8,0xa2,0x38,0x4b,0x08,0x84,0x80,0x0c,0x8c,
  0x8b,0xc8,0xaf,0x8a,0x0a,0x42,0x32,0x30,0x40,0x08,0x80,0x08,0x08,0x80,0x08,0x80,0x08,0xdf,0xb6,0xb3,0x48,0x8b,0x80,0xe6,0xb8,0x4a,0x20,0x0b,0x80,0x73,0x10,0x02,
  0xa2,0xb2,0x80,0x3c,0xec,0xaa,0x02,0x3b,0x80,0xb4,0xc0,0x08,0x08,0x08,0x27,0x33,0x48,0x30,0x80,0x00,0xaf,0x8b,0xcb,0xc3,0x03,0x08,0xf8,0x21,0x02,0x8b,0x80,0xe0,
  0xf0,0x11,0x80,0xac,0xa2,0x83,0x96,0x41,0x82,0x80,0x80,0x70,0xc9,0x21,0xa3,0x80,0x8a,0x0b,0xf0,0x48,0x21,0xaf,0xa8,0x98,0xb9,0x71,0x03,0x01,0x81,0x08,0xfc,0x58,
  0x13,0x9a,0x08,0xc8,0xf8,0x50,0x12,0x8c,0x08,0x99,0xfb,0x60,0x01,0x8a,0x80,0x88,0xf9,0x51,0x82,0x0a,0x08,0x89,0xf8,0x41,0x01,0x0b,0x88,0x89,0xf8,0x50,0x81,0x8a,
  0x80,0x09,0xf8,0x51,0x81,0x0a,0x08,0x09,0xf8,0x51,0x81,0x0b,0x88,0x08,0xf8,0x51,0x80,0x0a,0x88,0x18,0xf8,0x41,0x91,0x0a,0x08,0x08,0xf8,0x41,0x80,0x1b,0x08,0x08,
  0xf8,0x42,0x88,0x1b,0x08,0x00,0xf9,0x42,0x98,0x1a,0x08,0x00,0xf9,0x42,0x90,0x0a,0x00,0x81,0xfb,0x43,0x98,0x0a,0x01,0x90,0xdc,0x25,0xa8,0x19,0x10,0x98,0xea,0x35,
  0x9a,0x1a,0x11,0xa8,0xca,0x37,0x9b,0x18,0x82,0xb9,0xb8,0x57,0x9b,0x10,0x81,0xa9,0xa0,0x17,0x9b,0x11,0xa1,0x98,0xd0,0x17,0x8b,0x10,0x90,0xa0,0xc0,0x17,0x9a,0x10,
  0x91,0x98,0xb8,0x27,0x9b,0x20,0x90,0xb0,0xd0,0x17,0x8b,0x10,0x80,0xa8,0xc8,0x27,0x8b,0x00,0x00,0xa8,0xc8,0x17,0x8a,0x00,0x80,0xa0,0xd8,0x16,0x8a,0x00,0x08,0xa0,
  0xd8,0x16,0x8a,0x00,0x08,0xa0,0xd8,0x16,0x8a,0x00,0x08,0xa1,0xd8,0x16,0x8a,0x08,0x00,0x90,0xe9,0x24,0x99,0x08,0x08,0x91,0xf9,0x14,0x88,0x88,0x08,0x81,0xf9,0x23,
  0x88,0x98,0x09,0x81,0xf8,0x32,0x80,0xa0,0x8a,0x10,0xf9,0x34,0x89,0xa8,0x8a,0x20,0xf0,0x33,0x88,0xa8,0x8a,0x18,0xf8,0x35,0x08,0xa8,0x99,0x1a,0xf9,0x25,0x00,0x98,
  0x9a,0x8b,0xd9,0x35,0x20,0x91,0xa9,0x9c,0xfb,0x22,0x31,0x12,0xa8,0x9c,0xcd,0x23,0x31,0x03,0xa8,0x9e,0xdb,0x23,0x31,0x01,0xa8,0xac,0xdc,0x23,0x31,0x82,0x99,0x9c,
  0xeb,0x24,0x11,0x80,0x9a,0x9b,0xf9,0x24,0x20,0x90,0x8a,0x8b,0xe9,0x34,0x00,0x90,0x8a,0x0b,0xf9,0x24,0x00,0x90,0x0a,0x8a,0xf8,0x14,0x00,0x88,0x89,0x09,0xa0,0x7d,
  0x80,0x00,0x89,0x88,0x08,0x90,0x02,0xa8,0x93,0x03,0x18,0xa1,0xd6,0x08,0x03,0xe2,0x91,0x0a,0x2a,0x89,0x1d,0x20,0xc9,0x85,0x83,0xd3,0xe1,0x92,0x93,0x91,0xa1,0x00,
  0x3f,0x89,0x21,0xc8,0x22,0x91,0xca,0x85,0x3a,0x18,0xaa,0x1e,0x39,0x33,0xda,0xa1,0x9a,0x4e,0x89,0x12,0xa8,0x42,0x88,0x0b,0x74,0x08,0x00,0x99,0x93,0x2f,0x2a,0x90,
  0x1b,0xf8,0x00,0x3b,0x48,0x8a,0x10,0xa6,0xa1,0x18,0x3b,0x1c,0x92,0x63,0xb8,0xc4,0x10,0x08,0xc9,0x18,0x28,0x28,0x28,0xc1,0xf4,0x80,0x03,0x1a,0x8c,0x98,0x80,0x10,
  0xa2,0x38,0x56,0x9a,0x91,0xb8,0xb4,0x28,0x52,0x89,0x82,0x80,0x0e,0xa8,0xda,0xc0,0x33,0x80,0x80,0x33,0x78,0x89,0xa0,0x08,0xb3,0x3c,0x03,0xf8,0xc9,0x7c,0xb8,0x12,
  0x18,0x90,0x80,0x00,0xdb,0x8f,0x25,0x20,0x80,0xb8,0x99,0x99,0x3f,0x16,0x10,0x99,0xab,0x9c,0xfa,0x31,0x14,0x10,0x90,0xca,0x99,0xfb,0x53,0x02,0x82,0xa9,0x9d,0x99,
  0x0d,0x17,0x01,0x00,0xba,0x9a,0xaa,0x4f,0x23,0x01,0x90,0xba,0xab,0xf8,0x78,0x11,0x01,0x99,0xaa,0x9a,0xeb,0x35,0x21,0x80,0xb8,0xac,0x9a,0x0d,0x37,0x00,0x90,0xaa,
  0x8a,0xd8,0x64,0x81,0x98,0xa9,0x09,0xb8,0x55,0x81,0x99,0xa9,0x19,0xd0,0x44,0x80,0x99,0x9a,0x11,0xf0,0x42,0x90,0x98,0x89,0x21,0xf9,0x32,0xa1,0x89,0x1b,0x21,0xfa,
  0x52,0x90,0x99,0x2a,0x11,0xfb,0x42,0x90,0x89,0x29,0x01,0xfd,0x33,0xa8,0x88,0x39,0x91,0xec,0x25,0xb8,0x00,0x18,0xa0,0xcb,0x27,0xb8,0x00,0x18,0x90,0xdb,0x26,0xb8,
  0x00,0x18,0x90,0xdb,0x26,0xa8,0x08,0x18,0x90,0xea,0x25,0xa9,0x00,0x19,0x91,0xdb,0x26,0x99,0x80,0x29,0x80,0xeb,0x25,0x99,0x80,0x19,0x91,0xeb,0x15,0x98,0x80,0x19,
  0x81,0xdb,0x26,0x99,0x80,0x09,0x82,0xdb,0x25,0x99,0x80,0x1a,0x81,0xfa,0x24,0x99,0x00,0x1b,0x02,0xfb,0x24,0x98,0x80,0x1a,0x00,0xea,0x33,0xa0,0x80,0x0c,0x02,0xfa,
  0x24,0x98,0x90,0x0b,0x11,0xe9,0x24,0x90,0x90,0x8a,0x00,0xe9,0x34,0x88,0x90,0x9b,0x08,0xe8,0x34,0x81,0x80,0xab,0x89,0xe9,0x35,0x00,0x91,0xba,0x9a,0xfa,0x43,0x11,
  0x81,0xa9,0xba,0xfb,0x32,0x31,0x12,0x90,0xbb,0xbd,0x1e,0x11,0x23,0x02,0x88,0xcc,0xa0,0x10,0x10,0x01,0x91,0x09,0x92,0x11,0x02,0x28,0x6a,0x19,0x1e,0xa8,0xf1,0xa1,
  0x28,0xa2,0xc8,0x81,0x10,0x1c,0x84,0x03,0x3c,0xa0,0x5a,0xd1,0x05,0x88,0x90,0x08,0x3b,0x10,0xaa,0xaf,0x99,0x25,0x80,0xa0,0xa9,0x0a,0xb2,0x67,0x80,0x21,0x98,0x8c,
  0x29,0x2a,0xb2,0xa0,0x02,0x3f,0xca,0x07,0x19,0x8a,0x90,0xb1,0x01,0x38,0x8b,0xbb,0xc8,0x43,0x30,0x40,0x84,0xb4,0x80,0x40,0x83,0x80,0x80,0x80,0xbf,0xbc,0x80,0x40,
  0x40,0xb8,0x84,0x80,0x3c,0x0c,0x08,0x08,0x3d,0x3c,0xc0,0xb3,0xc8,0x0c,0x08,0x07,0x04,0x28,0x08,0x08,0xc3,0x30,0x8b,0x08,0xf0,0x80,0x8b,0x00,0xd8,0xc3,0x0b,0x8c,
  0x40,0xc3,0x03,0x43,0x3b,0xb4,0xc0,0x17,0x80,0x0a,0xb2,0xb0,0x0c,0x9f,0x95,0xd0,0x12,0x88,0x10,0x82,0x7c,0x81,0x0b,0x08,0xb2,0x82,0xf2,0x49,0xa8,0x1a,0x21,0x1c,
  0x80,0xf9,0x16,0xb8,0x18,0x81,0x19,0x80,0x0f,0x24,0xba,0x12,0xa0,0x8a,0xf1,0x6d,0x82,0x8a,0x01,0x98,0x18,0xf9,0x58,0x80,0x2b,0x10,0x0b,0x11,0xfa,0x16,0x98,0x08,
  0x91,0x89,0x00,0x9f,0x06,0xa9,0x11,0xa0,0x00,0xd1,0x6d,0x81,0x1a,0x00,0x98,0x00,0xf8,0x60,0x88,0x09,0x00,0x0a,0x00,0xeb,0x07,0x98,0x00,0x88,0x08,0x80,0x2d,0x94,
  0x98,0x81,0xa1,0x01,0xd0,0x7c,0x91,0x09,0x00,0x88,0x80,0xf0,0x51,0x89,0x19,0x08,0x09,0x08,0xcc,0x17,0x99,0x01,0x88,0x00,0x88,0x2f,0xa4,0x90,0x81,0xa0,0x81,0xc0,
  0x7b,0x91,0x29,0x09,0x80,0x80,0x9e,0x87,0x90,0x91,0x91,0x00,0xf8,0x42,0x8a,0x18,0x19,0x19,0x98,0x5f,0x80,0x09,0x90,0x91,0x91,0xc9,0x07,0x98,0x91,0x00,0x08,0xd8,
  0x78,0x09,0x18,0x1a,0x08,0x08,0x2f,0xa3,0x08,0xa0,0xa2,0x81,0xf8,0x86,0x88,0x91,0x08,0x00,0xb8,0x7b,0x80,0x10,0x1c,0x08,0x00,0x0e,0x95,0x80,0xa0,0x91,0x00,0xe8,
  0x43,0x99,0x81,0x09,0x19,0x80,0x4f,0x81,0x09,0x98,0x90,0x81,0xfa,0x06,0x98,0x91,0x08,0x08,0xb1,0x7a,0x81,0x19,0x8a,0x09,0x20,0xf9,0x33,0x98,0x90,0x98,0x0a,0x10,
  0x0f,0x15,0x08,0x90,0xb8,0x09,0x90,0x3f,0x04,0x10,0x88,0xaa,0x99,0x99,0x1d,0x15,0x11,0x82,0xb8,0xa9,0xbc,0xa9,0x15,0x00,0x22,0x29,0x98,0x12,0xb5,0x98,0x96,0x93,
  0xa0,0x09,0x4c,0x0a,0x1b,0x99,0xf8,0xc1,0xa2,0x95,0xc2,0x01,0xa4,0x81,0x92,0x30,0x1f,0xa0,0x31,0xd8,0x13,0x98,0xe1,0x11,0x2b,0x12,0x9b,0x9d,0x28,0x72,0xa8,0xb2,
  0x0d,0x1b,0x19,0x34,0xb1,0x53,0x8b,0xa9,0x71,0x28,0x08,0xa9,0xa2,0x2e,0x1a,0x14,0x2c,0xf1,0x11,0x0b,0x01,0x1d,0x90,0x82,0x90,0x10,0x28,0xbc,0x91,0x58,0xf3,0xa3,
  0x28,0x08,0x0b,0x21,0x88,0x83,0x30,0xf4,0xb0,0x21,0x01,0x2a,0xbb,0x84,0x4b,0x08,0x0c,0x08,0x34,0xc8,0x84,0xf3,0xa0,0xa9,0x38,0x8b,0x07,0x08,0x01,0x08,0x08,0x80,
  0x58,0x0b,0x08,0xd8,0x08,0x3d,0xc0,0xb3,0x08,0x3d,0x08,0x08,0xb5,0x48,0x4b,0x08,0x08,0x08,0x68,0x3b,0xc0,0x03,0x08,0x0e,0xac,0xc3,0x33,0x3b,0x0c,0xc3,0x03,0x34,
  0x80,0x40,0x80,0x80,0x80,0xf0,0xbc,0xb8,0x58,0x7b,0x08,0xa0,0x82,0x8a,0x0f,0xa8,0x02,0x32,0x38,0x80,0xe5,0x98,0x08,0x38,0xc3,0x83,0x84,0x30,0xbc,0xc0,0xb3,0x08,
  0x8c,0x40,0x84,0x80,0x80,0x9f,0x02,0x83,0x80,0x80,0xcd,0x87,0x80,0xa9,0xaa,0x88,0x00,0x48,0x5f,0x00,0x21,0x21,0x2a,0x2a,0xc0,0xf0,0x13,0xc9,0x80,0xf2,0x80,0x80,
  0xd0,0x4b,0x02,0x3b,0x49,0x1b,0xa1,0x80,0xfa,0x27,0xa0,0x81,0xb1,0x19,0x99,0xd9,0x5d,0x03,0x0a,0x81,0x0b,0x81,0x99,0xdf,0x15,0x98,0x01,0xa1,0x18,0x80,0xb8,0x6f,
  0x80,0x09,0x10,0x0b,0x18,0x89,0xec,0x17,0x98,0x81,0xa0,0x00,0x80,0xb8,0x7f,0x80,0x19,0x08,0x0a,0x00,0x89,0xcc,0x17,0x98,0x00,0xa0,0x00,0x80,0xd0,0x7b,0x82,0x1b,
  0x18,0x1a,0x18,0x08,0xaf,0x17,0x98,0x80,0xa1,0x80,0x91,0xd8,0x7c,0x81,0x0a,0x80,0x08,0x18,0x80,0xcc,0x27,0xa9,0x00,0x80,0x88,0x81,0xe0,0x7a,0x81,0x1b,0x00,0x88,
  0x19,0x18,0x9e,0x07,0xa8,0x00,0x80,0x80,0x00,0xf8,0x14,0xb8,0x00,0x91,0x90,0x81,0xf0,0x51,0xb0,0x08,0x92,0x88,0x00,0xf8,0x79,0x90,0x08,0x00,0x89,0x00,0xb8,0x7c,
  0x91,0x1a,0x10,0x89,0x10,0xa8,0x5f,0x92,0x0a,0x00,0x88,0x08,0x98,0x1f,0x86,0x0a,0x00,0x08,0x09,0x91,0x9d,0x17,0x99,0x00,0x08,0x88,0x00,0xcc,0x17,0x99,0x00,0x80,
  0x88,0x00,0xea,0x24,0xb0,0x00,0x08,0x80,0x18,0xfa,0x60,0x90,0x08,0x88,0x90,0x10,0xd8,0x79,0x91,0x08,0x89,0x88,0x00,0xb0,0x5e,0x01,0x19,0x98,0x88,0x80,0x00,0xfa,
  0x24,0x88,0x91,0x98,0x98,0x80,0x10,0x9f,0x06,0x18,0x90,0x89,0x99,0x80,0x00,0xf8,0x52,0x90,0x02,0x89,0x99,0x98,0x88,0x81,0x0f,0x05,0x20,0x90,0xd3,0x88,0x99,0x01,
  0xc1,0xa1,0x80,0xb2,0x94,0x2b,0x60,0x39,0x3b,0x09,0xf9,0xb2,0x13,0xa3,0xf2,0x92,0xa1,0xc2,0xb2,0x03,0x3e,0xa8,0x02,0xd8,0x04,0x29,0xc9,0x84,0x3a,0x10,0x99,0x8f,
  0x81,0x53,0x19,0xb1,0x8a,0x1e,0x88,0x30,0xa9,0x53,0x0a,0x99,0x61,0x08,0xa2,0xb9,0xb3,0x3f,0x1c,0x83,0x5c,0xe8,0x02,0x2b,0x18,0x2c,0x89,0x94,0x82,0x08,0x3b,0xaa,
  0xb4,0x68,0x98,0xa5,0x20,0x08,0x19,0x1a,0x89,0x80,0x5a,0xa0,0xf8,0x90,0x84,0x39,0x9c,0x92,0x01,0x08,0xbd,0xa9,0x07,0x10,0x02,0xa1,0xb4,0x10,0x0a,0x8d,0x94,0x03,
  0xa8,0x80,0x0b,0xf8,0x03,0x82,0x20,0x00,0x03,0xe0,0xbb,0x0c,0xf8,0x28,0x22,0x0b,0x80,0x97,0x01,0x80,0xab,0xb8,0x88,0x50,0x4b,0x08,0x07,0x22,0x08,0x08,0xc8,0xb3,
  0x80,0x0d,0xaf,0x82,0xb0,0x3a,0x3c,0x83,0x80,0x35,0x08,0x8c,0xc0,0x83,0x40,0x4b,0x08,0x84,0x80,0x50,0xb8,0xb4,0x88,0x4c,0x8b,0xc0,0x08,0x8c,0x00,0xd8,0xc0,0x0b,
  0x3c,0x48,0x33,0x07,0x01,0x38,0x08,0xac,0x08,0x48,0x80,0xd0,0xb0,0x88,0x50,0x08,0xc8,0x40,0x3c,0xbb,0xbc,0x84,0x03,0x48,0xcb,0xb3,0x48,0x70,0x80,0x82,0xb3,0xc0,
  0x3a,0x08,0xc8,0x08,0x58,0x80,0x80,0xb5,0x48,0x0b,0xc8,0xc3,0x80,0x80,0x3d,0x8b,0xb5,0x08,0x40,0x0c,0xc3,0x30,0x80,0x80,0xf8,0xb0,0x30,0x4c,0x02,0x48,0x83,0x34,
  0x08,0x08,0xe8,0x80,0x8b,0x8c,0xd0,0xb3,0xb8,0xbd,0xfb,0x01,0x01,0x62,0x28,0x01,0x82,0x30,0x1f,0x8b,0xa2,0x80,0x30,0x08,0x08,0xb5,0x58,0xf8,0x41,0xb8,0x80,0x80,
  0xaa,0xf8,0xa0,0x10,0x0a,0x57,0x88,0x18,0x98,0x09,0xa8,0x80,0x80,0x7f,0x81,0x1a,0x28,0x09,0x11,0xa0,0xb0,0xf0,0x71,0x99,0x98,0xa1,0x1c,0x88,0x98,0x01,0x5f,0x04,
  0x99,0x81,0x99,0x48,0x1a,0x09,0xf1,0x79,0x01,0x0a,0x18,0x8b,0x10,0x99,0x00,0xfd,0x15,0xa8,0x00,0xb1,0x88,0x91,0x88,0x01,0x3f,0x07,0x89,0x28,0x8a,0x28,0x88,0x09,
  0xf8,0x7b,0x83,0x8a,0x80,0x99,0x92,0x80,0x09,0xcf,0x17,0xb0,0x00,0xa0,0x00,0x01,0x80,0xe1,0x5f,0x01,0x0a,0x19,0x09,0x08,0x18,0x09,0xfa,0x61,0x91,0x89,0x80,0x88,
  0x80,0x91,0x80,0xbf,0x27,0x98,0x18,0x89,0x88,0x00,0x80,0xf8,0x7a,0x01,0x0a,0x08,0x09,0x08,0x18,0x19,0xed,0x16,0xa0,0x90,0x91,0x80,0x91,0x91,0xa0,0x2f,0x05,0x8a,
  0x09,0x00,0x18,0x19,0x09,0xf8,0x79,0x81,0x89,0x80,0x88,0x80,0x00,0x08,0xaf,0x17,0x90,0x98,0x91,0x91,0x80,0x80,0xd8,0x7e,0x00,0x09,0x09,0x80,0x08,0x08,0x08,0xf9,
  0x33,0xa0,0xa0,0x80,0x90,0x91,0x90,0x80,0xaf,0x37,0x09,0x89,0x88,0x18,0x80,0x80,0xf8,0x7b,0x82,0x88,0x0a,0x89,0x00,0x01,0x80,0xfd,0x24,0x90,0x90,0xa0,0x88,0x80,
  0x02,0x10,0xfd,0x33,0x90,0x92,0x98,0x8a,0x90,0x18,0x10,0xff,0x22,0x80,0x82,0xa0,0x98,0xa1,0x08,0x21,0xf9,0x5d,0x92,0x10,0x91,0xa8,0xa0,0x99,0x80,0x30,0xb8,0x2f,
  0x06,0x28,0x10,0xa9,0x98,0xaa,0x19,0x09,0x91,0xbf,0x27,0x39,0x00,0xa9,0x98,0x8b,0x99,0x80,0x04,0x8f,0x05,0x28,0x01,0x08,0x8a,0xa9,0xa2,0x02,0x38,0xff,0x04,0x01,
  0x92,0x80,0x9a,0xaa,0xa9,0x80,0x3a,0xff,0x38,0x11,0x83,0x21,0x09,0x98,0x8a,0x3a,0x3b,0xf0,0x2f,0x21,0x39,0x08,0x98,0x01,0xad,0xa9,0x80,0xb3,0xf3,0x5f,0x08,0x01,
  0x00,0x18,0x99,0x99,0xa0,0x80,0x2a,0xf3,0x59,0x21,0x30,0x08,0xaa,0x0b,0x8b,0x8f,0x00,0xd8,0xf9,0x38,0x10,0x11,0x13,0x29,0x1d,0x80,0x04,0x28,0x2a,0xfa,0x80,0xa2,
  0x08,0x2a,0xbb,0xc0,0x43,0x38,0x8b,0x80,0xcd,0x17,0x28,0xa8,0x83,0xa8,0x08,0x08,0xd8,0x08,0x08,0x3e,0x8b,0xb4,0x80,0x08,0x60,0x8b,0xb4,0x48,0x4b,0x08,0x08,0x08,
  0x08,0x08,0xb7,0xb4,0x03,0x08,0x08,0xf8,0x8b,0x40,0x3c,0x80,0x04,0x03,0x3d,0x80,0xc8,0xb4,0x08,0x8f,0x8a,0x80,0x43,0x32,0x3b,0xdb,0xc0,0x80,0x80,0x40,0x84,0x03,
  0x40,0x0c,0x08,0xc8,0x08,0x8c,0x80,0x80,0x80,0x8f,0x80,0x80,0x80,0x80,0x00,0x9f,0xd8,0x48,0x70,0x19,0x02,0x82,0x30,0x40,0x8b,0xd0,0x80,0x0c,0x8f,0x00,0xa1,0x3a,
  0x8b,0x80,0x17,0x82,0x20,0x80,0x00,0xd8,0xc3,0x80,0x80,0xbd,0x0c,0x8b,0x40,0x34,0x83,0x80,0x50,0xc0,0xc3,0x80,0x80,0x8c,0x80,0x80,0x80,0x3f,0x80,0xd0,0x03,0x3c,
  0x3c,0x80,0xd0,0x83,0x80,0x80,0xcd,0x80,0x40,0x48,0x80,0x07,0x28,0x80,0x08,0xc0,0x08,0x80,0x9f,0xfa,0x3a,0x05,0x18,0x88,0x90,0x01,0x08,0x08,0xb8,0xf3,0x3f,0x31,
  0x0b,0x08,0xaa,0x80,0x8a,0x8b,0x07,0x02,0x8f,0x37,0xa9,0x11,0xaa,0x3a,0x90,0x9c,0xa2,0x19,0x9f,0x47,0xa8,0x10,0x99,0x3a,0x80,0x0c,0x08,0x89,0xce,0x37,0xa0,0x28,
  0xb8,0x19,0x02,0x8b,0x80,0xb9,0xff,0x53,0xa1,0x18,0xb1,0x09,0x02,0x9a,0x02,0xa9,0xf0,0x7a,0xa5,0x88,0xa2,0x8a,0x02,0xa9,0x01,0x90,0xf0,0x7b,0x84,0x89,0x81,0x8b,
  0x02,0x98,0x10,0x99,0xfa,0x7d,0x02,0x8a,0x81,0x9a,0x02,0x90,0x18,0xa0,0xda,0x4f,0x23,0x8c,0x10,0xaa,0x12,0x90,0x28,0x90,0xa8,0x9f,0x57,0x9a,0x00,0x99,0x10,0x90,
  0x08,0x91,0x8a,0xbf,0x47,0x99,0x18,0x98,0x28,0x80,0x08,0x00,0xc9,0x3f,0x06,0x0b,0x18,0x8a,0x10,0x98,0x00,0x08,0xaf,0x27,0xa8,0x18,0x98,0x18,0x80,0x08,0x88,0xf8,
  0x7b,0x82,0x0a,0x80,0x08,0x91,0x08,0x80,0x98,0x0f,0x27,0x9b,0x80,0x88,0x01,0x88,0x18,0x19,0xfd,0x25,0xb0,0x80,0x80,0x00,0x98,0x80,0x80,0xf0,0x7b,0x02,0x8b,0x88,
  0x00,0x80,0x19,0x08,0x80,0xbf,0x47,0x98,0x88,0x08,0x08,0x88,0x00,0x88,0xf9,0x70,0xa1,0x88,0x90,0x80,0x81,0x88,0x88,0xe0,0x4f,0x12,0x8a,0x18,0x89,0x00,0x80,0x88,
  0x90,0xbf,0x27,0x90,0x88,0x90,0x09,0x01,0x89,0x80,0xf9,0x7b,0x02,0x99,0x01,0x99,0x00,0x91,0x08,0xa0,0xaf,0x27,0x09,0x18,0x99,0x1a,0x00,0x89,0x92,0x98,0xf9,0x7a,
  0x82,0x80,0xa1,0xa8,0x81,0x80,0x10,0x81,0xa0,0xef,0x24,0x08,0x00,0x99,0x0a,0x0a,0x19,0x01,0x13,0xf8,0x6c,0x91,0x02,0xa1,0x98,0xb9,0xb8,0x80,0x21,0x21,0xcf,0x07,
  0x18,0x02,0x0a,0x98,0x9a,0x09,0x8a,0x01,0xf8,0x38,0x90,0x25,0x00,0x92,0x08,0x91,0x8c,0xa0,0xa0,0x9f,0x02,0x5b,0x82,0x51,0x19,0x80,0xb9,0xc8,0x89,0xf9,0x19,0xa8,
  0x34,0x38,0x23,0x80,0xa2,0xbb,0x8f,0x80,0x1f,0x04,0x39,0x10,0x08,0xa0,0x8a,0x8d,0xd0,0x01,0xea,0x31,0x09,0x21,0x82,0x80,0x4b,0x0b,0xb8,0x58,0x3b,0xaf,0x82,0x50,
  0x10,0x20,0x0b,0x08,0x43,0x30,0x0c,0xf8,0x01,0xa8,0x02,0x8b,0xfc,0x89,0x40,0x19,0x80,0x02,0x08,0x8f,0xa0,0xa2,0x32,0x78,0x29,0x01,0xa2,0x08,0x3c,0x8b,0x80,0x05,
  0x0c,0x3c,0x08,0x03,0x80,0x3e,0x8b,0xc0,0x08,0x0d,0x8f,0xa0,0x02,0x52,0x20,0x08,0xb2,0x80,0x40,0x8b,0x08,0x80,0x80,0x08,0x9f,0xb5,0x08,0x08,0x3e,0xc0,0xb3,0x03,
  0x3d,0x3b,0xbc,0xc0,0x33,0x40,0x84,0x00,0x03,0x3d,0x80,0xd0,0xcb,0x83,0x4b,0x08,0xb4,0xf3,0x2a,0x28,0xb0,0x43,0x48,0x3b,0xc0,0x08,0xb8,0x88,0x60,0x03,0xb4,0x08,
  0x0d,0xf8,0x98,0x01,0xa2,0x8b,0x07,0x91,0x5a,0x0a,0x2a,0x80,0xb0,0x3c,0x78,0xa0,0xa2,0x02,0x08,0xaf,0xa0,0x02,0x32,0x80,0xc8,0x84,0x80,0x40,0x40,0xc3,0x80,0x70,
  0x29,0xa8,0xab,0x8f,0x10,0x0c,0x03,0xd2,0x89,0x3e,0xf1,0x21,0x01,0x1a,0x10,0xa0,0x40,0x98,0x2a,0xb0,0xb3,0xdf,0x34,0xb0,0x80,0xa1,0x0c,0x81,0xa0,0xa2,0xa2,0x0c,
  0xdf,0x36,0xd2,0x01,0xa1,0x89,0x94,0x98,0x20,0xb0,0x90,0x9f,0x36,0xb9,0x01,0xe1,0x19,0x00,0x99,0x03,0xa2,0xa8,0x2f,0x27,0xa9,0x11,0xc8,0x19,0x92,0xa8,0x03,0xaa,
  0xf0,0x3f,0x23,0x0c,0x20,0xba,0x49,0x80,0x1a,0x01,0xb8,0xf1,0x7d,0x01,0x0a,0x10,0x9b,0x28,0x88,0x2a,0x02,0x9b,0xdf,0x17,0xb1,0x00,0xa1,0x89,0x03,0xa8,0x11,0xa8,
  0xfa,0x7c,0x02,0x0b,0x00,0x9a,0x10,0x80,0x09,0x81,0x9a,0xdf,0x27,0xb0,0x00,0xa1,0x09,0x02,0x98,0x10,0x98,0xf9,0x7c,0x02,0x0b,0x08,0x8a,0x18,0x81,0x09,0x80,0x0a,
  0xcf,0x37,0xc1,0x80,0xa0,0x08,0x82,0x88,0x01,0x99,0xf0,0x7b,0x12,0x0b,0x08,0x8b,0x10,0x88,0x00,0x90,0x18,0xcf,0x27,0xa0,0x00,0xa8,0x09,0x92,0x00,0x00,0x09,0xf8,
  0x6d,0x01,0x0a,0x00,0x8b,0x80,0x08,0x11,0x80,0x91,0xcf,0x17,0xa0,0x01,0xa8,0x90,0x80,0x08,0x01,0x80,0xf0,0x7c,0x00,0x09,0x00,0x0a,0x89,0x09,0x00,0x10,0x00,0xaf,
  0x07,0x80,0x00,0x98,0x80,0x98,0x19,0x18,0x00,0x00,0xcf,0x16,0x08,0x81,0x99,0x88,0x89,0x88,0x98,0x00,0x90,0x1f,0x15,0x39,0x01,0x8b,0x8a,0xaa,0x00,0x28,0x51,0xf1,
  0x2e,0x23,0x39,0x90,0x89,0xa9,0x0a,0x99,0xc1,0x91,0xf2,0x4c,0x20,0x18,0x98,0x0a,0x89,0x91,0x82,0x25,0x88,0xfa,0x21,0x04,0x32,0x88,0x8b,0x9f,0x00,0x9a,0x89,0x02,
  0x08,0x38,0x4b,0x08,0x84,0xc0,0x8b,0x0c,0x08,0x07,0x20,0xb0,0xb8,0x08,0x35,0x30,0x00,0x08,0x88,0x00,0x9f,0x08,0xe8,0x08,0x08,0x0e,0x08,0xf8,0x09,0x20,0xc0,0x86,
  0x12,0x20,0xba,0x80,0x84,0x43,0x3b,0xc0,0xb3,0x08,0x3d,0xaf,0xa0,0xb0,0x30,0x3c,0x08,0x43,0x24,0x30,0x0c,0xb8,0x08,0x58,0x7b,0x89,0xaa,0xb0,0x48,0x3b,0xc0,0xb8,
  0x84,0x80,0x50,0x03,0x84,0x80,0x80,0xf0,0xb3,0x08,0x8f,0xaa,0xa2,0x86,0x22,0x2a,0x80,0x80,0x08,0x08,0xf0,0xb8,0xc0,0x48,0x08,0x0c,0xc3,0x33,0x40,0x08,0x80,0x85,
  0x34,0x8b,0x80,0xe0,0x80,0xac,0xac,0xb8,0x80,0x44,0x3b,0x80,0x17,0x08,0x38,0x3b,0x0c,0x08,0x08,0x08,0xbf,0xf3,0x08,0x82,0x0a,0x02,0x08,0x44,0xb8,0x40,0x97,0x0a,
  0xa8,0x5a,0xa0,0x0a,0xe2,0x19,0x06,0x08,0x81,0xa9,0x5a,0xb3,0x8a,0x95,0x1e,0x91,0x81,0x01,0x1c,0x80,0x02,0xf3,0x10,0xad,0x18,0x93,0x1c,0x24,0x2b,0x51,0x81,0xc2,
  0x1b,0x89,0x20,0x80,0x3b,0x97,0x1e,0x08,0xab,0x02,0xaf,0x12,0x31,0x93,0x1d,0x70,0x0a,0x1a,0x1b,0x2b,0x01,0x84,0x10,0x80,0x80,0xb4,0x80,0xfb,0x7a,0x91,0x1a,0x80,
  0x0b,0x28,0xb0,0xb3,0xc8,0x0b,0xc8,0x03,0xd7,0x7c,0x84,0x89,0x01,0xa9,0x01,0xc0,0x90,0x92,0x19,0x28,0x08,0xfb,0x5f,0x03,0xa9,0x93,0xd8,0x10,0x90,0x80,0x92,0x18,
  0x2a,0xba,0xf8,0x1f,0x07,0xa8,0x82,0xb1,0x10,0x81,0x09,0x28,0x0c,0x19,0x0b,0x98,0xef,0x27,0xa8,0x00,0xa0,0x18,0x08,0x2b,0x10,0x0a,0x01,0x88,0x91,0xff,0x17,0xa8,
  0x18,0x98,0x29,0x10,0x0a,0x01,0xa8,0xa2,0xc1,0xa1,0xff,0x25,0x90,0x2a,0x88,0x2b,0x10,0x89,0x81,0xb8,0xa1,0x93,0x10,0xff,0x71,0x81,0x2c,0x88,0x0a,0x01,0xa8,0x01,
  0x90,0x00,0x81,0x39,0xfb,0x7e,0x82,0x0a,0x80,0x9a,0x02,0xa0,0x01,0x98,0x18,0x01,0x2a,0xf8,0x7f,0x81,0x0a,0x80,0x99,0x01,0xa1,0x11,0x90,0x29,0x80,0x89,0xff,0x07,
  0x98,0x00,0xa8,0x10,0x08,0x18,0x08,0x0a,0x88,0xf1,0x7d,0x01,0x1a,0x88,0x99,0x81,0x80,0x01,0x88,0x80,0x80,0xff,0x15,0xa0,0x10,0x99,0x19,0x08,0x19,0x81,0x00,0x80,
  0xe0,0x2f,0x14,0x09,0xa1,0xa9,0x82,0x89,0x01,0x08,0x08,0x99,0xfb,0x7f,0x80,0x08,0x80,0x89,0x80,0x18,0x01,0x18,0x08,0x98,0xdf,0x15,0x90,0x01,0x99,0x88,0x89,0x00,
  0x01,0x10,0x08,0xe9,0x2f,0x03,0x38,0x90,0x9b,0xb0,0x99,0x19,0x10,0x12,0x04,0x08,0xff,0x13,0x01,0x04,0x98,0x80,0xaa,0x88,0xa9,0x12,0x2a,0xb0,0x00,0x3c,0x8b,0xbc,
  0x0c,0x33,0x4b,0x48,0xb4,0x33,0x40,0x3c,0x08,0x80,0x08,0x80,0x3f,0xb8,0x08,0x08,0xaf,0xbb,0x03,0x08,0x78,0x02,0x03,0xc3,0x40,0x0c,0xb8,0xf0,0xa1,0x22,0x80,0x30,
  0x04,0x0c,0x0c,0x83,0x84,0x80,0x0c,0x0c,0x83,0x80,0xd0,0x0c,0x0c,0x83,0x84,0x03,0x0c,0x8c,0x00,0x48,0x8b,0x35,0x08,0x48,0x40,0x8b,0x80,0x80,0x3e,0x8b,0xd0,0x08,
  0x08,0x3d,0x1f,0xa9,0xa8,0x83,0x43,0x38,0xb4,0x03,0x40,0x0c,0xcb,0x83,0x84,0x0b,0x08,0x08,0x36,0x40,0x08,0xc8,0xc3,0x80,0x8f,0x0a,0x82,0x80,0xc0,0x8b,0xd0,0x03,
  0x07,0x21,0x8a,0x03,0xc8,0x80,0x8f,0x20,0x08,0x02,0x08,0x8c,0xcb,0xc3,0x80,0x40,0x48,0x83,0x80,0x80,0x60,0xb3,0x03,0x80,0x8e,0xcb,0x8b,0x80,0x3d,0x00,0xd8,0x80,
  0x40,0x08,0x04,0xb4,0x03,0x58,0x3b,0xd0,0xb3,0x80,0x08,0xcd,0xf0,0x28,0x28,0x80,0xb0,0x06,0xb2,0x23,0x80,0xb4,0xb3,0x8c,0x8b,0x80,0x86,0x03,0x3c,0x8b,0xf0,0xa9,
  0x3b,0x3b,0x80,0x05,0x43,0x3b,0x40,0xb4,0xb3,0x08,0x8d,0xcb,0x08,0x84,0x4b,0x8b,0x84,0x04,0x48,0x0f,0x7a,0xd1,0x08,0x02,0xac,0x13,0xd0,0x21,0x94,0x0a,0x3a,0x11,
  0x99,0x2f,0x81,0xac,0x41,0xc2,0x28,0x18,0xca,0x4a,0xd0,0x81,0xa4,0x08,0x21,0x7b,0x08,0x90,0x82,0xb0,0x28,0x9b,0x5c,0x51,0x98,0x00,0xbb,0xa1,0xf0,0x0a,0x05,0x09,
  0x13,0xfa,0x00,0x01,0x5a,0x98,0x1a,0x12,0x11,0x1b,0xeb,0x98,0x53,0x4d,0x88,0x08,0x92,0x98,0x18,0x99,0x80,0xa2,0x0b,0xfb,0x7b,0x03,0x1b,0x28,0x8a,0x10,0xa2,0x80,
  0xfb,0x70,0x82,0x8d,0x20,0x8a,0x29,0x91,0x39,0xf9,0x60,0x92,0x0b,0x20,0x8c,0x20,0x90,0x19,0xfa,0x7b,0x85,0x0b,0x10,0x9a,0x28,0x90,0x09,0xf8,0x69,0x83,0x0c,0x28,
  0x9b,0x20,0x81,0x18,0xf0,0x79,0x02,0x0c,0x10,0x9a,0x29,0x88,0x1a,0xf9,0x48,0x04,0x8a,0x20,0x8b,0x39,0x80,0x1a,0xc0,0x1f,0x16,0xa8,0x00,0xa9,0x89,0x82,0x90,0x13,
  0xf0,0x5b,0x04,0x1a,0x00,0xab,0x19,0x08,0x28,0x11,0xb1,0xf8,0x6c,0x02,0x09,0x91,0xaa,0x08,0x8a,0x28,0x81,0x80,0xfa,0x0f,0x15,0x18,0x20,0x8a,0x09,0xa0,0x19,0x08,
  0x28,0xb2,0xff,0x30,0x91,0x02,0xa3,0xb8,0x08,0xc8,0x80,0xa0,0x80,0x8f,0x14,0x08,0x83,0x19,0x3a,0xb8,0x03,0x78,0xb8,0x83,0xb3,0x97,0x9a,0x3b,0xa2,0xc8,0x0b,0x80,
  0xcc,0x96,0x08,0xb2,0x30,0xb7,0xb8,0x82,0x3d,0x42,0x08,0x38,0x6b,0x28,0x98,0xa4,0xd9,0xa9,0xc2,0x03,0xa2,0x7b,0x19,0x2d,0x29,0x19,0x2d,0xba,0x12,0xa2,0x22,0xa7,
  0x90,0x91,0x58,0x2a,0x9a,0x08,0x02,0x48,0x8b,0x80,0xb5,0x08,0x8c,0xf0,0xa8,0x80,0x3b,0x70,0x82,0x82,0x20,0x80,0x80,0x00,0x88,0x00,0xcf,0xf8,0x91,0x82,0x0a,0x08,
  0x88,0x44,0x38,0x8b,0xb4,0x84,0x43,0x0b,0x0c,0x08,0x48,0x40,0x3b,0x0c,0xbc,0x0b,0x48,0xcb,0xb8,0x84,0x34,0x48,0x08,0x08,0x08,0x3e,0x8b,0x80,0xe0,0x0b,0x3c,0x03,
  0x84,0x40,0x08,0x08,0x80,0x08,0x80,0x3f,0xc8,0xb4,0x88,0x80,0xe0,0xf8,0x08,0x10,0x30,0x08,0xc3,0x03,0x58,0x08,0x03,0x97,0x32,0x0b,0xc8,0xb0,0xc8,0xcb,0x0b,0x0c,
  0x08,0x08,0x75,0x08,0x01,0x0a,0x88,0x4b,0x83,0x84,0x30,0x8b,0x08,0xf0,0x08,0x3c,0x8b,0xc0,0xc3,0x80,0x80,0x80,0x80,0x80,0x70,0x5b,0x08,0xf8,0x2b,0x23,0x80,0x07,
  0xc1,0x49,0x08,0x0a,0x04,0xaa,0x0f,0x80,0xa2,0x89,0x38,0xbb,0x54,0x84,0x82,0x0a,0x8a,0x80,0x84,0x80,0x80,0xd0,0xc3,0xc0,0x80,0x8b,0xb4,0xb4,0x8c,0x8e,0x19,0x23,
  0x17,0x19,0x08,0xa2,0x02,0x8b,0x34,0xc0,0x48,0xf3,0x8d,0x18,0x91,0xa1,0xa9,0x38,0x63,0x80,0x80,0xba,0x7b,0x21,0x80,0x32,0x0b,0xc8,0xb3,0xc8,0x0c,0x08,0xbc,0xbc,
  0x03,0x78,0x81,0xb0,0x80,0x1f,0x26,0xb1,0x91,0x01,0x2a,0x80,0xb3,0x08,0x08,0x8d,0xd0,0xb3,0x08,0xfd,0x2f,0x13,0x8a,0x20,0xb8,0x11,0x02,0x28,0x83,0x80,0x00,0x88,
  0x0e,0xaf,0xfd,0x43,0x80,0x29,0x80,0x9a,0x91,0x9b,0x39,0x80,0x20,0x03,0x3c,0x48,0xf0,0x0f,0x16,0x98,0x01,0xc1,0x88,0x90,0x98,0x92,0x91,0x28,0x2a,0x9d,0x98,0xf8,
  0x5d,0x13,0x19,0x12,0x9a,0x1a,0x9b,0x19,0x02,0x82,0x03,0xc8,0x80,0xd0,0xff,0x41,0xb2,0x90,0xa1,0x99,0x11,0x08,0x71,0x19,0x29,0xb0,0xa0,0x08,0xf8,0x1f,0x25,0x89,
  0x11,0xb8,0x90,0xb8,0x98,0xb3,0xa2,0x82,0x30,0x1f,0x80,0xfc,0x59,0x13,0x3a,0x01,0xcb,0x98,0x8a,0x00,0x81,0x02,0x15,0x49,0x08,0x01,0x20,0xc0,0xb0,0xc3,0xf0,0xc9,
  0x99,0xa0,0x04,0x21,0x68,0x89,0x10,0x0a,0x8a,0x0b,0x0c,0x87,0x10,0x02,0x02,0x02,0x08,0x08,0x08,0x0f,0xf8,0x01,0x2a,0x8a,0xb8,0x80,0xd0,0x8b,0xf0,0x81,0x20,0x7b,
  0x41,0x81,0x12,0x2a,0x20,0x0e,0xa8,0xa0,0x1e,0x80,0x80,0xa2,0x08,0x80,0x08,0xf0,0xb3,0x8b,0x8f,0x08,0x32,0x38,0x70,0x00,0x82,0x83,0x4b,0x08,0xc8,0x80,0x80,0x0d,
  0x08,0xd8,0x80,0x0c,0x08,0x88,0xe0,0x48,0x0b,0xbc,0xb3,0x07,0x04,0x21,0x80,0xb3,0xb8,0x8c,0x3b,0x85,0x00,0x8c,0x40,0x83,0xb4,0xc0,0x3c,0x08,0x08,0xf4,0x0a,0x2a,
  0x83,0x83,0x80,0x80,0xcd,0xca,0x80,0x80,0x70,0xa3,0x32,0x38,0x70,0xa9,0xb0,0xb0,0x48,0x30,0x08,0xd8,0x03,0x8c,0x00,0xd8,0x80,0x3c,0xaf,0x89,0x02,0x80,0x43,0x08,
  0xc8,0x07,0x11,0x20,0x80,0xc0,0xb0,0x48,0x0b,0xbc,0x03,0x84,0x40,0x8b,0xbc,0xb8,0x58,0x3b,0x80,0x05,0x43,0x30,0xd0,0xf0,0x08,0x28,0x20,0x80,0x80,0x08,0x0d,0x8c,
  0xb4,0xf0,0x89,0x1b,0x32,0x02,0x83,0x40,0x4b,0x08,0x08,0x08,0x88,0x80,0xf0,0x9f,0x38,0x02,0xc3,0x83,0x80,0x50,0xcb,0xbb,0x80,0x40,0x4c,0x08,0x33,0x34,0x40,0x08,
  0xd0,0xbb,0x80,0x58,0xc0,0xb3,0x08,0x0d,0x8b,0xf4,0xa9,0x29,0x28,0x33,0x43,0x38,0x80,0x00,0xc5,0x80,0x80,0x8c,0xc0,0x08,0x08,0x3e,0x8b,0xb4,0xb4,0x48,0x3b,0xc0,
  0xf3,0x0a,0x2a,0x80,0x83,0x34,0x73,0x10,0xa0,0xa8,0x83,0x40,0x0c,0xb8,0xb4,0x3b,0x0c,0xec,0xa9,0x10,0x30,0x38,0x80,0x85,0x30,0x8f,0xaa,0x80,0x33,0x34,0x03,0x03,
  0xd8,0x0c,0x3b,0x80,0xb5,0xc8,0x30,0x00,0x88,0x87,0x0b,0x0c,0x08,0x84,0x80,0x50,0x8b,0xf0,0xc9,0x08,0x2a,0x80,0x03,0x27,0x22,0x08,0x08,0xb4,0x08,0x8c,0xc0,0xfb,
  0xa8,0x29,0x68,0x89,0x80,0x22,0x60,0x80,0x82,0x80,0xca,0x8a,0x8b,0xc0,0x03,0x58,0x03,0x84,0x84,0x00,0x8c,0xc0,0xc3,0xb0,0x88,0x4c,0xb8,0xf0,0x8a,0x8a,0xb3,0x17,
  0x32,0x40,0x19,0xa2,0xb3,0x48,0x0b,0xc8,0xc0,0xf0,0x89,0x10,0x80,0x83,0x00,0x88,0x00,0x88,0x00,0x9f,0x8f,0xa8,0x02,0x43,0x72,0x10,0xa0,0x08,0x3b,0x08,0xb4,0xc8,
  0x30,0x80,0x0d,0x03,0xc8,0x8f,0xa8,0x02,0x06,0x08,0x88,0x00,0x88,0xc0,0x08,0x0d,0xdc,0x91,0x28,0x33,0x03,0x84,0x84,0x80,0x80,0x80,0xf0,0xc0,0x1d,0x80,0xb0,0x80,
  0x80,0x50,0x08,0x34,0x84,0x30,0x80,0xb5,0xb4,0x08,0x8c,0x8b,0xd0,0xcb,0x0b,0xbc,0x24,0x33,0x84,0x30,0x00,0x88,0x00,0xf8,0xbc,0xc0,0x33,0x24,0x40,0x08,0x08,0x08,
  0x08,0x8f,0x00,0xc8,0x08,0x3d,0xb8,0xb4,0x08,0x08,0xcf,0x01,0x32,0x33,0x0c,0x0c,0x83,0x84,0x4b,0x3b,0x80,0x97,0x20,0x20,0x0b,0xc8,0x03,0x8c,0x0c,0xc8,0xc0,0x80,
  0x80,0x8c,0xf4,0x89,0x89,0x20,0x86,0x82,0x24,0x2a,0x82,0xb3,0xb8,0x3c,0x80,0xb5,0xb3,0x88,0x4c,0x0c,0xb8,0xc0,0x08,0xbc,0xbc,0x43,0x33,0x80,0x8c,0xd0,0x03,0x43,
  0x43,0x08,0x53,0x08,0x48,0x8b,0xc0,0xb8,0x08,0x0d,0x8c,0xf0,0x9a,0x8a,0x3a,0x08,0x43,0x54,0x42,0x08,0xb4,0xa8,0x3a,0x38,0x08,0x08,0x0d,0x08,0xbd,0xfb,0x28,0x08,
  0xba,0x08,0x07,0x23,0x80,0x8a,0xc0,0x30,0x43,0x30,0x80,0xb5,0x80,0x8c,0x0c,0xc8,0x80,0x3c,0x8b,0x80,0x80,0xf0,0xcb,0x08,0x84,0x03,0x74,0x19,0x28,0x80,0x30,0x08,
  0x08,0xbd,0x0c,0x48,0x8b,0x80,0xb5,0xb8,0x3c,0x84,0x80,0x04,0x08,0x08,0x05,0xc8,0xc3,0x30,0xaf,0xaa,0x02,0x33,0x08,0x04,0xc8,0x03,0x3c,0x0c,0xc3,0xb4,0x80,0x80,
  0xbf,0xb0,0x30,0x33,0x80,0xb5,0x84,0x03,0x70,0x00,0xa2,0xb8,0x08,0x0d,0x83,0xc0,0x03,0x08,0x0e,0x08,0xbc,0x8f,0x58,0x08,0x01,0x08,0x08,0x08,0xc8,0x03,0x8c,0x40,
  0xb8,0x84,0x80,0x50,0x8b,0xb4,0xc3,0x30,0x4c,0xb8,0x80,0x80,0xbd,0x8b,0x44,0x08,0x3c,0x80,0x40,0x84,0x43,0x3b,0x40,0xb3,0x88,0x9f,0x0d,0xa8,0x02,0x0b,0x43,0x8b,
  0xb4,0xb3,0x08,0xbd,0xbc,0x80,0x74,0x28,0x01,0x02,0x88,0xbb,0x3c,0x30,0xb5,0x00,0x02,0xf0,0xff,0x8f,0x3f,0xc0,0x08,0x80,0xcc,0x80,0xd0,0x83,0x4b,0x3b,0x8b,0x80,
  0x3d,0x40,0x40,0x83,0x80,0x80,0x80,0x00,0x88,0x27,0x0e,0x0c,0x08,0xc3,0x30,0x4b,0xc8,0x80,0x80,0x80,0x00,0xcf,0x80,0x0b,0x74,0x08,0x01,0x22,0x8a,0x30,0xf0,0xa9,
  0x80,0x4b,0x02,0xb8,0x34,0x3c,0x4b,0x08,0xbc,0xc0,0x0b,0x08,0x07,0x83,0x08,0xcb,0xbb,0x84,0x30,0x70,0x81,0x80,0x83,0x8b,0x80,0x86,0x80,0x80,0x80,0xf0,0x80,0x80,
  0x80,0x0e,0xb8,0x08,0x08,0xf8,0x0b,0x8f,0x80,0x20,0x72,0x08,0x93,0x78,0x00,0x09,0x83,0x04,0x9a,0x88,0xff,0x29,0x23,0x9b,0x0a,0xc1,0xdb,0x3d,0x44,0x92,0x88,0x01,
  0xbb,0xbd,0x35,0x04,0x89,0x89,0xd0,0xea,0x30,0x24,0x90,0x98,0xa0,0xbc,0x0f,0x53,0x82,0x98,0x0a,0xca,0xeb,0x52,0x23,0x89,0x89,0xc0,0xca,0x5b,0x53,0x91,0x98,0x88,
  0x9c,0x0e,0x42,0x03,0x99,0x09,0xca,0xfa,0x21,0x43,0x98,0x88,0xa0,0xac,0x2d,0x34,0x92,0x88,0x89,0xbb,0x9e,0x35,0x04,0x8a,0x8a,0xb9,0xd9,0x70,0x13,0xb8,0x98,0x98,
  0x1a,0x3e,0x25,0xa0,0x9a,0x88,0x88,0xf0,0x34,0x81,0x9c,0x08,0x80,0xa8,0x6e,0x01,0xb0,0x88,0x10,0x19,0x8e,0x15,0x90,0x0a,0x08,0x80,0xf8,0x41,0x01,0xab,0x00,0x01,
  0xa9,0x4f,0x02,0xc0,0x88,0x11,0x88,0xbd,0x17,0x81,0x0c,0x00,0x91,0xf8,0x40,0x00,0xb9,0x01,0x11,0x8a,0x2f,0x03,0xb0,0x0a,0x11,0xa0,0xfa,0x25,0x88,0x0c,0x10,0x80,
  0xb9,0x7b,0x83,0xd8,0x10,0x00,0x98,0x1d,0x06,0x98,0x2b,0x81,0x90,0xe9,0x43,0x08,0xab,0x02,0x10,0xaa,0x5f,0x82,0xc8,0x28,0x18,0x98,0x9b,0x27,0x88,0x0d,0x81,0x01,
  0xca,0x52,0x80,0xc9,0x11,0x28,0xa9,0xf2,0x33,0x1a,0x9e,0x83,0x28,0x8a,0x9a,0x27,0x0a,0x0d,0x92,0x93,0x2a,0x3f,0x92,0xb0,0x4a,0x88,0xa2,0xb0,0x7a,0x92,0xe0,0x11,
  0x29,0x89,0xe0,0x33,0x1a,0x8d,0x92,0x11,0x2a,0xac,0x07,0x88,0x2c,0x90,0xa3,0x10,0x3f,0x91,0xd1,0x10,0x19,0x90,0xc2,0x79,0x08,0xb9,0xa3,0x40,0x2b,0xf8,0x13,0x08,
  0x1d,0x90,0x92,0x20,0x0e,0x84,0xa0,0x3a,0x1b,0xb3,0xa4,0x4e,0x81,0xc8,0x01,0x29,0x08,0xd1,0x68,0x08,0xb9,0x92,0x30,0x1a,0xf8,0x33,0x0a,0x0e,0x91,0x02,0x19,0x9c,
  0x07,0x89,0x1a,0x90,0x93,0x00,0x3f,0xb3,0xd1,0x28,0x29,0x90,0xd1,0x79,0x90,0xb0,0x10,0x28,0x88,0xf0,0x42,0x0a,0x9a,0x81,0x12,0x1a,0x9e,0x07,0x09,0x8a,0x01,0x81,
  0x08,0x2f,0xa5,0x90,0x1a,0x10,0x90,0xf9,0x25,0x0b,0xa9,0x02,0x01,0xd9,0x79,0xa1,0x90,0x29,0x00,0x88,0x1f,0x96,0x09,0x8a,0x02,0x08,0xf9,0x43,0x8a,0xa8,0x11,0x90,
  0xb1,0x7e,0xb1,0x80,0x2a,0x81,0x08,0xad,0x27,0x0b,0xa8,0x22,0x8a,0xf2,0x60,0xb8,0x81,0x2a,0xc2,0x20,0x2f,0xa4,0x1a,0xa8,0x04,0x1b,0xe0,0x43,0xaa,0x92,0x39,0xc0,
  0x91,0x7c,0xc2,0x18,0x89,0x93,0x2a,0x0e,0x16,0x0d,0x90,0x30,0x8a,0xf0,0x52,0xb9,0x00,0x19,0xa2,0x98,0x4f,0x93,0x0b,0x80,0x01,0x89,0xbc,0x47,0xaa,0x80,0x10,0x90,
  0xe0,0x70,0xc1,0x08,0x08,0x81,0x09,0x2f,0x85,0x8c,0x00,0x00,0x90,0xe9,0x44,0xb9,0x08,0x00,0x81,0xd8,0x7a,0xa3,0x0b,0x18,0x01,0x88,0xf9,0x71,0xc0,0x09,0x10,0x00,
  0x89,0xbc,0x47,0xaa,0x88,0x12,0x88,0x99,0x2f,0x06,0xab,0x18,0x02,0x98,0xc9,0x7b,0x95,0x9b,0x20,0x82,0xa9,0xea,0x73,0xa0,0x9b,0x41,0x91,0xa9,0xab,0x57,0xb9,0x8a,
  0x43,0x90,0xba,0x4b,0x17,0xba,0x1a,0x24,0xa8,0xcb,0x78,0x83,0xcb,0x28,0x14,0xa9,0xbb,0x71,0x93,0xac,0x38,0x14,0xb9,0x8c,0x73,0xa8,0x9c,0x40,0x83,0xba,0x0b,0x37,
  0xc8,0x8a,0x41,0x92,0xcb,0x38,0x87,0xca,0x19,0x33,0xb0,0xad,0x70,0x82,0xad,0x20,0x23,0xc9,0x8c,0x73,0xa8,0x8c,0x21,0x02,0xda,0x0a,0x27,0xd8,0x09,0x21,0x82,0xcc,
  0x39,0x07,0xcb,0x10,0x11,0x91,0xcc,0x60,0x82,0x9d,0x20,0x11,0xa0,0x9e,0x71,0xa0,0x8c,0x12,0x10,0xc0,0x0d,0x34,0xd8,0x1a,0x02,0x11,0xe8,0x0a,0x17,0xe9,0x38,0x00,
  0x20,0xfa,0x39,0x05,0xad,0x31,0x08,0x11,0xbe,0x70,0x81,0x8e,0x12,0x88,0x02,0xaf,0x53,0xc0,0x1b,0x03,0x1a,0xa2,0x8f,0x25,0xe8,0x29,0x93,0x19,0xd1,0x2b,0x17,0xda,
  0x30,0x90,0x18,0xf0,0x48,0x83,0xbc,0x32,0xa8,0x20,0xea,0x60,0x91,0x8d,0x22,0x99,0x20,0xeb,0x70,0x91,0x9d,0x23,0x99,0x20,0xfa,0x40,0x82,0x9d,0x22,0x98,0x28,0xf8,
  0x49,0x03,0xad,0x31,0xa0,0x18,0xe1,0x3a,0x06,0xca,0x38,0x80,0x09,0xa1,0x1c,0x26,0xc9,0x29,0x01,0x0a,0x80,0x8c,0x26,0xb8,0x1b,0x13,0x9a,0x81,0x9c,0x64,0xa0,0x0c,
  0x12,0x99,0x00,0xb8,0x69,0x84,0xbb,0x40,0x80,0x09,0x00,0xbb,0x72,0x93,0xac,0x21,0x80,0x19,0x88,0x9d,0x72,0x91,0xaa,0x11,0x80,0x80,0xa0,0x8d,0x54,0x91,0x9c,0x11,
  0x80,0x00,0xa8,0x0d,0x63,0x90,0x9b,0x01,0x80,0x01,0xc8,0x0b,0x37,0xa0,0x8b,0x80,0x00,0x11,0xd9,0x2b,0x27,0xa0,0x8a,0x80,0x08,0x11,0xe9,0x2a,0x15,0xb1,0x89,0x90,
  0x00,0x12,0xb9,0x8d,0x35,0x80,0x9a,0x89,0x08,0x83,0xa9,0x09,0x19,0x82,0x32,0x38,0x08,0x08,0x08,0x08,0x08,0x80,0xff,0xb0,0x80,0x70,0x10,0x80,0x83,0x0b,0x0c,0x0c,
  0x83,0x84,0x30,0x0c,0xbc,0x80,0x34,0x4b,0xcb,0xc0,0x80,0x70,0x82,0x80,0x02,0x3b,0x8b,0x80,0xf8,0x0a,0x0c,0x48,0x02,0x83,0x80,0x50,0x8b,0xb5,0xb8,0x8c,0x8b,0x85,
  0x03,0x40,0x3c,0x8b,0x00,0xc4,0x0b,0x3c,0x48,0x03,0x80,0x80,0x08,0xb7,0x80,0xcc,0x3b,0x80,0x87,0x88,0x8a,0x00,0xc3,0x80,0x80,0x60,0x83,0x04,0x03,0x08,0xcd,0x80,
  0xc0,0x48,0x3b,0xcb,0xb8,0x48,0x8b,0x85,0x03,0x80,0x80,0x08,0x07,0x97,0x01,0x08,0x9e,0x08,0x08,0x2a,0x80,0xc0,0xb8,0x58,0x48,0xb2,0x84,0x80,0x80,0x3c,0xd0,0xbb,
  0x40,0x08,0x08,0x85,0x84,0x80,0x40,0x8b,0xb5,0x08,0x08,0x8d,0xb4,0x80,0xd0,0x0b,0xbc,0x24,0x03,0x08,0x08,0x05,0x03,0x35,0x4b,0xb8,0xc8,0x03,0x58,0x8b,0x80,0xd0,
  0x08,0x08,0xe8,0xf0,0x08,0x4a,0x19,0xa2,0xb3,0x8b,0x0c,0x48,0x43,0x83,0x80,0x8c,0x80,0x80,0x60,0x4b,0x08,0x84,0x80,0x8c,0x40,0xc0,0xc3,0x30,0x3c,0x0b,0xc8,0xc8,
  0xcb,0x4b,0xb8,0x24,0x33,0x40,0x08,0x84,0xc0,0x03,0x8c,0xcb,0x08,0x84,0x4b,0x48,0xb8,0x84,0x80,0x80,0x80,0x80,0x80,0xdf,0x8a,0x80,0xb4,0x43,0x30,0x80,0xb5,0x08,
  0x40,0xbc,0xf0,0x81,0x02,0x0b,0x08,0x08,0x35,0x3c,0x30,0x80,0xb5,0x48,0x0b,0xc8,0xc3,0x80,0xbc,0x8f,0xa0,0x82,0x03,0x48,0x83,0xb4,0x08,0x58,0x38,0xb4,0xc0,0x80,
  0x3b,0x80,0xe0,0x03,0x58,0x8b,0xc0,0x8b,0x40,0x8b,0x8c,0xb4,0x08,0x7d,0x31,0x28,0x08,0xa8,0x8b,0x8b,0xd0,0x08,0x07,0x22,0xb0,0xe8,0x08,0x8a,0xba,0x48,0x33,0x48,
  0x80,0xd0,0xb0,0xc8,0xdf,0x31,0x43,0x12,0x98,0x89,0x9a,0xe8,0x8c,0x51,0x22,0x02,0xd8,0x9a,0x0b,0xe9,0x9a,0x44,0x32,0x12,0xc9,0x9a,0x9b,0xa9,0x3c,0x27,0x03,0x80,
  0x8a,0xc9,0x01,0xca,0x39,0x52,0x05,0x90,0x9b,0xab,0xbc,0xec,0x38,0x54,0x11,0xa1,0xb8,0x9a,0x88,0xbd,0x62,0x53,0x01,0x98,0xbb,0x89,0x98,0x9d,0x52,0x14,0x02,0x9a,
  0xbc,0xa8,0xb8,0x9f,0x41,0x33,0x03,0x89,0x9c,0xab,0xe9,0x1b,0x46,0x33,0x90,0xa9,0xba,0xab,0xfa,0x2a,0x45,0x22,0x90,0xaa,0xbb,0xab,0xaf,0x52,0x24,0x03,0xa9,0xbb,
  0xac,0xd9,0x3a,0x45,0x22,0x00,0xa9,0xbb,0xbc,0xcc,0x43,0x25,0x12,0x98,0xba,0xca,0xcb,0x4b,0x53,0x23,0x01,0xaa,0xad,0xcb,0xab,0x34,0x45,0x11,0x80,0xba,0xac,0xda,
  0x29,0x34,0x34,0x01,0xb0,0xbc,0xbc,0xac,0x42,0x34,0x22,0x81,0xdb,0xcb,0xba,0x29,0x45,0x33,0x01,0xc8,0xcb,0xab,0x9b,0x73,0x43,0x11,0x98,0xca,0xbb,0xb9,0x50,0x35,
  0x12,0x81,0xda,0xab,0x9b,0x0b,0x46,0x23,0x01,0xb9,0xad,0xab,0xa8,0x62,0x25,0x11,0x98,0xcb,0xab,0x0a,0x3a,0x47,0x12,0x91,0xb9,0xad,0x9a,0x98,0x71,0x14,0x01,0x98,
  0xcb,0xaa,0x08,0x19,0x57,0x01,0x90,0xaa,0xbb,0x09,0x82,0x73,0x05,0x88,0xaa,0xba,0x19,0x01,0x71,0x04,0x88,0x9b,0xaa,0x18,0xc1,0x55,0x10,0xa8,0xa9,0xaa,0x00,0x0b,
  0x67,0x10,0x9a,0xa9,0x99,0x18,0x7b,0x32,0x81,0x9b,0xcb,0x99,0xb1,0x71,0x25,0x90,0x99,0xab,0x9a,0xd0,0x35,0x14,0x90,0xb9,0xba,0x8b,0x0f,0x34,0x15,0x88,0xa9,0xca,
  0xa9,0x4c,0x61,0x01,0x80,0x99,0x9b,0xdb,0x30,0x73,0x01,0x88,0xa9,0xab,0xca,0x14,0x16,0x01,0x99,0xba,0xaa,0x1d,0x52,0x14,0x90,0xa8,0xab,0x9b,0x6b,0x72,0x01,0x98,
  0xa9,0xb9,0xb8,0x51,0x44,0x00,0x9a,0xba,0xaa,0xb8,0x27,0x06,0x80,0x8a,0x9b,0x0a,0x2a,0x55,0x03,0xb8,0xba,0xaa,0x1a,0x7b,0x73,0x80,0xa8,0xb9,0x98,0xa0,0x53,0x34,
  0x08,0x8e,0x8a,0x89,0x90,0x07,0x04,0x98,0x8a,0x8b,0x1a,0x4a,0x34,0x94,0xd0,0xa8,0x99,0x08,0x7a,0x51,0x88,0xa8,0xb8,0xb0,0xa1,0x25,0x34,0x09,0x0e,0x8a,0x0a,0xa0,
  0x07,0x84,0x88,0x8a,0x8a,0x0b,0x5a,0x42,0x82,0xd0,0xb0,0xa8,0x88,0x7a,0x61,0x08,0x99,0xa8,0xa8,0xb0,0x15,0x24,0x08,0x0c,0x8b,0x8b,0xb8,0x17,0x86,0x90,0x88,0x9a,
  0x0a,0x4b,0x51,0x02,0xb0,0xc0,0xc8,0x88,0x6a,0x60,0x08,0x98,0x98,0xa9,0xb0,0x14,0x24,0x10,0x0c,0x8b,0x9c,0xb8,0x07,0x85,0x80,0x88,0x8a,0x8b,0x4b,0x51,0x82,0xc2,
  0xb1,0xb8,0x99,0x5c,0x70,0x08,0x90,0xa0,0xb8,0xc0,0x02,0x34,0x28,0x1b,0x8b,0x9d,0xc9,0x85,0x86,0x81,0x08,0x99,0x8b,0x2c,0x58,0x02,0xa1,0xb2,0xd0,0x99,0x3d,0x78,
  0x18,0x08,0xa0,0xb8,0xd8,0x82,0x14,0x11,0x2a,0x0a,0x8e,0xba,0x94,0x07,0x81,0x08,0x89,0x9b,0x2d,0x59,0x01,0xa2,0xa2,0xd0,0xa8,0x3c,0x79,0x10,0x08,0x98,0xb8,0xd9,
  0x92,0x15,0x01,0x18,0x1a,0x8d,0xbb,0x94,0x87,0x01,0x80,0x98,0xaa,0x2d,0x59,0x10,0x81,0x91,0xd0,0xa8,0x3c,0x7a,0x10,0x08,0x90,0xb8,0xd9,0x91,0x15,0x01,0x18,0x09,
  0x8e,0xaa,0x93,0x07,0x81,0x00,0xa8,0xaa,0x2d,0x59,0x11,0x91,0xa1,0xd0,0xa9,0x4b,0x79,0x10,0x80,0x90,0xb9,0xd9,0x92,0x15,0x11,0x19,0x0a,0x8e,0xba,0x95,0x87,0x81,
  0x08,0x89,0x9a,0x3b,0x69,0x11,0x90,0xa1,0xf0,0x98,0x39,0x7a,0x10,0x08,0x98,0xa9,0xc9,0x93,0x16,0x01,0x2a,0x0b,0x8e,0xa9,0x94,0x87,0x81,0x08,0x99,0x8a,0x3b,0x79,
  0x01,0xa1,0xb2,0xd0,0xa8,0x49,0x79,0x18,0x08,0x98,0xb8,0xb9,0x94,0x16,0x10,0x1a,0x0a,0x8e,0x99,0x93,0x07,0x81,0x88,0x99,0x9a,0x3c,0x79,0x01,0xa1,0xa1,0xd0,0x98,
  0x39,0x79,0x10,0x08,0x98,0xba,0xb9,0x94,0x17,0x01,0x1a,0x0a,0x8e,0x99,0x93,0x07,0x81,0x90,0xa8,0x9a,0x3c,0x79,0x01,0xa1,0xb2,0xd0,0x98,0x4a,0x79,0x18,0x08,0x98,
  0xa9,0xb9,0x94,0x15,0x01,0x19,0x0b,0x8e,0x99,0x93,0x07,0x92,0x80,0x99,0x9b,0x3c,0x79,0x01,0xa1,0xb2,0xd0,0xa8,0x49,0x79,0x18,0x08,0x98,0xa9,0xb9,0x93,0x27,0x10,
  0x1a,0x0b,0x8d,0x9a,0x94,0x07,0x91,0x80,0x99,0x9a,0x3c,0x79,0x01,0x90,0xa1,0xd0,0x98,0x4a,0x79,0x18,0x88,0x88,0xa9,0xa9,0x93,0x17,0x01,0x2a,0x0b,0x8d,0xa9,0x94,
  0x87,0x81,0x90,0x98,0x9a,0x4b,0x79,0x10,0xa0,0xa1,0xc0,0x98,0x5a,0x69,0x18,0x88,0x98,0xa9,0xb8,0x95,0x05,0x01,0x19,0x8b,0x8d,0xa8,0x84,0x87,0x81,0x88,0x99,0x8a,
  0x4b,0x69,0x01,0x90,0xb1,0xd8,0x88,0x4a,0x78,0x18,0x88,0x98,0xa9,0xb8,0x94,0x16,0x00,0x19,0x0b,0x8d,0x99,0x94,0x87,0x81,0x88,0xa8,0x8a,0x4b,0x69,0x11,0xa0,0xb1,
  0xc8,0x98,0x5a,0x79,0x00,0x88,0x88,0xa9,0xb9,0x94,0x16,0x01,0x1a,0x8a,0x8d,0xa9,0x84,0x87,0x81,0x88,0xa8,0xa9,0x3a,0x79,0x21,0xa0,0xb1,0xc8,0x99,0x4a,0x78,0x11,
  0x89,0x98,0xa9,0xbb,0x84,0x17,0x01,0x09,0x8a,0x9d,0xa8,0x84,0x07,0x80,0x88,0x99,0x9a,0x4a,0x79,0x01,0xa0,0xa1,0xb8,0x9a,0x69,0x78,0x00,0x98,0x98,0x99,0x9a,0x84,
  0x16,0x00,0x1b,0x8b,0x9b,0xa8,0x07,0x05,0x80,0x9a,0xa8,0xa9,0x69,0x58,0x01,0xb8,0xb1,0xa9,0x0a,0x79,0x51,0x00,0xa9,0x89,0x9b,0x99,0x87,0x15,0x80,0x0b,0x9a,0xaa,
  0x90,0x17,0x04,0x90,0x9b,0xb8,0x99,0x79,0x68,0x81,0xb0,0xa0,0x99,0x0a,0x79,0x50,0x80,0x99,0x8a,0x89,0x89,0x85,0x16,0x90,0x0b,0x9a,0x99,0x90,0x07,0x05,0x88,0xaa,
  0x98,0x98,0x59,0x60,0x01,0xc8,0xb0,0x90,0x09,0x59,0x61,0x80,0xa9,0x89,0x8a,0x98,0x85,0x17,0x80,0x8b,0x8a,0x89,0x98,0x15,0x07,0x98,0xa9,0x98,0x88,0x49,0x70,0x01,
  0xb8,0xa9,0x88,0x89,0x69,0x61,0x80,0x99,0x8a,0x89,0x89,0x84,0x27,0x90,0x8b,0x8b,0x98,0x98,0x07,0x06,0x98,0xa9,0x98,0x88,0x49,0x70,0x01,0xb9,0xb0,0x90,0x88,0x7a,
  0x50,0x80,0x99,0x0b,0x89,0x98,0x84,0x27,0x90,0x8b,0x8b,0x98,0xa0,0x07,0x06,0x98,0xa9,0x98,0x90,0x48,0x78,0x01,0xb9,0xa8,0x90,0x88,0x7a,0x50,0x80,0x99,0x8a,0x89,
  0x99,0x85,0x17,0x80,0x8b,0x8a,0x89,0x98,0x15,0x07,0x88,0xaa,0x98,0x90,0x49,0x78,0x01,0xb8,0xa0,0x99,0x09,0x5a,0x71,0x81,0xa8,0x8a,0x89,0x9a,0x84,0x27,0x00,0x8b,
  0x9b,0x99,0x99,0x15,0x27,0x88,0xaa,0xb8,0xa8,0x49,0x78,0x22,0xb8,0xa8,0xaa,0x9a,0x6a,0x71,0x01,0xa8,0x89,0x8b,0x9a,0x93,0x47,0x01,0x0b,0x9b,0x9a,0xaa,0x15,0x27,
  0x80,0xaa,0xa8,0xb9,0x39,0x78,0x15,0x98,0xa9,0xa8,0xa9,0x5a,0x70,0x02,0xa8,0x99,0x8a,0xab,0x12,0x47,0x92,0xa9,0x8a,0x9a,0xba,0x25,0x27,0x80,0x8b,0x9a,0xb9,0x2a,
  0x72,0x15,0x98,0x9a,0xa9,0x99,0x4b,0x73,0x03,0xb9,0xa9,0x89,0xac,0x31,0x47,0x91,0xa9,0x89,0x9a,0xaa,0x34,0x37,0xa0,0x9a,0x9a,0xa9,0x2b,0x74,0x13,0xa8,0xab,0xb8,
  0xa9,0x6b,0x73,0x82,0xb8,0x99,0x99,0xaa,0x32,0x47,0x92,0xaa,0x8a,0x9a,0xba,0x35,0x27,0x90,0x8b,0x9a,0xb8,0x2a,0x74,0x13,0xa9,0x9b,0xa9,0x99,0x5b,0x73,0x02,0xb9,
  0xa9,0x98,0xab,0x43,0x37,0xa2,0xba,0x99,0x9a,0xd9,0x34,0x17,0x90,0x8b,0x8a,0xa9,0x3a,0x73,0x14,0xa9,0x9a,0xa9,0x98,0x5b,0x73,0x82,0xa9,0xa9,0x88,0xab,0x42,0x27,
  0x81,0xab,0x99,0x9a,0xc9,0x34,0x27,0xa0,0x9a,0x99,0xb8,0x2a,0x74,0x22,0xa9,0x9b,0xa9,0xa8,0x5b,0x73,0x83,0xb9,0xb8,0x98,0xab,0x52,0x27,0x91,0xb9,0x99,0x8a,0xba,
  0x35,0x27,0x90,0x9b,0x99,0xb8,0x1a,0x74,0x13,0x99,0x9b,0xa9,0xa9,0x3c,0x74,0x02,0xa9,0x99,0x99,0xbb,0x32,0x57,0x81,0xa9,0x89,0x8a,0xcb,0x23,0x37,0x91,0x9a,0x99,
  0xc9,0x0b,0x72,0x14,0x98,0x8a,0xa8,0xaa,0x2d,0x71,0x02,0x98,0x89,0x89,0xbc,0x10,0x27,0x82,0x99,0x88,0xaa,0xcc,0x12,0x27,0x80,0x89,0x89,0xc9,0x0b,0x78,0x32,0x98,
  0x89,0xa8,0xbb,0x2f,0x70,0x10,0x98,0x90,0x98,0xbb,0x00,0x27,0x82,0x98,0x88,0xab,0xeb,0x02,0x17,0x00,0x89,0x98,0xc9,0x0a,0x70,0x12,0x88,0x89,0xa9,0xba,0x3c,0x71,
  0x03,0x98,0x98,0xaa,0xad,0x11,0x27,0x01,0x99,0x99,0xab,0xca,0x23,0x47,0x80,0x99,0xb8,0xc9,0x29,0x70,0x22,0x98,0x99,0xaa,0xbb,0x6a,0x71,0x01,0x98,0x89,0xaa,0x9b,
  0x12,0x37,0x82,0x99,0xaa,0xbb,0xcb,0x15,0x27,0x80,0x99,0x99,0xca,0x19,0x70,0x13,0x98,0x98,0xaa,0xab,0x3d,0x71,0x12,0x98,0x89,0x9a,0xad,0x00,0x27,0x82,0x98,0x89,
  0xba,0xea,0x02,0x17,0x00,0x89,0x89,0xc9,0x0a,0x78,0x12,0x90,0x88,0x99,0xba,0x1e,0x70,0x01,0x90,0x88,0x98,0xbb,0x09,0x27,0x83,0x98,0x88,0xaa,0xec,0x01,0x16,0x00,
  0x09,0x98,0xc8,0x8b,0x78,0x21,0x08,0x09,0xa8,0xca,0x1d,0x70,0x00,0x80,0x08,0x99,0xab,0x09,0x26,0x02,0x80,0x88,0xbb,0xdd,0x01,0x06,0x01,0x08,0x98,0xc9,0x9b,0x50,
  0x32,0x00,0x00,0xb9,0xbd,0x1f,0x50,0x10,0x80,0x00,0x9a,0xbc,0x89,0x25,0x02,0x01,0x00,0xdb,0xfb,0x81,0x04,0x11,0x00,0xa0,0xc9,0x9c,0x48,0x32,0x10,0x08,0xa8,0xcd,
  0x1d,0x68,0x10,0x80,0x00,0x99,0xbc,0x89,0x35,0x02,0x80,0x90,0xda,0xeb,0x81,0x07,0x01,0x88,0x88,0xb9,0x8c,0x40,0x33,0x00,0x0a,0xba,0xbd,0x1e,0x70,0x11,0x88,0x98,
  0x99,0xbb,0x18,0x37,0x02,0xa8,0xb8,0xc9,0xda,0x12,0x17,0x92,0x98,0xa9,0xa9,0xb9,0x86,0x07,0x81,0xa8,0xa8,0xa8,0x98,0x13,0x27,0x92,0xd8,0xa8,0xa0,0x90,0x30,0x36,
  0x93,0xd9,0xb8,0x98,0x98,0x69,0x61,0x10,0xa9,0xa9,0x98,0x89,0x5c,0x78,0x10,0x89,0x8a,0x89,0x09,0x3b,0x78,0x32,0x89,0x0d,0x8a,0x89,0x8a,0x52,0x34,0x88,0x8c,0x8a,
  0xa9,0xc9,0x13,0x47,0x81,0x9a,0x99,0xb8,0xf0,0x82,0x06,0x82,0xa8,0xa8,0xb0,0xe0,0x81,0x15,0x83,0xb8,0xb0,0xa0,0xd8,0x09,0x35,0x04,0xb0,0xa8,0xa8,0xb9,0x2f,0x60,
  0x21,0x98,0x99,0x89,0x8b,0x1f,0x68,0x20,0x08,0x8a,0x0a,0x8a,0x1e,0x48,0x42,0x09,0x0a,0x8a,0x8a,0x9d,0x40,0x34,0x00,0x8b,0x9a,0xa9,0xfb,0x82,0x17,0x81,0x98,0x98,
  0xb8,0xf0,0x81,0x05,0x82,0xa0,0xa8,0xc1,0xc0,0xa1,0x16,0x83,0xb0,0xa0,0xa0,0xc9,0x0a,0x73,0x13,0xa8,0x89,0x0a,0x9c,0x2d,0x79,0x31,0x89,0x0a,0x1b,0x0c,0x2d,0x7a,
  0x20,0x09,0x0a,0x0a,0x89,0x1b,0x7a,0x32,0x88,0xaa,0xa8,0xc0,0xd0,0x82,0x17,0x92,0xb8,0xb0,0xc2,0xc1,0x91,0x17,0x92,0xb8,0xa0,0xa1,0xc0,0x91,0x27,0x92,0x99,0x0a,
  0x0a,0x9a,0x1a,0x66,0x01,0x99,0x0b,0x1a,0x1b,0x2f,0x68,0x11,0x99,0x0b,0x1a,0x09,0x2d,0x78,0x11,0x99,0x8a,0x19,0x1a,0x2e,0x68,0x10,0x98,0x8a,0x89,0x08,0x0a,0x78,
  0x32,0x89,0x9d,0x88,0x00,0xb9,0x32,0x37,0xa0,0xab,0x8a,0x00,0xf0,0x93,0x17,0x91,0x9a,0x8a,0x80,0xc0,0x93,0x17,0x92,0xb9,0x8a,0x08,0xa0,0x90,0x47,0x93,0xd8,0x99,
  0x00,0x00,0x1b,0x78,0x31,0x99,0x9c,0x09,0x00,0xb0,0x91,0x37,0x94,0xd8,0x99,0x00,0x00,0x0b,0x79,0x32,0x98,0x8d,0x0a,0x00,0x90,0x89,0x27,0x84,0xc8,0xa9,0x00,0x81,
  0x9a,0x78,0x42,0x98,0x9b,0x8b,0x20,0xb8,0x99,0x57,0x83,0xc8,0xa9,0x08,0x01,0x9b,0x60,0x24,0x91,0xac,0x8b,0x20,0xb0,0x8a,0x47,0x13,0xc8,0xab,0x88,0x01,0xf2,0xa0,
  0x07,0x93,0xc0,0xa8,0x00,0x81,0xe1,0x81,0x05,0x82,0xb9,0xb8,0x01,0x92,0xf1,0x80,0x16,0x92,0xba,0x89,0x80,0x82,0xba,0x78,0x34,0x90,0xcb,0x89,0x01,0x81,0x0f,0x68,
  0x21,0x98,0x9c,0x09,0x01,0x90,0x1e,0x60,0x11,0x99,0x9b,0x2a,0x10,0x98,0x1d,0x72,0x02,0x99,0x8d,0x29,0x00,0x88,0x3d,0x69,0x11,0x99,0x9b,0x2a,0x10,0x88,0xea,0x02,
  0x17,0x91,0xd9,0x80,0x10,0x91,0xf0,0x91,0x05,0x92,0xb8,0x99,0x01,0x02,0xa9,0x0d,0x61,0x22,0x99,0x8e,0x18,0x20,0x89,0x0f,0x38,0x32,0x90,0xbc,0x09,0x22,0xa1,0xeb,
  0x1a,0x27,0x01,0xc9,0x99,0x12,0x83,0xf9,0x99,0x33,0x15,0xa9,0x9c,0x28,0x32,0xb8,0xaf,0x48,0x33,0x90,0xbc,0x1a,0x42,0x81,0xfa,0x89,0x24,0x03,0xc9,0xaa,0x31,0x22,
  0xaa,0x9f,0x48,0x42,0x90,0xbb,0x09,0x33,0x91,0xfb,0x99,0x34,0x14,0xaa,0x9c,0x10,0x13,0xa9,0xad,0x38,0x27,0x92,0xda,0x89,0x21,0x01,0xaa,0x1e,0x58,0x22,0xa8,0xbb,
  0x19,0x22,0x92,0xfb,0x0a,0x35,0x13,0xca,0x9c,0x18,0x13,0x98,0xfa,0x00,0x24,0x13,0xca,0xab,0x20,0x22,0x98,0xaa,0x1f,0x50,0x22,0xb0,0xac,0x0a,0x21,0x82,0x99,0xcc,
  0x18,0x47,0x02,0xca,0x9a,0x10,0x12,0x90,0xf9,0x98,0x53,0x13,0xa8,0xad,0x09,0x12,0x02,0x99,0x9f,0x40,0x43,0x91,0xcb,0x9a,0x20,0x21,0x98,0xfa,0x88,0x26,0x03,0xb9,
  0xac,0x08,0x22,0x01,0xc9,0x9d,0x61,0x32,0x90,0xbc,0x8a,0x21,0x13,0x98,0xfa,0x8a,0x44,0x23,0xb8,0xcc,0x09,0x21,0x11,0x98,0xfb,0x00,0x44,0x02,0xc8,0xab,0x08,0x22,
  0x81,0xa8,0x9f,0x49,0x34,0x82,0xcb,0xab,0x10,0x23,0x82,0xc9,0x8f,0x31,0x44,0x90,0xbb,0x8c,0x28,0x13,0x80,0xf9,0x99,0x43,0x25,0xa8,0xcb,0x8a,0x11,0x23,0x90,0xd9,
  0x9a,0x71,0x33,0x81,0xad,0x8c,0x18,0x12,0x01,0x89,0x9e,0x19,0x35,0x04,0xb8,0xbc,0x09,0x40,0x11,0x90,0xd9,0x9a,0x61,0x14,0x82,0xac,0x8c,0x18,0x12,0x02,0x8a,0xbd,
  0x18,0x45,0x32,0xc8,0xbc,0x89,0x41,0x21,0x90,0xe8,0x99,0x40,0x14,0x83,0xcb,0x9c,0x19,0x32,0x11,0x89,0xaf,0x08,0x63,0x22,0xa0,0xdb,0x9a,0x10,0x33,0x01,0xa9,0xaf,
  0x19,0x63,0x23,0xa0,0xbd,0x9a,0x10,0x43,0x82,0xa8,0xfa,0x98,0x32,0x26,0x91,0xca,0xab,0x08,0x23,0x23,0x90,0xfa,0xaa,0x32,0x36,0x03,0xc9,0xbc,0x0a,0x30,0x23,0x02,
  0xaa,0xbf,0x1a,0x35,0x33,0xa8,0xbd,0xab,0x28,0x25,0x12,0x88,0xae,0x8a,0x53,0x43,0x91,0xd9,0xba,0x88,0x21,0x23,0x82,0xf9,0xab,0x31,0x26,0x21,0xb9,0xcc,0x9a,0x11,
  0x33,0x22,0x80,0xfc,0xa9,0x32,0x34,0x03,0xb9,0xcc,0x9b,0x28,0x23,0x13,0x00,0xfc,0xaa,0x22,0x36,0x12,0xc9,0xca,0x9a,0x18,0x32,0x13,0x81,0xfa,0xab,0x21,0x36,0x03,
  0xa8,0xcb,0xba,0x00,0x33,0x23,0x11,0xfa,0xae,0x20,0x43,0x13,0xb0,0xcc,0xba,0x89,0x21,0x34,0x22,0xd8,0xbb,0x20,0x37,0x22,0xa8,0xda,0xa9,0x0a,0x21,0x32,0x13,0x18,
  0xcf,0x0d,0x20,0x43,0x11,0xa8,0xbd,0xca,0x08,0x21,0x41,0x12,0x80,0xae,0x2b,0x51,0x43,0x01,0x9a,0xac,0x9a,0x18,0x31,0x30,0x21,0xf8,0xbb,0x19,0x44,0x03,0xc2,0xca,
  0x9a,0x99,0x82,0x34,0x41,0x08,0xf8,0xb9,0x01,0x25,0x15,0x80,0xb9,0xaa,0x99,0x0a,0x01,0x32,0x33,0xf8,0xcf,0x10,0x33,0x33,0x91,0xd8,0xca,0x90,0x09,0xa3,0x84,0x14,
  0x08,0xae,0x0a,0x21,0x64,0x20,0xaa,0xcb,0x0a,0x1b,0x12,0x21,0x02,0x38,0xf0,0x98,0x14,0x34,0x41,0x98,0xea,0x99,0x99,0xa9,0xa0,0x82,0x33,0x70,0xab,0x2a,0x63,0x43,
  0x10,0x98,0xfa,0x99,0x0b,0x81,0xa2,0x80,0x4b,0xe2,0xa9,0x82,0x55,0x32,0x81,0xa0,0xaa,0x0a,0x8b,0xc0,0xb8,0x58,0x3b,0xdb,0xb0,0xb8,0x78,0x23,0xa2,0xb8,0x40,0x8b,
  0x58,0x83,0x34,0x48,0x08,0xf8,0xa8,0x80,0x33,0x08,0xc8,0xc8,0x8b,0x8f,0x0a,0x02,0xcb,0x3a,0x83,0xb4,0x80,0x74,0x24,0x82,0xa0,0x08,0x0b,0x8f,0xa0,0xa2,0x80,0x4b,
  0x08,0xb8,0x8f,0x58,0x28,0x03,0xb2,0x8a,0x0b,0x8c,0x80,0x85,0x30,0x8b,0x80,0xb6,0x07,0x28,0xa8,0xb3,0x08,0x8c,0xcb,0xcb,0xb3,0x48,0x30,0x80,0x05,0x03,0x58,0x3b,
  0xc0,0xc3,0x30,0x0c,0x08,0x08,0xbe,0x0b,0x8c,0x80,0xb5,0x43,0x7b,0x28,0x03,0x02,0x3b,0x3b,0x0c,0x08,0xbd,0xbb,0x0d,0x08,0x03,0x8c,0x7c,0x80,0x82,0x02,0x38,0x08,
  0x08,0x08,0x3e,0x8b,0xc8,0x08,0xd8,0x1f,0x0a,0x38,0x32,0x30,0x80,0x80,0xb6,0xb4,0x8b,0x0c,0xc8,0x03,0x34,0x48,0x80,0xb4,0x80,0x3c,0x0c,0xc8,0xb3,0x08,0x3d,0xc0,
  0xb8,0xc8,0x0c,0x48,0x83,0x84,0x17,0x10,0x80,0x80,0x00,0x88,0x0c,0xf8,0xa9,0x30,0x08,0x08,0xc4,0x80,0x80,0x80,0x80,0xf0,0x8b,0x1f,0x28,0x23,0x03,0x78,0x09,0xa8,
  0xa8,0x88,0x7b,0xa0,0xb0,0x03,0x43,0x80,0xd0,0xb0,0xc8,0x30,0x40,0x08,0xb4,0x08,0x08,0xf8,0xb3,0x08,0x9f,0xaa,0x83,0x43,0x33,0x80,0x80,0x05,0x08,0x08,0xaf,0x08,
  0x00,0xfe,0x77,0x77,0x70,0xbb,0xc3,0x03,0x40,0x48,0x80,0x04,0x08,0x3d,0xc0,0xc0,0x83,0xbb,0xdf,0x10,0x83,0x82,0x0a,0x08,0x03,0x58,0x7b,0x89,0xa0,0x82,0x80,0x80,
  0x3c,0x00,0x08,0x85,0xfb,0xaf,0x21,0x92,0x10,0x01,0x22,0x83,0x30,0x4b,0xc8,0xe4,0x80,0x0a,0x08,0xfb,0xa8,0x30,0x20,0xaf,0x35,0x83,0x28,0xb1,0xbd,0xb9,0x9b,0x7a,
  0x12,0x02,0x02,0x0c,0x08,0x98,0x82,0x8a,0x3b,0xaf,0x37,0x91,0x1a,0xbb,0x2a,0x07,0x28,0x99,0x10,0xa0,0x08,0xfb,0xa9,0x80,0x23,0x38,0x3b,0xdb,0xc0,0x80,0x80,0x7c,
  0x85,0x91,0x19,0x32,0x00,0xb2,0x80,0x80,0x8c,0xbc,0xc0,0x08,0x8c,0xc0,0xc3,0x80,0x80,0x80,0x80,0xf0,0x8b,0x3c,0x40,0x73,0x82,0x2a,0x05,0x01,0xa8,0x16,0x19,0xd0,
  0xa0,0xa2,0x8c,0x8e,0x91,0xa0,0x02,0x08,0x08,0x96,0x01,0x38,0x3b,0xc0,0x08,0x08,0x08,0x80,0xb7,0x08,0xdf,0x16,0x2a,0xc0,0x09,0xa1,0x54,0xb9,0x82,0x1b,0x52,0x09,
  0xa5,0x1b,0x90,0xaf,0x16,0x09,0x81,0x9c,0x02,0x0a,0x07,0xa9,0x81,0xaf,0x33,0x82,0x20,0xfb,0x08,0xc0,0x6a,0x83,0x18,0xa1,0x8d,0x81,0x09,0xa1,0x41,0x13,0x19,0xc8,
  0xab,0x90,0x39,0xf8,0x4c,0x03,0x30,0xd2,0x89,0xa9,0x2a,0x84,0xfb,0x31,0x10,0x53,0xa0,0x88,0xca,0x1b,0xb9,0x41,0xc3,0x8f,0x11,0x40,0x15,0x08,0x88,0xac,0x98,0xba,
  0x22,0x18,0x42,0xfe,0x00,0x80,0x51,0x02,0x28,0x92,0x9a,0xb0,0xad,0x80,0x8b,0x31,0x90,0xff,0x10,0x01,0x62,0x12,0x08,0xa8,0xcb,0x99,0x9a,0x20,0x22,0x31,0x83,0xa0,
  0xb8,0xff,0x0f,0x12,0x42,0x13,0xb9,0xba,0xeb,0x09,0x21,0x22,0x13,0xa8,0xbb,0xbc,0x09,0x34,0x85,0xaf,0x31,0x14,0x21,0xa1,0xbd,0xab,0x88,0x32,0x26,0x81,0xa9,0xcb,
  0x9a,0x31,0x53,0x12,0xb8,0xbc,0xab,0xc0,0xdf,0x72,0x23,0x01,0xa8,0xbd,0xaa,0x10,0x42,0x14,0x81,0xaa,0xbc,0x9a,0x21,0x34,0x23,0x90,0xcb,0xbb,0x0a,0x41,0x34,0xe3,
  0xff,0x39,0x33,0x42,0x81,0xba,0xbc,0xbb,0x19,0x32,0x34,0x23,0x90,0xca,0xbb,0x9b,0x08,0x32,0x85,0xff,0x3b,0x23,0x55,0x01,0x08,0xa9,0xdb,0x8a,0x8a,0x18,0x21,0x22,
  0x13,0x21,0x80,0xa9,0xff,0x8f,0x11,0x10,0x02,0x62,0x00,0x08,0x88,0xaa,0xcb,0xaa,0xa9,0x89,0x00,0xc1,0x1b,0x36,0x23,0x23,0x74,0x03,0x00,0x08,0xa8,0xcb,0xbb,0xac,
  0xbb,0xaa,0x99,0x08,0x28,0x41,0x43,0x53,0x23,0x43,0x02,0x8f,0x83,0x39,0x92,0x21,0x92,0x12,0x8a,0xa8,0x8d,0xc8,0x9b,0xac,0xaa,0xba,0xa0,0x1a,0x99,0x98,0xa2,0xa8,
  0xff,0xcc,0xac,0x08,0x62,0x32,0x44,0x33,0x81,0xa9,0xcc,0xac,0x88,0x32,0x43,0x13,0xa8,0xcb,0x9c,0x09,0x32,0x22,0xa1,0xab,0xad,0x00,0x72,0x00,0xa0,0x9a,0x89,0x02,
  0x10,0xc9,0xb1,0x42,0x31,0x82,0xa2,0x08,0x08,0x08,0xd8,0xc0,0xf8,0x6f,0x4a,0xb1,0xe1,0x80,0x18,0x28,0x80,0x80,0x08,0x80,0xa2,0xa3,0x12,0x3c,0x2b,0xb2,0xb3,0xb8,
  0x08,0xd8,0x84,0xff,0x81,0x15,0x01,0x0d,0x0c,0x08,0x82,0x81,0x82,0x19,0x99,0x28,0x3c,0x3c,0x12,0xc2,0xc3,0xeb,0x86,0x04,0x00,0x0c,0x1b,0x09,0xc3,0xc2,0xa0,0x90,
  0x18,0x30,0x5c,0x3a,0x00,0xc3,0xb2,0xb3,0x12,0x20,0xb0,0x5f,0x7a,0x19,0xc8,0xd2,0x91,0x00,0x08,0x19,0x2a,0x2a,0x19,0xc4,0x94,0x83,0x20,0x19,0xa0,0xe0,0x80,0x10,
  0xa0,0x08,0x08,0xc8,0x0f,0x08,0xb6,0x38,0x3d,0xa1,0x92,0x4a,0xa0,0x82,0x0a,0xe2,0x19,0x89,0x80,0x08,0x84,0x73,0x80,0x95,0xa1,0x02,0x8a,0xe8,0xa9,0x80,0x2d,0x23,
  0xfa,0x00,0x81,0x40,0x0a,0x82,0x02,0x1e,0x19,0x80,0x83,0x80,0x80,0xcc,0xf0,0x08,0x2a,0x5a,0x10,0x02,0x38,0x3b,0xc8,0xb3,0xbc,0x08,0x0d,0x08,0x07,0x22,0x2a,0x80,
  0xc0,0x83,0x3c,0x8b,0xd0,0xb3,0x08,0x3d,0xac,0xf8,0x01,0x21,0x20,0x03,0xc8,0x80,0x40,0x80,0xd0,0x48,0x48,0x38,0x80,0xd0,0xb3,0xbc,0x80,0xd0,0xb0,0x48,0x30,0x40,
  0x08,0x04,0x8c,0x8b,0xcc,0x80,0x34,0x48,0x08,0xb3,0x58,0x3b,0x0c,0x08,0xd8,0xc0,0x0b,0xff,0xbf,0x77,0x91,0xaa,0x19,0x21,0xf1,0x0b,0x63,0x83,0xca,0x8a,0x31,0xa2,
  0xaf,0x61,0x12,0xaa,0x9b,0x30,0x83,0xcf,0x41,0x04,0xa8,0x9c,0x20,0x03,0xcd,0x30,0x15,0x98,0x9c,0x28,0x12,0xea,0x19,0x25,0x80,0xac,0x19,0x23,0xe9,0x09,0x44,0x08,
  0xcb,0x19,0x32,0xe8,0x89,0x44,0x08,0xda,0x09,0x32,0xe1,0x0a,0x62,0x00,0xd9,0x8a,0x51,0xa1,0x8c,0x50,0x02,0xc8,0x9b,0x31,0x14,0xb9,0xcb,0x80,0x47,0x08,0xdb,0x88,
  0x43,0x81,0xbb,0x0a,0x43,0xb8,0x2a,0x35,0x90,0xac,0x19,0x32,0x80,0xcb,0x19,0x31,0x01,0xcb,0x09,0x90,0x0f,0x73,0x02,0xca,0x89,0x21,0x02,0xb9,0x8b,0x41,0x12,0xb9,
  0x9b,0x31,0x32,0xd9,0xaa,0x11,0x21,0x02,0xc0,0x09,0x32,0xa9,0x8b,0x24,0xa9,0x1b,0x82,0xca,0x10,0x80,0x3a,0x06,0xa8,0x50,0x82,0x80,0x96,0x98,0x0d,0x33,0xe8,0x00,
  0x99,0x29,0xfa,0x80,0x08,0x48,0x08,0x08,0x01,0x32,0x3b,0x07,0x28,0xa2,0x38,0xcb,0xb0,0xfc,0x30,0x0f,0x93,0x2b,0xc0,0x22,0x3b,0xe2,0x12,0x1b,0x03,0x48,0xa9,0xf2,
  0x00,0x4b,0xc1,0x10,0x39,0xd9,0x22,0x1d,0xc3,0x20,0x1c,0xb1,0x92,0x2d,0x99,0x04,0x69,0x09,0xa2,0x38,0x1b,0xc5,0x11,0x1d,0xb1,0xb2,0x2f,0xe1,0x04,0x4b,0xa8,0x82,
  0x1a,0x98,0xc5,0x30,0x2c,0xb2,0x12,0x2c,0xc0,0x02,0x3c,0xa9,0xa3,0x5a,0x0e,0xc3,0x68,0x0a,0xb5,0x21,0x1c,0xb0,0x02,0x2c,0xc0,0x94,0x18,0x88,0xa2,0x48,0x0c,0xc2,
  0x20,0x1b,0xf1,0x22,0x3e,0xb1,0x03,0x2b,0xb0,0x02,0x2c,0xb8,0x93,0x29,0x99,0x93,0x38,0x0a,0x01,0x08,0xa8,0xb8,0xff,0x12,0x4c,0xa2,0x02,0x29,0x91,0x01,0x98,0x01,
  0x8a,0xc0,0xba,0x8b,0x3c,0x40,0xb3,0xc8,0xc8,0xfb,0x47,0x8b,0x81,0x01,0x0a,0xa1,0x80,0x20,0x20,0x80,0xb3,0x0d,0x0c,0x08,0xc8,0xb3,0x58,0x1e,0x96,0x80,0x01,0x19,
  0x5a,0xb8,0x80,0xaa,0x20,0xbb,0x08,0x88,0x7e,0x10,0x98,0xb2,0x33,0x48,0x08,0xf3,0x08,0x28,0xba,0x08,0x08,0x85,0x80,0x80,0xb6,0xc0,0x83,0x8b,0xd0,0xb3,0x88,0x50,
  0x8b,0xb5,0x08,0x58,0x0b,0xbc,0x03,0x34,0x30,0x00,0x85,0x00,0x88,0x00,0xf8,0xc3,0x8b,0x1f,0x80,0x00,
};
