// to convert image use this web servce: https://javl.github.io/image2cpp/
// Ho to use: https://docs.splitkb.com/hc/en-us/articles/360013811280-How-do-I-convert-an-image-for-use-on-an-OLED-display-
// Size: 128*64
// Output format: Arduino Code
// Draw mode: H 1 bit
// Swap: yes


#ifdef ENABLE_GALAGA
  const uint8_t Galaga_Logo_bits[] PROGMEM = {
  0xFF, 0xFF, 0xFF, 0xFF, 0xFF, 0xFF, 0xFF, 0xFF, 0xFF, 0xFF, 0xFF, 0xFF, 
  0xFF, 0xFF, 0xFF, 0xFF, 0xFF, 0xFF, 0xFF, 0xFF, 0xFF, 0xFF, 0xFF, 0xFF, 
  0xFF, 0xFF, 0xFF, 0xFF, 0xFF, 0xFF, 0xFF, 0xFF, 0xFF, 0xFF, 0xFF, 0xFF, 
  0xFF, 0xFF, 0xFF, 0xFF, 0x01, 0xF8, 0xFF, 0xFF, 0xFF, 0xFF, 0xFF, 0xFF, 
  0xFF, 0xFF, 0xFF, 0xFF, 0xFF, 0xFF, 0xFF, 0x00, 0x00, 0x00, 0xF8, 0xFF, 
  0xFF, 0xFF, 0xFF, 0xFF, 0xFF, 0xFF, 0xFF, 0xFF, 0xFF, 0xFF, 0x0F, 0x00, 
  0x00, 0x00, 0x00, 0x7F, 0xFF, 0xFF, 0xFF, 0xFF, 0xFF, 0xFF, 0xFF, 0xFF, 
  0xFF, 0xFF, 0x00, 0x00, 0x00, 0x00, 0x00, 0x30, 0xFF, 0xFF, 0xFF, 0xFF, 
  0xFF, 0xFF, 0xFF, 0xFF, 0xFF, 0x1F, 0x00, 0xC0, 0xFF, 0xFF, 0x03, 0x90, 
  0xFF, 0xFF, 0xFF, 0xFF, 0xFF, 0xFF, 0xFF, 0xFF, 0xFF, 0x03, 0x00, 0xFE, 
  0xFF, 0xFF, 0x7F, 0x48, 0xFE, 0xFF, 0xFF, 0xFF, 0xFF, 0xFF, 0xFF, 0xFF, 
  0xFF, 0x00, 0xF0, 0xFF, 0xFF, 0xFF, 0xFF, 0x27, 0xF8, 0xFF, 0x3F, 0xC0, 
  0xFF, 0xFF, 0xFF, 0xFF, 0x1F, 0x00, 0xFE, 0xFF, 0xFF, 0xFF, 0xFF, 0x63, 
  0xE0, 0xFF, 0x07, 0xC0, 0xFF, 0xFF, 0xFF, 0xFF, 0x07, 0xC0, 0xFF, 0xE3, 
  0xFF, 0xFF, 0xFF, 0xF1, 0x01, 0xFF, 0x01, 0xC0, 0xFF, 0xFF, 0xFF, 0xE3, 
  0x03, 0xF8, 0xFF, 0xE0, 0xFF, 0xFF, 0xFF, 0xF8, 0x0F, 0x7C, 0x80, 0xC1, 
  0xFF, 0xFF, 0x1F, 0x00, 0x00, 0xFE, 0x3F, 0xE0, 0xFF, 0xFF, 0x7F, 0xFC, 
  0x3F, 0x18, 0xF0, 0xE0, 0xFF, 0xFF, 0x07, 0x00, 0x80, 0xFF, 0x0F, 0xE0, 
  0xFF, 0xFF, 0x3F, 0xFE, 0xFF, 0x00, 0xF8, 0xE0, 0xFF, 0xFF, 0x03, 0x00, 
  0xE0, 0xFF, 0x07, 0xE0, 0xFF, 0xFF, 0x1F, 0xFF, 0xFF, 0x03, 0x7C, 0xF0, 
  0xFF, 0xFF, 0x00, 0x02, 0xF8, 0xFF, 0x7F, 0xE0, 0xFF, 0xF7, 0x0F, 0xFF, 
  0xFF, 0x0F, 0x7E, 0xF8, 0xFF, 0x7F, 0xC0, 0x07, 0xFE, 0xFF, 0x7F, 0xE0, 
  0xFF, 0xE7, 0x87, 0xFF, 0xFF, 0x3F, 0x38, 0xF8, 0xFF, 0x3F, 0xF0, 0x03, 
  0xFF, 0xFF, 0x7F, 0xE0, 0xFF, 0x6F, 0xC3, 0xFF, 0xFF, 0xFF, 0x10, 0xFC, 
  0xFF, 0x1F, 0xF8, 0xC3, 0xFF, 0xFF, 0x7F, 0xE0, 0xFF, 0x4F, 0xE0, 0xFF, 
  0xFF, 0xFF, 0x01, 0xFE, 0xFF, 0x07, 0xFC, 0xE3, 0xFF, 0xFF, 0x7F, 0xE0, 
  0xFF, 0x1F, 0xE0, 0xFF, 0xFF, 0xFF, 0x03, 0xFF, 0xFF, 0x07, 0xFE, 0xF1, 
  0xFF, 0xFF, 0x7F, 0xE0, 0xFF, 0x1F, 0x80, 0xFF, 0xFF, 0xFF, 0x87, 0xFF, 
  0xFF, 0x03, 0xFF, 0xF9, 0xFB, 0xFF, 0x7F, 0xE0, 0x7F, 0x00, 0xE0, 0xFF, 
  0xFF, 0xFF, 0xC3, 0xFF, 0xFF, 0x81, 0xFF, 0xFF, 0xF8, 0xFF, 0x3F, 0xE0, 
  0x7F, 0x00, 0x00, 0xFF, 0xFF, 0xFF, 0xE3, 0xFF, 0xFF, 0xC0, 0xFF, 0x1F, 
  0xFC, 0x87, 0x3F, 0xE0, 0xFF, 0x06, 0xF0, 0x3F, 0xFE, 0xFF, 0xE1, 0xFF, 
  0x7F, 0xC0, 0xFF, 0x07, 0xFE, 0x00, 0x3E, 0xE0, 0x0F, 0x1E, 0xFC, 0x03, 
  0xFE, 0x7F, 0xC0, 0xFF, 0x7F, 0xE0, 0xFF, 0x01, 0x1E, 0x00, 0x3E, 0xE0, 
  0x01, 0x18, 0x7C, 0x00, 0xFC, 0x0F, 0x80, 0xFF, 0x3F, 0xE0, 0xFF, 0x01, 
  0x00, 0x00, 0x3E, 0x00, 0x00, 0x48, 0x0C, 0x00, 0xFC, 0x03, 0x00, 0xFF, 
  0x3F, 0xE0, 0xFF, 0x03, 0x00, 0x00, 0x3C, 0x00, 0x00, 0x60, 0x01, 0x00, 
  0xFC, 0x01, 0x00, 0xFF, 0x1F, 0xF0, 0xFF, 0x03, 0x3F, 0x00, 0x3C, 0xE0, 
  0x07, 0xC0, 0x03, 0x00, 0xFC, 0x0F, 0x00, 0xFF, 0x1F, 0xF0, 0xFF, 0x03, 
  0x0F, 0x00, 0x3E, 0xE0, 0x03, 0xC6, 0x07, 0x00, 0xFC, 0x0F, 0x00, 0xFF, 
  0x0F, 0xF0, 0xFF, 0x03, 0x0F, 0x00, 0x3E, 0xE0, 0x01, 0xC0, 0x07, 0x07, 
  0xFC, 0x07, 0x00, 0xFF, 0x0F, 0xF0, 0xFF, 0x01, 0x06, 0x00, 0x3E, 0xE0, 
  0xC0, 0xC0, 0x03, 0x07, 0xFE, 0x03, 0x00, 0xFF, 0x07, 0xF0, 0x7F, 0x00, 
  0x06, 0x06, 0x3E, 0xE0, 0xE0, 0xC0, 0x03, 0x00, 0xFE, 0x03, 0x01, 0xFF, 
  0x07, 0xE0, 0x3F, 0x00, 0x04, 0x06, 0x1E, 0xE0, 0xE0, 0xC0, 0x03, 0x00, 
  0xFF, 0x83, 0x01, 0xFF, 0x07, 0xE0, 0x07, 0x00, 0x00, 0x06, 0x04, 0xE0, 
  0xE0, 0xC0, 0x01, 0xC0, 0xFF, 0x81, 0x01, 0xF3, 0x03, 0x00, 0x00, 0x00, 
  0x00, 0x00, 0x00, 0x70, 0x00, 0x00, 0x00, 0xF0, 0xFF, 0x01, 0x00, 0xF8, 
  0x03, 0x00, 0x00, 0x00, 0x00, 0x00, 0x10, 0x70, 0x00, 0x00, 0x00, 0xF0, 
  0xFF, 0x01, 0x00, 0xFC, 0x03, 0x00, 0x00, 0x00, 0x00, 0x00, 0x38, 0x70, 
  0x00, 0x00, 0x01, 0xF0, 0xFF, 0x01, 0x00, 0xFE, 0x03, 0x00, 0x00, 0x00, 
  0x02, 0x00, 0x3C, 0x70, 0x00, 0x80, 0x73, 0x00, 0xF0, 0x01, 0x00, 0xFE, 
  0x03, 0x00, 0x00, 0x80, 0x03, 0x00, 0x3E, 0x30, 0x00, 0xC0, 0x3F, 0x00, 
  0xE0, 0x01, 0x00, 0xFF, 0x07, 0x00, 0x00, 0xF0, 0x03, 0x00, 0x3F, 0x38, 
  0x00, 0xE0, 0x3F, 0x00, 0x80, 0x00, 0x82, 0xFF, 0x07, 0x00, 0x00, 0xFC, 
  0x03, 0xCE, 0x1F, 0x7C, 0xE0, 0xF9, 0xFF, 0x07, 0x00, 0x80, 0xC3, 0xFF, 
  0x0F, 0x00, 0x07, 0xFF, 0xFF, 0xFF, 0x3F, 0xFF, 0xFF, 0xFF, 0xFF, 0x67, 
  0x00, 0xF3, 0xF7, 0xFF, 0x1F, 0xC0, 0xC3, 0xFF, 0xFF, 0xFF, 0xFF, 0xFF, 
  0xFF, 0xFF, 0xFF, 0x73, 0x00, 0xFF, 0xFF, 0xFF, 0xFF, 0xFF, 0xF3, 0xFF, 
  0xFF, 0xFF, 0xFF, 0xFF, 0xFF, 0xFF, 0xFF, 0xF1, 0x00, 0xFF, 0xFF, 0xFF, 
  0xFF, 0xFF, 0xFF, 0xFF, 0xFF, 0xFF, 0xFF, 0xFF, 0xFF, 0xFF, 0xFF, 0x78, 
  0x80, 0xFF, 0xFF, 0xFF, 0xFF, 0xFF, 0xFF, 0xFF, 0xFF, 0xFF, 0xFF, 0xFF, 
  0xFF, 0xFF, 0x7F, 0x38, 0x80, 0xFF, 0xFF, 0xFF, 0xFF, 0xFF, 0xFF, 0xFF, 
  0xFF, 0xFF, 0xFF, 0xFF, 0xFF, 0xFF, 0x3F, 0x0C, 0x80, 0xFF, 0xFF, 0xFF, 
  0xFF, 0xFF, 0xFF, 0xFF, 0xFF, 0xFF, 0xFF, 0xFF, 0xFF, 0xFF, 0x0F, 0x00, 
  0xC0, 0xFF, 0xFF, 0xFF, 0xFF, 0xFF, 0xFF, 0xFF, 0xFF, 0xFF, 0xFF, 0xFF, 
  0xFF, 0xFF, 0x07, 0x00, 0xE0, 0xFF, 0xFF, 0xFF, 0xFF, 0xFF, 0xFF, 0xFF, 
  0xFF, 0xFF, 0xFF, 0xFF, 0xFF, 0xFF, 0x03, 0x00, 0xF0, 0xFF, 0xFF, 0xFF, 
  0xFF, 0xFF, 0xFF, 0xFF, 0xFF, 0xFF, 0xFF, 0xFF, 0xFF, 0xFF, 0x03, 0x00, 
  0xF8, 0xFF, 0xFF, 0xFF, 0xFF, 0xFF, 0xFF, 0xFF, 0xFF, 0xFF, 0xFF, 0xFF, 
  0xFF, 0xFF, 0x03, 0x00, 0xFC, 0xFF, 0xFF, 0xFF, 0xFF, 0xFF, 0xFF, 0xFF, 
  0xFF, 0xFF, 0xFF, 0xFF, 0xFF, 0xFF, 0x03, 0x00, 0xFE, 0xFF, 0xFF, 0xFF, 
  0xFF, 0xFF, 0xFF, 0xFF, 0xFF, 0xFF, 0xFF, 0xFF, 0xFF, 0xFF, 0x03, 0x80, 
  0xFF, 0xFF, 0xFF, 0xFF, 0xFF, 0xFF, 0xFF, 0xFF, 0xFF, 0xFF, 0xFF, 0xFF, 
  0xFF, 0xFF, 0x03, 0xC0, 0xFF, 0xFF, 0xFF, 0xFF, 0xFF, 0xFF, 0xFF, 0xFF, 
  0xFF, 0xFF, 0xFF, 0xFF, 0xFF, 0xFF, 0x07, 0xE0, 0xFF, 0xFF, 0xFF, 0xFF, 
  0xFF, 0xFF, 0xFF, 0xFF, 0xFF, 0xFF, 0xFF, 0xFF, 0xFF, 0xFF, 0x07, 0xF8, 
  0xFF, 0xFF, 0xFF, 0xFF, 0xFF, 0xFF, 0xFF, 0xFF, 0xFF, 0xFF, 0xFF, 0xFF, 
  0xFF, 0xFF, 0x07, 0xFE, 0xFF, 0xFF, 0xFF, 0xFF, 0xFF, 0xFF, 0xFF, 0xFF, 
  0xFF, 0xFF, 0xFF, 0xFF, 0xFF, 0xFF, 0x07, 0xFF, 0xFF, 0xFF, 0xFF, 0xFF, 
  0xFF, 0xFF, 0xFF, 0xFF, 0xFF, 0xFF, 0xFF, 0xFF, 0xFF, 0xFF, 0xC7, 0xFF, 
  0xFF, 0xFF, 0xFF, 0xFF, 0xFF, 0xFF, 0xFF, 0xFF, 0xFF, 0xFF, 0xFF, 0xFF, 
  0xFF, 0xFF, 0xF7, 0xFF, 0xFF, 0xFF, 0xFF, 0xFF, 0xFF, 0xFF, 0xFF, 0xFF, 
  0xFF, 0xFF, 0xFF, 0xFF, 0xFF, 0xFF, 0xFF, 0xFF, 0xFF, 0xFF, 0xFF, 0xFF, 
  0xFF, 0xFF, 0xFF, 0xFF, 0xFF, 0xFF, 0xFF, 0xFF, 0xFF, 0xFF, 0xFF, 0xFF, 
  0xFF, 0xFF, 0xFF, 0xFF, };
#endif

#ifdef ENABLE_PACMAN
  const uint8_t Pacman_Logo_bits[] PROGMEM = {
  0xFF, 0xFF, 0xFF, 0xFF, 0xFF, 0xFF, 0xFF, 0xFF, 0xFF, 0xFF, 0xFF, 0xFF, 
  0xFF, 0xFF, 0xFF, 0xFF, 0xFF, 0xFF, 0xFF, 0xFF, 0xFF, 0xFF, 0xFF, 0xFF, 
  0xFF, 0xFF, 0xFF, 0xFF, 0xFF, 0xFF, 0xFF, 0xFF, 0xFF, 0xFF, 0xFF, 0xFF, 
  0xFF, 0xFF, 0xFF, 0xFF, 0xFF, 0xFF, 0xFF, 0xFF, 0xFF, 0xFF, 0xFF, 0xFF, 
  0xFF, 0xFF, 0xFF, 0xFF, 0xFF, 0xFF, 0xFF, 0xFF, 0xFF, 0xFF, 0xFF, 0xFF, 
  0xFF, 0xFF, 0xFF, 0xFF, 0xFF, 0xFF, 0xFF, 0xFF, 0xFF, 0xFF, 0xFF, 0xFF, 
  0xFF, 0xFF, 0xFF, 0xFF, 0xFF, 0xFF, 0xFF, 0xFF, 0xFF, 0xFF, 0xFF, 0xFF, 
  0xFF, 0xFF, 0xFF, 0xFF, 0xFF, 0xFF, 0xFF, 0xFF, 0xFF, 0xFF, 0xFF, 0xFF, 
  0xFF, 0xFF, 0xFF, 0xFF, 0xFF, 0xFF, 0xFF, 0xFF, 0xFF, 0xFF, 0xFF, 0xFF, 
  0xFF, 0xFF, 0xFF, 0xFF, 0xFF, 0xFF, 0xFF, 0xFF, 0xFF, 0xFF, 0xFF, 0xFF, 
  0xFF, 0xFF, 0xFF, 0xFF, 0xFF, 0xFF, 0xFF, 0xFF, 0xFF, 0xFF, 0xFF, 0xFF, 
  0xFF, 0xFF, 0xFF, 0xFF, 0xFF, 0xFF, 0xFF, 0xFF, 0xFF, 0xFF, 0xFF, 0xFF, 
  0xFF, 0xFF, 0xFF, 0xFF, 0xFF, 0xFF, 0xFF, 0xFF, 0xFF, 0xFF, 0xFF, 0xFF, 
  0xFF, 0xFF, 0xFF, 0xFF, 0xFF, 0xFF, 0xFF, 0xFF, 0xFF, 0xFF, 0xFF, 0xFF, 
  0xFF, 0xFF, 0xFF, 0xFF, 0xFF, 0xFF, 0xFF, 0xFF, 0xFF, 0xFF, 0xFF, 0xFF, 
  0xFF, 0xFF, 0xFF, 0xFF, 0xFF, 0xFF, 0xFF, 0xFF, 0xFF, 0xFF, 0xFF, 0xFF, 
  0xFF, 0xFF, 0xFF, 0xFF, 0xFF, 0xFF, 0xFF, 0xFF, 0xFF, 0xFF, 0xFF, 0xFF, 
  0xFF, 0xFF, 0xFF, 0xFF, 0xFF, 0xFF, 0xFF, 0xFF, 0xFF, 0xFF, 0xFF, 0xFF, 
  0xFF, 0xFF, 0xFF, 0xFF, 0xFF, 0xFF, 0xFF, 0xFF, 0xFF, 0xFF, 0xFF, 0xFF, 
  0xFF, 0xFF, 0xFF, 0xFF, 0xFF, 0xFF, 0xFF, 0xFF, 0xFF, 0xFF, 0xFF, 0xFF, 
  0xFF, 0xFF, 0xFF, 0xFF, 0xFF, 0xFF, 0xFF, 0xFF, 0xDF, 0xFF, 0xDF, 0xFF, 
  0xFF, 0xFF, 0xFF, 0xFF, 0xFF, 0xFF, 0x7F, 0xFE, 0xFF, 0xFF, 0xFF, 0xFF, 
  0xDF, 0xFF, 0xDF, 0xFF, 0xF9, 0xDF, 0xFF, 0xFF, 0x00, 0xF8, 0x7F, 0xFE, 
  0x3F, 0xF0, 0xFF, 0xFF, 0x9F, 0xFF, 0xCF, 0xFF, 0xF9, 0x9F, 0x3F, 0xF0, 
  0x00, 0xE0, 0x7F, 0xFE, 0x1F, 0xC0, 0xFF, 0xFF, 0x1F, 0xFF, 0xC7, 0xFF, 
  0xF9, 0x1F, 0x3F, 0xF0, 0x00, 0xE0, 0x3F, 0xF8, 0x0F, 0x80, 0xFF, 0xFF, 
  0x1F, 0xFF, 0x47, 0xFF, 0xE0, 0x1F, 0x3F, 0xF0, 0x00, 0xC0, 0x3F, 0xF8, 
  0x07, 0x00, 0xFF, 0xFF, 0x1F, 0xFE, 0x03, 0xFF, 0xE0, 0x1F, 0x3E, 0x80, 
  0xF0, 0x8F, 0x1F, 0xF0, 0x03, 0x18, 0xFF, 0xFF, 0x1F, 0xFC, 0x01, 0x7F, 
  0xE0, 0x1F, 0x3C, 0x9C, 0xF0, 0xBF, 0x1F, 0xF4, 0x03, 0x7F, 0xFE, 0xFF, 
  0x1F, 0xF9, 0x40, 0x7E, 0xD0, 0x1F, 0x39, 0x9C, 0xF0, 0x7F, 0x1F, 0xF6, 
  0x83, 0xFF, 0xFC, 0xFF, 0x1F, 0xFB, 0x40, 0x7F, 0xD8, 0x1F, 0x3B, 0x9C, 
  0xF0, 0x7F, 0x0F, 0xE6, 0xC1, 0xFF, 0x1D, 0x00, 0x1F, 0x73, 0x60, 0x3E, 
  0x98, 0x1F, 0x33, 0x9C, 0xF0, 0x7F, 0x0E, 0xEE, 0xC1, 0xFF, 0x1B, 0x00, 
  0x1E, 0x27, 0x70, 0x3E, 0xB8, 0x1F, 0x27, 0x9C, 0xF0, 0xF3, 0x0E, 0xEF, 
  0xE1, 0xFF, 0x1B, 0x00, 0x1E, 0x0F, 0x70, 0x3F, 0xBC, 0x1F, 0x0F, 0x9C, 
  0xF0, 0xF3, 0x06, 0xCF, 0xE1, 0xFF, 0x13, 0x00, 0x18, 0x1F, 0x78, 0x1E, 
  0x3C, 0x1F, 0x1F, 0x9C, 0xF0, 0x3F, 0x06, 0xDF, 0xF1, 0xFF, 0x18, 0x00, 
  0x18, 0x1F, 0x7C, 0x1F, 0x7C, 0x1F, 0x1F, 0x9C, 0xF0, 0x3F, 0x86, 0xDF, 
  0xF1, 0x7F, 0x1E, 0xFF, 0x1B, 0x3F, 0x7E, 0x1E, 0x7E, 0x1F, 0x3F, 0x9C, 
  0xF0, 0x5F, 0x83, 0xBF, 0xF1, 0x1F, 0x1F, 0xFF, 0x18, 0x7F, 0x7E, 0x0F, 
  0x7E, 0x1E, 0x7F, 0x9C, 0xF0, 0x27, 0x83, 0xBF, 0xF1, 0x0F, 0x7F, 0xFE, 
  0x1B, 0xFF, 0x7F, 0x0E, 0xFF, 0x1E, 0xFF, 0x9C, 0xF0, 0x9E, 0xC1, 0x3F, 
  0xF1, 0x1F, 0x7E, 0x00, 0x18, 0xFF, 0x7F, 0x06, 0xFF, 0x1C, 0xFF, 0x9C, 
  0xF0, 0xC0, 0xC1, 0x79, 0xF1, 0x27, 0x7E, 0x00, 0x18, 0xFF, 0x7F, 0x07, 
  0xE7, 0x1D, 0xFF, 0x9F, 0xF0, 0xE0, 0xE1, 0x79, 0xF3, 0xDF, 0xFC, 0xFF, 
  0x1F, 0xFF, 0x7F, 0x86, 0xE7, 0x1D, 0xFF, 0x9F, 0xF0, 0xFC, 0xE0, 0x7F, 
  0xE2, 0x3F, 0xF1, 0xFF, 0x1F, 0xFF, 0x7F, 0x83, 0xFF, 0x19, 0xFF, 0x9F, 
  0xF0, 0xFC, 0xE0, 0xFF, 0xE6, 0x7F, 0xF2, 0xFF, 0x1F, 0xFF, 0x7F, 0x82, 
  0xFF, 0x1B, 0xFF, 0x9F, 0xF0, 0xFC, 0xF0, 0xBF, 0xEE, 0xFF, 0xFA, 0xFF, 
  0x1F, 0xFF, 0x3F, 0xC3, 0xFF, 0x1A, 0xFF, 0x8F, 0xF0, 0x7C, 0xF0, 0xFF, 
  0xCC, 0x7F, 0xF9, 0xFF, 0x1F, 0xFF, 0x3F, 0xC0, 0xFF, 0x13, 0xFF, 0x8F, 
  0xF0, 0x7C, 0xF0, 0x7F, 0x9D, 0xFF, 0xFD, 0xFF, 0x1F, 0xFF, 0x3F, 0xC0, 
  0xFF, 0x15, 0xFF, 0x8F, 0x13, 0xFC, 0xF9, 0x1F, 0x39, 0x7F, 0xFE, 0xFF, 
  0x7F, 0xFF, 0x07, 0xE6, 0x7F, 0x24, 0xFF, 0x81, 0xF7, 0xFD, 0xFB, 0xFF, 
  0x79, 0x3E, 0xFF, 0xFF, 0x7F, 0xFF, 0x7F, 0xEF, 0xFF, 0x67, 0xFF, 0x9F, 
  0x07, 0xFC, 0x01, 0x00, 0xF8, 0x80, 0xFF, 0xFF, 0x7F, 0x00, 0x00, 0x07, 
  0x00, 0x60, 0x00, 0x80, 0x07, 0xFC, 0x01, 0x00, 0xF8, 0xE3, 0xFF, 0xFF, 
  0x7F, 0x00, 0x00, 0x07, 0x00, 0x60, 0x00, 0x80, 0xFF, 0xFF, 0xFF, 0xFF, 
  0xFF, 0xFF, 0xFF, 0xFF, 0xFF, 0xFF, 0xFF, 0xFF, 0xFF, 0xFF, 0xFF, 0xFF, 
  0xFF, 0xFF, 0xFF, 0xFF, 0xFF, 0xFF, 0xFF, 0xFF, 0xFF, 0xFF, 0xFF, 0xFF, 
  0xFF, 0xFF, 0xFF, 0xFF, 0xFF, 0xFF, 0xFF, 0xFF, 0xFF, 0xFF, 0xFF, 0xFF, 
  0xFF, 0xFF, 0xFF, 0xFF, 0xFF, 0xFF, 0xFF, 0xFF, 0xFF, 0xFF, 0xFF, 0xFF, 
  0xFF, 0xFF, 0xFF, 0xFF, 0xFF, 0xFF, 0xFF, 0xFF, 0xFF, 0xFF, 0xFF, 0xFF, 
  0xFF, 0xFF, 0xFF, 0xFF, 0xFF, 0xFF, 0xFF, 0xFF, 0xFF, 0xFF, 0xFF, 0xFF, 
  0xFF, 0xFF, 0xFF, 0xFF, 0xFF, 0xFF, 0xFF, 0xFF, 0xFF, 0xFF, 0xFF, 0xFF, 
  0xFF, 0xFF, 0xFF, 0xFF, 0xFF, 0xFF, 0xFF, 0xFF, 0xFF, 0xFF, 0xFF, 0xFF, 
  0xFF, 0xFF, 0xFF, 0xFF, 0xFF, 0xFF, 0xFF, 0xFF, 0xFF, 0xFF, 0xFF, 0xFF, 
  0xFF, 0xFF, 0xFF, 0xFF, 0xFF, 0xFF, 0xFF, 0xFF, 0xFF, 0xFF, 0xFF, 0xFF, 
  0xFF, 0xFF, 0xFF, 0xFF, 0xFF, 0xFF, 0xFF, 0xFF, 0xFF, 0xFF, 0xFF, 0xFF, 
  0xFF, 0xFF, 0xFF, 0xFF, 0xFF, 0xFF, 0xFF, 0xFF, 0xFF, 0xFF, 0xFF, 0xFF, 
  0xFF, 0xFF, 0xFF, 0xFF, 0xFF, 0xFF, 0xFF, 0xFF, 0xFF, 0xFF, 0xFF, 0xFF, 
  0xFF, 0xFF, 0xFF, 0xFF, 0xFF, 0xFF, 0xFF, 0xFF, 0xFF, 0xFF, 0xFF, 0xFF, 
  0xFF, 0xFF, 0xFF, 0xFF, 0xFF, 0xFF, 0xFF, 0xFF, 0xFF, 0xFF, 0xFF, 0xFF, 
  0xFF, 0xFF, 0xFF, 0xFF, 0xFF, 0xFF, 0xFF, 0xFF, 0xFF, 0xFF, 0xFF, 0xFF, 
  0xFF, 0xFF, 0xFF, 0xFF, 0xFF, 0xFF, 0xFF, 0xFF, 0xFF, 0xFF, 0xFF, 0xFF, 
  0xFF, 0xFF, 0xFF, 0xFF, 0xFF, 0xFF, 0xFF, 0xFF, 0xFF, 0xFF, 0xFF, 0xFF, 
  0xFF, 0xFF, 0xFF, 0xFF, 0xFF, 0xFF, 0xFF, 0xFF, 0xFF, 0xFF, 0xFF, 0xFF, 
  0xFF, 0xFF, 0xFF, 0xFF, 0xFF, 0xFF, 0xFF, 0xFF, 0xFF, 0xFF, 0xFF, 0xFF, 
  0xFF, 0xFF, 0xFF, 0xFF, 0xFF, 0xFF, 0xFF, 0xFF, 0xFF, 0xFF, 0xFF, 0xFF, 
  0xFF, 0xFF, 0xFF, 0xFF, 0xFF, 0xFF, 0xFF, 0xFF, 0xFF, 0xFF, 0xFF, 0xFF, 
  0xFF, 0xFF, 0xFF, 0xFF, 0xFF, 0xFF, 0xFF, 0xFF, 0xFF, 0xFF, 0xFF, 0xFF, 
  0xFF, 0xFF, 0xFF, 0xFF, 0xFF, 0xFF, 0xFF, 0xFF, 0xFF, 0xFF, 0xFF, 0xFF, 
  0xFF, 0xFF, 0xFF, 0xFF, 0xFF, 0xFF, 0xFF, 0xFF, 0xFF, 0xFF, 0xFF, 0xFF, 
  0xFF, 0xFF, 0xFF, 0xFF, 0xFF, 0xFF, 0xFF, 0xFF, 0xFF, 0xFF, 0xFF, 0xFF, 
  0xFF, 0xFF, 0xFF, 0xFF, };
#endif

#ifdef ENABLE_1942
  const uint8_t A1942_Logo_bits[] PROGMEM = {
 0xFF, 0xFF, 0xFF, 0xFF, 0xFF, 0xFF, 0xFF, 0xFF, 0xFF, 0xFF, 0xFF, 0xFF, 
  0xFF, 0xFF, 0xFF, 0xFF, 0xFF, 0xFF, 0xFF, 0xFF, 0xFF, 0xFF, 0xFF, 0xFF, 
  0xFF, 0xFF, 0xFF, 0xFF, 0xFF, 0xFF, 0xFF, 0xFF, 0xFF, 0xFF, 0xFF, 0xFF, 
  0xFF, 0xFF, 0xFF, 0xFF, 0xFF, 0xFF, 0xFF, 0xFF, 0xFF, 0xFF, 0xFF, 0xFF, 
  0xFF, 0xFF, 0xFF, 0xFF, 0xFF, 0xFF, 0xFF, 0xFF, 0xFF, 0xFF, 0xFF, 0xFF, 
  0xFF, 0xFF, 0xFF, 0xFF, 0xFF, 0xFF, 0xFF, 0xFF, 0xFF, 0xFF, 0xFF, 0xFF, 
  0xFF, 0xFF, 0xFF, 0xFF, 0xFF, 0xFF, 0xFF, 0xFF, 0xFF, 0xFF, 0xFF, 0xFF, 
  0xFF, 0xFF, 0xFF, 0xFF, 0xFF, 0xFF, 0xFF, 0xFF, 0xFF, 0xFF, 0xFF, 0xFF, 
  0xFF, 0xFF, 0xFF, 0xFF, 0xFF, 0xFF, 0xFF, 0xFF, 0xFF, 0xFF, 0xFF, 0xFF, 
  0xFF, 0xFF, 0xFF, 0xFF, 0xFF, 0xFF, 0xFF, 0xFF, 0xFF, 0xFF, 0xFF, 0xFF, 
  0xFF, 0xFF, 0xFF, 0xFF, 0xFF, 0xFF, 0xFF, 0xFF, 0xFF, 0xFF, 0xFF, 0xFF, 
  0xFF, 0xFF, 0xFF, 0xFF, 0xFF, 0xFF, 0xFF, 0xFF, 0xFF, 0xFF, 0xFF, 0xFF, 
  0xFF, 0xFF, 0xFF, 0xFF, 0xFF, 0xFF, 0xFF, 0xFF, 0xFF, 0xFF, 0xFF, 0xFF, 
  0xFF, 0xFF, 0xFF, 0xFF, 0xFF, 0xFF, 0xFF, 0xFF, 0xFF, 0xFF, 0xFF, 0xFF, 
  0xFF, 0xFF, 0xFF, 0xFF, 0xFF, 0xFF, 0xFF, 0xFF, 0xFF, 0xFF, 0xFF, 0xFF, 
  0xFF, 0xFF, 0xFF, 0xFF, 0xFF, 0xFF, 0xFF, 0xFF, 0xFF, 0xFF, 0xFF, 0xFF, 
  0xFF, 0xFF, 0xFF, 0xFF, 0xFF, 0xFF, 0xFF, 0xFF, 0xFF, 0xFF, 0xFF, 0xFF, 
  0xFF, 0xFF, 0xFF, 0xFF, 0xFF, 0xFF, 0xFF, 0xFF, 0xFF, 0xFF, 0xFF, 0xFF, 
  0xFF, 0xFF, 0xFF, 0xFF, 0xFF, 0xFF, 0xFF, 0xFF, 0xFF, 0xFF, 0xFF, 0xFF, 
  0xFF, 0xFF, 0xFF, 0xFF, 0xFF, 0xFF, 0xFF, 0xFF, 0xFF, 0xFF, 0xFF, 0xFF, 
  0xFF, 0xFF, 0xFF, 0xFF, 0xFF, 0xFF, 0xFF, 0xFF, 0xFF, 0xFF, 0xFF, 0xFF, 
  0xFF, 0xFF, 0xFF, 0xFF, 0xFF, 0xFF, 0xFF, 0xFF, 0xFF, 0xFF, 0xFF, 0xFF, 
  0xFF, 0xFF, 0xFF, 0xFF, 0xFF, 0xFF, 0xFF, 0xFF, 0xFF, 0xFF, 0xFF, 0xFF, 
  0xFF, 0xFF, 0xFF, 0xFF, 0x1F, 0x00, 0xC0, 0xFF, 0x03, 0x00, 0xFE, 0xFF, 
  0x3F, 0x00, 0xFE, 0x3F, 0x00, 0x00, 0xFC, 0xFF, 0x0F, 0x00, 0xC0, 0xFF, 
  0x03, 0x00, 0x00, 0xFE, 0x0F, 0x00, 0xFE, 0x1F, 0x00, 0x00, 0xF8, 0xFF, 
  0x07, 0x00, 0xC0, 0xFF, 0x03, 0x00, 0x00, 0xFC, 0x07, 0x00, 0xFE, 0x0F, 
  0x00, 0x00, 0xE0, 0xFF, 0x07, 0x00, 0xC0, 0xFF, 0x03, 0x00, 0x00, 0xF0, 
  0x01, 0x00, 0xFE, 0x03, 0x00, 0x00, 0xC0, 0xFF, 0x03, 0x00, 0xC0, 0xFF, 
  0x03, 0x00, 0x00, 0xE0, 0x01, 0x00, 0xFE, 0x03, 0x00, 0x00, 0xC0, 0xFF, 
  0x01, 0x00, 0xC0, 0xFF, 0x03, 0x00, 0x00, 0xC0, 0x03, 0x00, 0xFE, 0x03, 
  0x00, 0x00, 0xC0, 0xFF, 0x01, 0x00, 0xC0, 0xFF, 0x03, 0x00, 0x00, 0xC0, 
  0x07, 0x00, 0xFE, 0x03, 0x00, 0x00, 0xC0, 0xFF, 0x00, 0x00, 0xC0, 0xFF, 
  0x03, 0x00, 0x00, 0xC0, 0x0F, 0x00, 0xFE, 0x03, 0xC0, 0x03, 0xC0, 0xFF, 
  0x00, 0x00, 0xC0, 0xFF, 0x03, 0xE0, 0x03, 0xC0, 0x1F, 0x00, 0xFE, 0x03, 
  0xC0, 0x07, 0xC0, 0x7F, 0x00, 0x04, 0xC0, 0xFF, 0x03, 0xE0, 0x03, 0xC0, 
  0x7F, 0x00, 0xFE, 0x03, 0xC0, 0x03, 0xC0, 0x3F, 0x00, 0x04, 0xC0, 0xFF, 
  0xFF, 0xFF, 0x03, 0xC0, 0x7F, 0x00, 0xFE, 0x03, 0xC0, 0x03, 0xC0, 0x3F, 
  0x00, 0x06, 0xC0, 0xFF, 0xFF, 0xFF, 0x01, 0xC0, 0x7F, 0x00, 0xFE, 0x03, 
  0x00, 0x00, 0xC0, 0x1F, 0x00, 0x06, 0xC0, 0xFF, 0xFF, 0x3F, 0x00, 0xC0, 
  0x7F, 0x00, 0xFE, 0x03, 0x00, 0x00, 0xC0, 0x0F, 0x00, 0x07, 0xC0, 0xFF, 
  0xFF, 0x07, 0x00, 0xE0, 0x7F, 0x00, 0xFE, 0x07, 0x00, 0x00, 0xC0, 0x0F, 
  0x00, 0x00, 0x00, 0xFC, 0xFF, 0x00, 0x00, 0xF8, 0x7F, 0x00, 0xFE, 0x0F, 
  0x00, 0x00, 0xC0, 0x0F, 0x00, 0x00, 0x00, 0xFC, 0x1F, 0x00, 0x00, 0xFF, 
  0x7F, 0x00, 0xFE, 0x1F, 0x00, 0x00, 0xC0, 0x0F, 0x00, 0x00, 0x00, 0xFC, 
  0x03, 0x00, 0xE0, 0xFF, 0x7F, 0x00, 0xFE, 0x7F, 0x00, 0x00, 0xC0, 0x0F, 
  0x00, 0x00, 0x00, 0xFC, 0x03, 0x00, 0xFC, 0xFF, 0x7F, 0x00, 0xFE, 0xFF, 
  0xFF, 0x03, 0xC0, 0x0F, 0x00, 0x00, 0x00, 0xFC, 0x03, 0x80, 0x03, 0xC0, 
  0x7F, 0x00, 0xFE, 0xFF, 0xFF, 0x07, 0xC0, 0x0F, 0x00, 0x00, 0x00, 0xFC, 
  0x03, 0xE0, 0x03, 0xC0, 0x7F, 0x00, 0xFE, 0x03, 0xC0, 0x07, 0xC0, 0xFF, 
  0xFF, 0x07, 0x80, 0xFF, 0x03, 0xE0, 0x03, 0xC0, 0x7F, 0x00, 0xFE, 0x03, 
  0xC0, 0x03, 0xC0, 0xFF, 0xFF, 0x0F, 0xC0, 0xFF, 0x03, 0xE0, 0x03, 0xC0, 
  0x0F, 0x00, 0xE0, 0x03, 0x00, 0x00, 0xC0, 0xFF, 0xFF, 0x00, 0x00, 0xFC, 
  0x03, 0x00, 0x00, 0xC0, 0x0F, 0x00, 0xE0, 0x03, 0x00, 0x00, 0xC0, 0xFF, 
  0xFF, 0x00, 0x00, 0xFC, 0x03, 0x00, 0x00, 0xC0, 0x0F, 0x00, 0xE0, 0x03, 
  0x00, 0x00, 0xC0, 0xFF, 0xFF, 0x00, 0x00, 0xFC, 0x03, 0x00, 0x00, 0xC0, 
  0x0F, 0x00, 0xE0, 0x03, 0x00, 0x00, 0xC0, 0xFF, 0xFF, 0x00, 0x00, 0xFC, 
  0x03, 0x00, 0x00, 0xC0, 0x0F, 0x00, 0xE0, 0x03, 0x00, 0x00, 0xF0, 0xFF, 
  0xFF, 0x00, 0x00, 0xFC, 0x03, 0x00, 0x00, 0xC0, 0x0F, 0x00, 0xE0, 0x03, 
  0x00, 0x00, 0xF8, 0xFF, 0xFF, 0x00, 0x00, 0xFC, 0x03, 0x00, 0x00, 0xC0, 
  0x0F, 0x00, 0xE0, 0x03, 0x00, 0x00, 0xFC, 0xFF, 0xFF, 0x00, 0x00, 0xFC, 
  0x03, 0x00, 0x00, 0xC0, 0x0F, 0x00, 0xE0, 0xFF, 0xFF, 0xFF, 0xFF, 0xFF, 
  0xFF, 0x01, 0xF0, 0xFF, 0x03, 0x00, 0x00, 0xFF, 0xFF, 0xFF, 0xFF, 0xFF, 
  0xFF, 0xFF, 0xFF, 0xFF, 0xFF, 0xFF, 0xFF, 0xFF, 0xFF, 0xFF, 0xFF, 0xFF, 
  0xFF, 0xFF, 0xFF, 0xFF, 0xFF, 0xFF, 0xFF, 0xFF, 0xFF, 0xFF, 0xFF, 0xFF, 
  0xFF, 0xFF, 0xFF, 0xFF, 0xFF, 0xFF, 0xFF, 0xFF, 0xFF, 0xFF, 0xFF, 0xFF, 
  0xFF, 0xFF, 0xFF, 0xFF, 0xFF, 0xFF, 0xFF, 0xFF, 0xFF, 0xFF, 0xFF, 0xFF, 
  0xFF, 0xFF, 0xFF, 0xFF, 0xFF, 0xFF, 0xFF, 0xFF, 0xFF, 0xFF, 0xFF, 0xFF, 
  0xFF, 0xFF, 0xFF, 0xFF, 0xFF, 0xFF, 0xFF, 0xFF, 0xFF, 0xFF, 0xFF, 0xFF, 
  0xFF, 0xFF, 0xFF, 0xFF, 0xFF, 0xFF, 0xFF, 0xFF, 0xFF, 0xFF, 0xFF, 0xFF, 
  0xFF, 0xFF, 0xFF, 0xFF, 0xFF, 0xFF, 0xFF, 0xFF, 0xFF, 0xFF, 0xFF, 0xFF, 
  0xFF, 0xFF, 0xFF, 0xFF, 0xFF, 0xFF, 0xFF, 0xFF, 0xFF, 0xFF, 0xFF, 0xFF, 
  0xFF, 0xFF, 0xFF, 0xFF, 0xFF, 0xFF, 0xFF, 0xFF, 0xFF, 0xFF, 0xFF, 0xFF, 
  0xFF, 0xFF, 0xFF, 0xFF, 0xFF, 0xFF, 0xFF, 0xFF, 0xFF, 0xFF, 0xFF, 0xFF, 
  0xFF, 0xFF, 0xFF, 0xFF, 0xFF, 0xFF, 0xFF, 0xFF, 0xFF, 0xFF, 0xFF, 0xFF, 
  0xFF, 0xFF, 0xFF, 0xFF, 0xFF, 0xFF, 0xFF, 0xFF, 0xFF, 0xFF, 0xFF, 0xFF, 
  0xFF, 0xFF, 0xFF, 0xFF, 0xFF, 0xFF, 0xFF, 0xFF, 0xFF, 0xFF, 0xFF, 0xFF, 
  0xFF, 0xFF, 0xFF, 0xFF, 0xFF, 0xFF, 0xFF, 0xFF, 0xFF, 0xFF, 0xFF, 0xFF, 
  0xFF, 0xFF, 0xFF, 0xFF, 0xFF, 0xFF, 0xFF, 0xFF, 0xFF, 0xFF, 0xFF, 0xFF, 
  0xFF, 0xFF, 0xFF, 0xFF, 0xFF, 0xFF, 0xFF, 0xFF, 0xFF, 0xFF, 0xFF, 0xFF, 
  0xFF, 0xFF, 0xFF, 0xFF, 0xFF, 0xFF, 0xFF, 0xFF, 0xFF, 0xFF, 0xFF, 0xFF, 
  0xFF, 0xFF, 0xFF, 0xFF, 0xFF, 0xFF, 0xFF, 0xFF, 0xFF, 0xFF, 0xFF, 0xFF, 
  0xFF, 0xFF, 0xFF, 0xFF, 0xFF, 0xFF, 0xFF, 0xFF, 0xFF, 0xFF, 0xFF, 0xFF, 
  0xFF, 0xFF, 0xFF, 0xFF, 0xFF, 0xFF, 0xFF, 0xFF, 0xFF, 0xFF, 0xFF, 0xFF, 
  0xFF, 0xFF, 0xFF, 0xFF, 0xFF, 0xFF, 0xFF, 0xFF, 0xFF, 0xFF, 0xFF, 0xFF, 
  0xFF, 0xFF, 0xFF, 0xFF, };
#endif

#ifdef ENABLE_DKONG
  const uint8_t Dkong_Logo_bits[] PROGMEM = {
  0xFF, 0xFF, 0xFF, 0xFF, 0xFF, 0xFF, 0xFF, 0xFF, 0xFF, 0xFF, 0xFF, 0xFF, 
  0xFF, 0xFF, 0xFF, 0xFF, 0xFF, 0xFF, 0xFF, 0xFF, 0xFF, 0xFF, 0xFF, 0xFF, 
  0xFF, 0xFF, 0xFF, 0xFF, 0xFF, 0xFF, 0xFF, 0xFF, 0xFF, 0xFF, 0xFF, 0xFF, 
  0xFF, 0xFF, 0xFF, 0xFF, 0xFF, 0xFF, 0xFF, 0xFF, 0xFF, 0xFF, 0xFF, 0xFF, 
  0xFF, 0xFF, 0xFF, 0xFF, 0xFF, 0xFF, 0xFF, 0xFF, 0xFF, 0xFF, 0xFF, 0xFF, 
  0xFF, 0xFF, 0xFF, 0xFF, 0xFF, 0xFF, 0xFF, 0xFF, 0xFF, 0xFF, 0xFF, 0xFF, 
  0xFF, 0xFF, 0xFF, 0xFF, 0xFF, 0xFF, 0xFF, 0xFF, 0xFF, 0xFF, 0xFF, 0xFF, 
  0xFF, 0xFF, 0xFF, 0xFF, 0xFF, 0xFF, 0xFF, 0xFF, 0xFF, 0xFF, 0xFF, 0xFF, 
  0xFF, 0xFF, 0xFF, 0xFF, 0xFF, 0xFF, 0xFF, 0xFF, 0xFF, 0xFF, 0xFF, 0xFF, 
  0xFF, 0xFF, 0xFF, 0xFF, 0xFF, 0xFF, 0xFF, 0xFF, 0xFF, 0xFF, 0xFF, 0xFF, 
  0xFF, 0xFF, 0xFF, 0xFF, 0xFF, 0xFF, 0xFF, 0xFF, 0xFF, 0xFF, 0xFF, 0xFF, 
  0xFF, 0xFF, 0xFF, 0xFF, 0xFF, 0xFF, 0xFF, 0xFF, 0xFF, 0xFF, 0xFF, 0xFF, 
  0xFF, 0xFF, 0xFF, 0xFF, 0xFF, 0xFF, 0xFF, 0xFF, 0xFF, 0xFF, 0xFF, 0xFF, 
  0xFF, 0xFF, 0xFF, 0xFF, 0xFF, 0xFF, 0xFF, 0xFF, 0xFF, 0xFF, 0xFF, 0xFF, 
  0xFF, 0xFF, 0xFF, 0xFF, 0xFF, 0xFF, 0xFF, 0xFF, 0xFF, 0xFF, 0xFF, 0xFF, 
  0xFF, 0xFF, 0xFF, 0xFF, 0xFF, 0xFF, 0xFF, 0xFF, 0xFF, 0xFF, 0xFF, 0xFF, 
  0xFF, 0xFF, 0xFF, 0xFF, 0xFF, 0xFF, 0xFF, 0xFF, 0xFF, 0xFF, 0xFF, 0xFF, 
  0xFF, 0xFF, 0xFF, 0xFF, 0xFF, 0xFF, 0xFF, 0xFF, 0xFF, 0xFF, 0xFF, 0xFF, 
  0xFF, 0xFF, 0xFF, 0xFF, 0xFF, 0xFF, 0xFF, 0xFF, 0xFF, 0xFF, 0xFF, 0xFF, 
  0xFF, 0xFF, 0xFF, 0xFF, 0xFF, 0xFF, 0xFF, 0xFF, 0xFF, 0xFF, 0xFF, 0xFF, 
  0xFF, 0xFF, 0xFF, 0xFF, 0xFF, 0xFF, 0xFF, 0xFF, 0xFF, 0xFF, 0xFF, 0xFF, 
  0xFF, 0xFF, 0xFF, 0xFF, 0xFF, 0xFF, 0xF1, 0xFF, 0x38, 0xFF, 0x1F, 0xC7, 
  0xFF, 0xFF, 0xF3, 0xFF, 0xF0, 0xFF, 0xF8, 0xFF, 0x81, 0x7F, 0xE0, 0xE3, 
  0x38, 0x8E, 0x03, 0x87, 0xF1, 0xFF, 0xE3, 0x78, 0xE0, 0xF3, 0xF8, 0xF0, 
  0x00, 0x7F, 0xC0, 0xE1, 0x38, 0x0E, 0x00, 0x8F, 0xF1, 0xFF, 0x63, 0x78, 
  0xC0, 0xE1, 0x78, 0xE0, 0x00, 0x3F, 0xC0, 0xE1, 0x38, 0x06, 0x00, 0x8F, 
  0xF1, 0xFF, 0x73, 0x3C, 0xC0, 0xE1, 0x78, 0xC0, 0x01, 0x3E, 0x80, 0xC1, 
  0x38, 0x46, 0x00, 0x8F, 0xF0, 0xFF, 0x71, 0x3C, 0x80, 0xE1, 0x78, 0xC0, 
  0x01, 0x1E, 0x80, 0xC1, 0x38, 0x46, 0x80, 0x8F, 0xF8, 0xFF, 0x31, 0x1C, 
  0x80, 0xC1, 0x38, 0xC0, 0x21, 0x1E, 0x04, 0xC3, 0x38, 0x42, 0xF0, 0x0F, 
  0xF8, 0xFF, 0x31, 0x1E, 0x84, 0xC1, 0x38, 0xC4, 0x31, 0x1C, 0x04, 0xC3, 
  0x38, 0x62, 0xFC, 0x0F, 0xF8, 0xFF, 0x31, 0x1E, 0x04, 0xC1, 0x38, 0x8E, 
  0x71, 0x0C, 0x06, 0x83, 0x18, 0x63, 0xFC, 0x1F, 0xF8, 0xFF, 0x11, 0x0E, 
  0x06, 0xC3, 0x18, 0xCE, 0x71, 0x0C, 0x06, 0x83, 0x18, 0x71, 0xFC, 0x1F, 
  0xFC, 0xFF, 0x11, 0x0F, 0x06, 0x83, 0x18, 0xFF, 0x71, 0x0C, 0x06, 0x83, 
  0x18, 0x70, 0xFC, 0x1F, 0xFC, 0xFF, 0x01, 0x0F, 0x06, 0x83, 0x18, 0xFF, 
  0x71, 0xCC, 0x3F, 0x82, 0x18, 0x70, 0xF8, 0x1F, 0xFC, 0xFF, 0x01, 0xCF, 
  0x3F, 0x83, 0x18, 0xFF, 0x71, 0xCC, 0x3F, 0x02, 0x18, 0xF8, 0x78, 0x1F, 
  0xFC, 0xFF, 0x81, 0xCF, 0x3F, 0x02, 0x18, 0xFF, 0x71, 0x8C, 0x3F, 0x02, 
  0x18, 0xF8, 0x08, 0x1F, 0xFE, 0xFF, 0x81, 0x8F, 0x3F, 0x02, 0x18, 0xF1, 
  0xF1, 0x08, 0x1F, 0x02, 0x18, 0xF8, 0x00, 0x1F, 0xFE, 0xFF, 0xC1, 0x8F, 
  0x1F, 0x02, 0x18, 0xC1, 0xF1, 0x08, 0x0F, 0x02, 0x18, 0xFC, 0x00, 0x3F, 
  0xFE, 0xFF, 0xC1, 0x0F, 0x0F, 0x02, 0x18, 0xC1, 0xF1, 0x08, 0x0F, 0x02, 
  0x18, 0xF8, 0x00, 0x3F, 0xFE, 0xFF, 0xC1, 0x0F, 0x0F, 0x02, 0x18, 0xC1, 
  0xF1, 0x08, 0x1F, 0x02, 0x10, 0xF8, 0xC0, 0x3F, 0xFE, 0xFF, 0x81, 0x0F, 
  0x0F, 0x02, 0x18, 0xC1, 0xF1, 0x08, 0x1F, 0x22, 0x10, 0xF8, 0xF8, 0x3F, 
  0xFE, 0xFF, 0x81, 0x0F, 0x1F, 0x22, 0x18, 0xC7, 0xF1, 0x08, 0x1B, 0x22, 
  0x10, 0xF8, 0xF8, 0x1F, 0xFF, 0xFF, 0x81, 0x8F, 0x1B, 0x23, 0x10, 0xC7, 
  0x71, 0x8C, 0x19, 0x23, 0x10, 0xF0, 0xF8, 0x1F, 0xFF, 0xFF, 0x81, 0x8F, 
  0x19, 0x23, 0x10, 0xC7, 0x71, 0x8C, 0x10, 0x63, 0x10, 0xF1, 0xF8, 0x1F, 
  0xFF, 0xFF, 0x11, 0x8F, 0x10, 0x23, 0x10, 0xC7, 0x71, 0x8C, 0x00, 0x63, 
  0x10, 0xF1, 0xF0, 0x1F, 0xFF, 0xFF, 0x11, 0x8F, 0x00, 0x63, 0x10, 0xC7, 
  0x71, 0x1C, 0x00, 0x63, 0x10, 0xF1, 0xF1, 0x1D, 0xFF, 0xFF, 0x11, 0x1F, 
  0x00, 0x63, 0x10, 0xC7, 0x21, 0x1C, 0x00, 0x63, 0x10, 0xF1, 0x31, 0x1C, 
  0xFF, 0xFF, 0x11, 0x1F, 0x80, 0x63, 0x10, 0xC2, 0x03, 0x1C, 0x80, 0xE3, 
  0x10, 0xE3, 0x01, 0x1C, 0xFF, 0xFF, 0x11, 0x1E, 0x80, 0x63, 0x30, 0xC0, 
  0x03, 0x3E, 0x80, 0xE3, 0x10, 0xE3, 0x01, 0x1C, 0xFF, 0xFF, 0x38, 0x3E, 
  0x80, 0xE3, 0x30, 0xC0, 0x03, 0x3E, 0xC0, 0xE3, 0x10, 0xE3, 0x01, 0x18, 
  0xFF, 0xFF, 0x38, 0x3E, 0xC0, 0xE3, 0x30, 0xC0, 0x03, 0x7F, 0xC0, 0xC7, 
  0x10, 0xE3, 0x01, 0x1C, 0xFF, 0xFF, 0x38, 0x7E, 0xC0, 0xE3, 0x70, 0xC0, 
  0x03, 0xFF, 0xE0, 0xC7, 0x91, 0xC7, 0x01, 0x1F, 0xFF, 0xFF, 0x39, 0x7E, 
  0xE0, 0xE3, 0xF9, 0xC0, 0xE3, 0xFF, 0xF1, 0xE7, 0xFF, 0xC7, 0xE1, 0xFF, 
  0xFF, 0xFF, 0x7F, 0xFC, 0xF9, 0xE7, 0xFF, 0xE7, 0xFF, 0xFF, 0xFF, 0xFF, 
  0xFF, 0xFF, 0xF9, 0xFF, 0xFF, 0xFF, 0xFF, 0xFF, 0xFF, 0xFF, 0xFF, 0xFF, 
  0xFF, 0xFF, 0xFF, 0xFF, 0xFF, 0xFF, 0xFF, 0xFF, 0xFF, 0xFF, 0xFF, 0xFF, 
  0xFF, 0xFF, 0xFF, 0xFF, 0xFF, 0xFF, 0xFF, 0xFF, 0xFF, 0xFF, 0xFF, 0xFF, 
  0xFF, 0xFF, 0xFF, 0xFF, 0xFF, 0xFF, 0xFF, 0xFF, 0xFF, 0xFF, 0xFF, 0xFF, 
  0xFF, 0xFF, 0xFF, 0xFF, 0xFF, 0xFF, 0xFF, 0xFF, 0xFF, 0xFF, 0xFF, 0xFF, 
  0xFF, 0xFF, 0xFF, 0xFF, 0xFF, 0xFF, 0xFF, 0xFF, 0xFF, 0xFF, 0xFF, 0xFF, 
  0xFF, 0xFF, 0xFF, 0xFF, 0xFF, 0xFF, 0xFF, 0xFF, 0xFF, 0xFF, 0xFF, 0xFF, 
  0xFF, 0xFF, 0xFF, 0xFF, 0xFF, 0xFF, 0xFF, 0xFF, 0xFF, 0xFF, 0xFF, 0xFF, 
  0xFF, 0xFF, 0xFF, 0xFF, 0xFF, 0xFF, 0xFF, 0xFF, 0xFF, 0xFF, 0xFF, 0xFF, 
  0xFF, 0xFF, 0xFF, 0xFF, 0xFF, 0xFF, 0xFF, 0xFF, 0xFF, 0xFF, 0xFF, 0xFF, 
  0xFF, 0xFF, 0xFF, 0xFF, 0xFF, 0xFF, 0xFF, 0xFF, 0xFF, 0xFF, 0xFF, 0xFF, 
  0xFF, 0xFF, 0xFF, 0xFF, 0xFF, 0xFF, 0xFF, 0xFF, 0xFF, 0xFF, 0xFF, 0xFF, 
  0xFF, 0xFF, 0xFF, 0xFF, 0xFF, 0xFF, 0xFF, 0xFF, 0xFF, 0xFF, 0xFF, 0xFF, 
  0xFF, 0xFF, 0xFF, 0xFF, 0xFF, 0xFF, 0xFF, 0xFF, 0xFF, 0xFF, 0xFF, 0xFF, 
  0xFF, 0xFF, 0xFF, 0xFF, 0xFF, 0xFF, 0xFF, 0xFF, 0xFF, 0xFF, 0xFF, 0xFF, 
  0xFF, 0xFF, 0xFF, 0xFF, 0xFF, 0xFF, 0xFF, 0xFF, 0xFF, 0xFF, 0xFF, 0xFF, 
  0xFF, 0xFF, 0xFF, 0xFF, 0xFF, 0xFF, 0xFF, 0xFF, 0xFF, 0xFF, 0xFF, 0xFF, 
  0xFF, 0xFF, 0xFF, 0xFF, 0xFF, 0xFF, 0xFF, 0xFF, 0xFF, 0xFF, 0xFF, 0xFF, 
  0xFF, 0xFF, 0xFF, 0xFF, 0xFF, 0xFF, 0xFF, 0xFF, 0xFF, 0xFF, 0xFF, 0xFF, 
  0xFF, 0xFF, 0xFF, 0xFF, 0xFF, 0xFF, 0xFF, 0xFF, 0xFF, 0xFF, 0xFF, 0xFF, 
  0xFF, 0xFF, 0xFF, 0xFF, 0xFF, 0xFF, 0xFF, 0xFF, 0xFF, 0xFF, 0xFF, 0xFF, 
  0xFF, 0xFF, 0xFF, 0xFF, 0xFF, 0xFF, 0xFF, 0xFF, 0xFF, 0xFF, 0xFF, 0xFF, 
  0xFF, 0xFF, 0xFF, 0xFF, };
#endif

#ifdef ENABLE_DIGDUG
  const uint8_t Digdug_Logo_bits[] PROGMEM = {
  0xFF, 0xFF, 0xFF, 0xFF, 0xFF, 0xFF, 0xFF, 0xFF, 0xFF, 0xFF, 0xFF, 0xFF, 
  0xFF, 0xFF, 0xFF, 0xFF, 0xFF, 0xFF, 0xFF, 0xFF, 0xFF, 0xFF, 0xFF, 0xFF, 
  0xFF, 0xFF, 0xFF, 0xFF, 0xFF, 0xFF, 0xFF, 0xFF, 0xFF, 0xFF, 0xFF, 0xFF, 
  0xFF, 0xFF, 0xFF, 0xFF, 0xFF, 0xFF, 0xFF, 0xFF, 0xFF, 0xFF, 0xFF, 0xFF, 
  0xFF, 0xFF, 0xFF, 0xFF, 0xFF, 0xFF, 0xFF, 0xFF, 0xFF, 0xFF, 0xFF, 0xFF, 
  0xFF, 0xFF, 0xFF, 0xFF, 0xFF, 0xFF, 0xFF, 0xFF, 0xFF, 0xFF, 0xFF, 0xFF, 
  0xFF, 0xFF, 0xFF, 0xFF, 0xFF, 0xFF, 0xFF, 0xFF, 0xFF, 0xFF, 0xFF, 0xFF, 
  0xFF, 0xFF, 0xFF, 0xFF, 0xFF, 0xFF, 0xFF, 0xFF, 0xFF, 0xFF, 0xFF, 0xFF, 
  0xFF, 0xFF, 0xFF, 0xFF, 0xFF, 0xFF, 0xFF, 0xFF, 0xFF, 0xFF, 0xFF, 0xFF, 
  0xFF, 0xFF, 0xFF, 0xFF, 0xFF, 0xFF, 0xFF, 0xFF, 0xFF, 0xFF, 0xFF, 0xFF, 
  0xFF, 0xFF, 0xFF, 0xFF, 0xFF, 0xFF, 0xF9, 0xFF, 0xFF, 0xFF, 0xFF, 0xFF, 
  0x81, 0xFF, 0xFF, 0xFF, 0xFF, 0xFF, 0xFF, 0xFF, 0xFF, 0xFF, 0xE1, 0xFF, 
  0xFF, 0xFF, 0xFF, 0xFF, 0x00, 0xE0, 0xFF, 0xFF, 0xFF, 0xFF, 0xFF, 0xFF, 
  0xFF, 0xFF, 0x80, 0xFF, 0xFF, 0xFF, 0xC3, 0xFF, 0x00, 0xE0, 0xFF, 0x03, 
  0xFF, 0xFF, 0xFF, 0xFF, 0xFF, 0xFF, 0x08, 0xFE, 0xFF, 0x3F, 0x80, 0x7F, 
  0xF8, 0xF3, 0x1F, 0x80, 0xFF, 0x3F, 0xFF, 0xFF, 0xFF, 0x7F, 0x38, 0xF8, 
  0xFF, 0x07, 0x80, 0x7F, 0xF8, 0xF3, 0x1F, 0x90, 0xFF, 0x03, 0xFE, 0xFF, 
  0xFF, 0x7F, 0xF8, 0xF0, 0x7F, 0x00, 0x00, 0x7F, 0xF0, 0xF9, 0x0F, 0x9F, 
  0x1F, 0x00, 0xFC, 0xFF, 0xFF, 0x1F, 0xF8, 0xF8, 0x0F, 0x00, 0x0C, 0x3E, 
  0xF0, 0xFD, 0x0F, 0xDF, 0x01, 0x00, 0xF8, 0xFF, 0xFF, 0x1F, 0x38, 0xFC, 
  0x0F, 0x80, 0x1F, 0x3C, 0xE0, 0xFC, 0x0F, 0xCF, 0x00, 0x40, 0xF0, 0xFF, 
  0xFF, 0x0F, 0x00, 0xFF, 0x0F, 0xF0, 0x3F, 0x3C, 0x60, 0xFE, 0x03, 0xCE, 
  0x00, 0xFE, 0xE1, 0xFF, 0xFF, 0x0F, 0x01, 0xFF, 0x07, 0xFF, 0x7F, 0x38, 
  0x40, 0xFE, 0x03, 0xCE, 0xF0, 0xFF, 0xC3, 0xFF, 0xFF, 0xCF, 0x01, 0xFE, 
  0x87, 0xFF, 0xFF, 0x30, 0x00, 0xFF, 0x01, 0x04, 0xF8, 0xFF, 0x87, 0xFF, 
  0xFF, 0xC7, 0x39, 0xFC, 0x87, 0xFF, 0xFF, 0x70, 0x00, 0xFF, 0x71, 0x00, 
  0xF8, 0xFF, 0x0F, 0xFF, 0xFF, 0xC7, 0x7D, 0xF8, 0x83, 0xFF, 0xFF, 0x71, 
  0x00, 0xFE, 0xF1, 0x00, 0xF8, 0xFF, 0x1F, 0xFF, 0xFF, 0x87, 0xFF, 0xF8, 
  0x83, 0xFF, 0xFF, 0x7B, 0x00, 0xE0, 0xF0, 0x10, 0xF8, 0xFF, 0x3F, 0xFF, 
  0xFF, 0x83, 0x7F, 0xFC, 0x83, 0x7F, 0xFE, 0x7F, 0x00, 0xE0, 0xE0, 0x11, 
  0xF0, 0xFF, 0xFF, 0xFF, 0xFF, 0x81, 0x7F, 0xFC, 0x81, 0x7F, 0xFC, 0x37, 
  0x00, 0x60, 0xC0, 0x39, 0xF0, 0xF7, 0xFF, 0xFF, 0x7F, 0x80, 0x3F, 0xFC, 
  0x81, 0x7F, 0xF8, 0x07, 0x7C, 0x00, 0xC0, 0x3B, 0xF0, 0xC7, 0x7F, 0xFE, 
  0x1F, 0xE0, 0x3F, 0xFE, 0x81, 0x7F, 0xF0, 0x03, 0xFC, 0x01, 0xE0, 0x3F, 
  0xF0, 0x87, 0x7F, 0xFC, 0x1F, 0xFC, 0x3F, 0xFE, 0x81, 0x7F, 0xC0, 0x03, 
  0xFC, 0x01, 0xF8, 0x1F, 0xF0, 0x07, 0x7E, 0xFC, 0x0F, 0xFF, 0x1F, 0xFC, 
  0x01, 0x7F, 0xC3, 0x03, 0xFC, 0x80, 0xFF, 0x1F, 0xF0, 0x07, 0x3C, 0x00, 
  0x0E, 0xFF, 0x1F, 0xF8, 0x01, 0x7F, 0xC3, 0x03, 0xFC, 0xE0, 0xFF, 0x0F, 
  0xF0, 0x37, 0x3C, 0x00, 0x00, 0xFE, 0x3F, 0xF8, 0x03, 0x7F, 0xE3, 0x03, 
  0xFC, 0xE0, 0xFF, 0x07, 0xF0, 0x77, 0x3E, 0x00, 0x00, 0xF8, 0xFF, 0xF0, 
  0x03, 0x7F, 0xF0, 0x03, 0xFC, 0xE0, 0xFF, 0x07, 0xF0, 0x37, 0x3F, 0x38, 
  0x00, 0xF8, 0xFF, 0xE1, 0x03, 0x7F, 0xF8, 0x01, 0x7C, 0xC0, 0xFF, 0x07, 
  0xF0, 0x87, 0x3F, 0xFC, 0x11, 0xFC, 0xFF, 0xE1, 0x03, 0x7F, 0xFC, 0x01, 
  0x7C, 0xC0, 0xFF, 0x2F, 0xF0, 0xC7, 0x1F, 0xFC, 0x71, 0xFC, 0xFF, 0xF1, 
  0x03, 0x7F, 0xFE, 0x01, 0x7C, 0xC0, 0xFF, 0x7F, 0xE0, 0xE7, 0x1F, 0xFC, 
  0x71, 0xFC, 0xFF, 0xF1, 0x03, 0x3F, 0xFF, 0x01, 0x64, 0x40, 0x00, 0x7C, 
  0x20, 0x00, 0x10, 0xFC, 0x79, 0xFC, 0xFF, 0xF0, 0x03, 0x01, 0x00, 0x01, 
  0x24, 0x40, 0x00, 0x40, 0x00, 0x00, 0x10, 0x02, 0x49, 0x00, 0x80, 0xF0, 
  0x03, 0x01, 0x00, 0x01, 0x3C, 0x40, 0x00, 0x20, 0x20, 0x00, 0x10, 0x02, 
  0x4C, 0x00, 0x00, 0xF8, 0x07, 0x01, 0x00, 0x00, 0x02, 0x40, 0x00, 0x00, 
  0x20, 0x00, 0x00, 0x02, 0x40, 0x00, 0x40, 0xF8, 0x07, 0x01, 0x80, 0x18, 
  0x02, 0x40, 0x00, 0x10, 0x20, 0x00, 0x08, 0x02, 0x40, 0x04, 0x40, 0xF8, 
  0x07, 0x01, 0x80, 0x18, 0x00, 0x40, 0x00, 0x10, 0x20, 0x00, 0x08, 0x02, 
  0x00, 0x04, 0x20, 0xFC, 0x07, 0x01, 0x80, 0x18, 0x01, 0x40, 0x00, 0x08, 
  0x20, 0x00, 0x08, 0x02, 0x00, 0x04, 0x20, 0xFC, 0x07, 0x01, 0x80, 0x18, 
  0x01, 0x40, 0x00, 0x08, 0x20, 0x00, 0x0C, 0x02, 0x20, 0x04, 0x00, 0xFC, 
  0x07, 0x00, 0x00, 0x98, 0x80, 0xC0, 0x00, 0x04, 0xE0, 0xFC, 0x07, 0x02, 
  0x20, 0x7C, 0x10, 0xFE, 0x07, 0x02, 0x7C, 0x98, 0x80, 0xC0, 0x7F, 0x46, 
  0xE0, 0x7F, 0x00, 0x04, 0x20, 0xE4, 0x1F, 0xFE, 0x07, 0xFF, 0x0F, 0x9C, 
  0xC0, 0x41, 0xF0, 0xE3, 0x60, 0x00, 0x00, 0x04, 0x20, 0x00, 0x08, 0xFE, 
  0x0F, 0x07, 0x00, 0x5C, 0xC0, 0x01, 0x00, 0xE0, 0x20, 0x00, 0x00, 0x7C, 
  0x20, 0x02, 0x00, 0xFF, 0x0F, 0x01, 0x00, 0x7C, 0xE0, 0x21, 0x00, 0xF0, 
  0x20, 0x00, 0x00, 0x84, 0x31, 0x02, 0x00, 0xFF, 0x0F, 0x01, 0x00, 0x7E, 
  0xE0, 0x21, 0x00, 0xF0, 0x11, 0x00, 0x20, 0x00, 0x1F, 0x01, 0x00, 0xFF, 
  0x8F, 0x00, 0x00, 0xFE, 0xFF, 0x11, 0x00, 0xF0, 0x11, 0x00, 0x30, 0x82, 
  0x01, 0x01, 0x00, 0xFF, 0x8F, 0x00, 0x00, 0xFE, 0xFF, 0x11, 0x00, 0xF8, 
  0x11, 0x00, 0x70, 0x82, 0x00, 0x01, 0x80, 0xFF, 0x0F, 0x00, 0x00, 0xFF, 
  0xFF, 0x03, 0x00, 0xF8, 0x09, 0x00, 0x70, 0x80, 0x00, 0x00, 0x80, 0xFF, 
  0x4F, 0x00, 0x00, 0xFF, 0xFF, 0x0B, 0x00, 0xF8, 0x09, 0x00, 0x78, 0x80, 
  0x80, 0x00, 0x80, 0xFF, 0x4F, 0x00, 0x80, 0xFF, 0xFF, 0x0B, 0x00, 0xFC, 
  0x0B, 0x00, 0xF8, 0x41, 0x80, 0x00, 0xC0, 0xFF, 0x1F, 0x00, 0x80, 0xFF, 
  0xFF, 0x07, 0x00, 0xFC, 0x07, 0xC0, 0xFF, 0x41, 0x80, 0x00, 0xC0, 0xFF, 
  0x3F, 0x00, 0x80, 0xFF, 0xFF, 0x0F, 0x00, 0xFC, 0xC7, 0xFF, 0xFF, 0x7F, 
  0xC0, 0x0F, 0xC0, 0xFF, 0x3F, 0x00, 0xFE, 0xFF, 0xFF, 0xFF, 0x03, 0xFE, 
  0xFF, 0xFF, 0xFF, 0x7F, 0xC0, 0xFF, 0xE1, 0xFF, 0xFF, 0xFF, 0xFF, 0xFF, 
  0xFF, 0xFF, 0xFF, 0xFF, 0xFF, 0xFF, 0xFF, 0xFF, 0xFF, 0xFF, 0xFF, 0xFF, 
  0xFF, 0xFF, 0xFF, 0xFF, 0xFF, 0xFF, 0xFF, 0xFF, 0xFF, 0xFF, 0xFF, 0xFF, 
  0xFF, 0xFF, 0xFF, 0xFF, 0xFF, 0xFF, 0xFF, 0xFF, 0xFF, 0xFF, 0xFF, 0xFF, 
  0xFF, 0xFF, 0xFF, 0xFF, 0xFF, 0xFF, 0xFF, 0xFF, 0xFF, 0xFF, 0xFF, 0xFF, 
  0xFF, 0xFF, 0xFF, 0xFF, 0xFF, 0xFF, 0xFF, 0xFF, 0xFF, 0xFF, 0xFF, 0xFF, 
  0xFF, 0xFF, 0xFF, 0xFF, 0xFF, 0xFF, 0xFF, 0xFF, 0xFF, 0xFF, 0xFF, 0xFF, 
  0xFF, 0xFF, 0xFF, 0xFF, 0xFF, 0xFF, 0xFF, 0xFF, 0xFF, 0xFF, 0xFF, 0xFF, 
  0xFF, 0xFF, 0xFF, 0xFF, 0xFF, 0xFF, 0xFF, 0xFF, 0xFF, 0xFF, 0xFF, 0xFF, 
  0xFF, 0xFF, 0xFF, 0xFF, 0xFF, 0xFF, 0xFF, 0xFF, 0xFF, 0xFF, 0xFF, 0xFF, 
  0xFF, 0xFF, 0xFF, 0xFF, 0xFF, 0xFF, 0xFF, 0xFF, 0xFF, 0xFF, 0xFF, 0xFF, 
  0xFF, 0xFF, 0xFF, 0xFF, };
#endif



#ifdef ENABLE_FROGGER
  const uint8_t Frogger_Logo_bits[] PROGMEM = {
  0xFF, 0xFF, 0xFF, 0xFF, 0xFF, 0xFF, 0xFF, 0xFF, 0xFF, 0xFF, 0xFF, 0xFF, 
  0xFF, 0xFF, 0xFF, 0xFF, 0xFF, 0xFF, 0xFF, 0xFF, 0xFF, 0xFF, 0xFF, 0xFF, 
  0xFF, 0xFF, 0xFF, 0xFF, 0xFF, 0xFF, 0xFF, 0xFF, 0xFF, 0xFF, 0xFF, 0x0F, 
  0xC0, 0xFF, 0xFF, 0xFF, 0xFF, 0xFF, 0xFF, 0xFF, 0xFF, 0xFF, 0xFF, 0xFF, 
  0xFF, 0xFF, 0xFF, 0x00, 0x00, 0xFE, 0xFF, 0xFF, 0xFF, 0xFF, 0xFF, 0xFF, 
  0xFF, 0xFF, 0xFF, 0xFF, 0xFF, 0xFF, 0x3F, 0x00, 0x00, 0xF8, 0xFF, 0xFF, 
  0xFF, 0xFF, 0xFF, 0xFF, 0xFF, 0xFF, 0xFF, 0xFF, 0xFF, 0xFF, 0x0F, 0x00, 
  0x00, 0xF0, 0xFF, 0xFF, 0xFF, 0xFF, 0xFF, 0xFF, 0xFF, 0xFF, 0xFF, 0xFF, 
  0xFF, 0xFF, 0x03, 0x00, 0x00, 0xE0, 0xFF, 0xFF, 0xFF, 0xFF, 0xFF, 0xFF, 
  0xFF, 0xFF, 0xFF, 0xFF, 0xFF, 0xFF, 0x00, 0x00, 0x00, 0xE0, 0xFF, 0xFF, 
  0xFF, 0xFF, 0xFF, 0xFF, 0xFF, 0xFF, 0xFF, 0xFF, 0xFF, 0x7F, 0x00, 0x00, 
  0x00, 0xC0, 0xFF, 0xFF, 0xFF, 0xFF, 0xFF, 0xFF, 0xFF, 0xFF, 0xFF, 0xFF, 
  0xFF, 0x3F, 0x00, 0x00, 0x00, 0xC0, 0xFF, 0xFF, 0xFF, 0xFF, 0xFF, 0xFF, 
  0xFF, 0xFF, 0xFF, 0xFF, 0xFF, 0x1F, 0x00, 0x00, 0x00, 0xC0, 0xFF, 0xFF, 
  0xFF, 0xFF, 0xFF, 0xFF, 0xFF, 0xFF, 0xFF, 0xFF, 0xFF, 0x0F, 0x00, 0x00, 
  0x00, 0xC0, 0xFF, 0xFF, 0xFF, 0xFF, 0xFF, 0xFF, 0xFF, 0xFF, 0xFF, 0xFF, 
  0xFF, 0x07, 0x00, 0x00, 0x00, 0xC0, 0xFF, 0xFF, 0xFF, 0xFF, 0xFF, 0xFF, 
  0xFF, 0xFF, 0xFF, 0xFF, 0xFF, 0x03, 0x00, 0x00, 0x00, 0xC0, 0xFF, 0xFF, 
  0xFF, 0xFF, 0xFF, 0xFF, 0xFF, 0xFF, 0xFF, 0xFF, 0xFF, 0x01, 0x00, 0x00, 
  0x00, 0xE0, 0xFF, 0xFF, 0xFF, 0xFF, 0xFF, 0xFF, 0xFF, 0xFF, 0xFF, 0xFF, 
  0xFF, 0x00, 0x00, 0x00, 0x00, 0xE0, 0xFF, 0xFF, 0xFF, 0xFF, 0xFF, 0xFF, 
  0xFF, 0xFF, 0xFF, 0xFF, 0x7F, 0x00, 0x00, 0x00, 0x00, 0xE0, 0xFF, 0xFF, 
  0xFF, 0xFF, 0xFF, 0xFF, 0xFF, 0xFF, 0xFF, 0xFF, 0x7F, 0x00, 0x00, 0x00, 
  0x00, 0xF0, 0xFF, 0xFF, 0xFF, 0xFF, 0xE7, 0xFF, 0xFF, 0xFF, 0xFF, 0xFF, 
  0x3F, 0x00, 0x00, 0x00, 0x00, 0xF0, 0xFF, 0xFF, 0xFF, 0x03, 0xC3, 0xFF, 
  0xFF, 0xFF, 0xFF, 0xFF, 0x3F, 0x00, 0x00, 0x00, 0x00, 0xF8, 0xFF, 0xFF, 
  0xFF, 0x01, 0x80, 0xFF, 0xFF, 0xFF, 0xFF, 0xFF, 0x1F, 0x00, 0x00, 0xF0, 
  0x00, 0xFC, 0xFF, 0xFF, 0xE1, 0x00, 0x80, 0xFF, 0xC0, 0xFF, 0xFF, 0xFF, 
  0x1F, 0x00, 0x80, 0xFF, 0x07, 0xFE, 0xFF, 0xFF, 0x60, 0x00, 0x80, 0x1F, 
  0x00, 0xFE, 0xFF, 0xFF, 0x0F, 0x00, 0xE0, 0xF0, 0xFF, 0xFF, 0xFF, 0x00, 
  0x00, 0x00, 0x80, 0x07, 0x00, 0x3C, 0xFC, 0xFF, 0x0F, 0x00, 0x78, 0xE0, 
  0xE0, 0xFF, 0x7F, 0x00, 0x00, 0x00, 0x80, 0x03, 0x00, 0x18, 0xF0, 0xFF, 
  0x0F, 0x00, 0x3C, 0x00, 0x00, 0xFF, 0x3F, 0x00, 0x00, 0x00, 0x80, 0x01, 
  0x00, 0x00, 0x10, 0xFE, 0x0F, 0x00, 0x1E, 0x00, 0x00, 0xFE, 0x1F, 0x00, 
  0x00, 0x00, 0x80, 0x00, 0x00, 0x00, 0x00, 0xF8, 0x0F, 0x00, 0x1F, 0x00, 
  0x00, 0xFC, 0x1F, 0x00, 0x00, 0x00, 0x00, 0x00, 0x00, 0x00, 0x00, 0xF0, 
  0x0F, 0x00, 0x1F, 0x00, 0x00, 0xFC, 0x0F, 0x00, 0x00, 0x30, 0x00, 0x00, 
  0x00, 0x00, 0x00, 0xE0, 0x0F, 0x00, 0x1F, 0x00, 0x00, 0xFC, 0x0F, 0x00, 
  0x00, 0x78, 0x00, 0x00, 0x0C, 0x00, 0x00, 0xE0, 0x0F, 0x80, 0x1F, 0x00, 
  0x00, 0xFC, 0x07, 0x00, 0x00, 0x78, 0x00, 0x00, 0x1F, 0x00, 0x00, 0xC0, 
  0x0F, 0x80, 0x1F, 0x00, 0x00, 0xFC, 0x07, 0x00, 0x00, 0x78, 0x00, 0x80, 
  0x1F, 0x00, 0x00, 0xC0, 0x0F, 0x80, 0x1F, 0x00, 0x00, 0xFE, 0x07, 0x00, 
  0x00, 0x70, 0x00, 0x80, 0x1F, 0x00, 0x00, 0xC0, 0x0F, 0x80, 0x1F, 0x00, 
  0xC0, 0xFF, 0x07, 0x38, 0x00, 0x00, 0x00, 0xC0, 0x0F, 0x00, 0x00, 0xC0, 
  0x0F, 0x00, 0x3F, 0x00, 0x38, 0x80, 0x07, 0x3C, 0x00, 0x00, 0x00, 0x80, 
  0x07, 0x00, 0x00, 0xC0, 0x1F, 0x00, 0x3F, 0x00, 0x0E, 0x00, 0x06, 0x3C, 
  0x00, 0x00, 0x00, 0x00, 0x00, 0x00, 0x30, 0xC0, 0x1F, 0x00, 0x00, 0x00, 
  0x03, 0x00, 0x00, 0x3C, 0x00, 0x00, 0x00, 0x00, 0x00, 0x00, 0x30, 0xC0, 
  0x1F, 0x00, 0x00, 0x00, 0x01, 0x00, 0x00, 0x18, 0x00, 0x00, 0x00, 0x00, 
  0x00, 0x00, 0x38, 0xC0, 0x1F, 0x00, 0x00, 0x00, 0x00, 0x00, 0x00, 0x00, 
  0x00, 0x00, 0x00, 0x00, 0x00, 0x04, 0x78, 0xE0, 0x3F, 0x00, 0x00, 0x00, 
  0x00, 0x00, 0x00, 0x00, 0x40, 0x00, 0x00, 0x00, 0x00, 0x06, 0x78, 0xE0, 
  0x3F, 0x00, 0x00, 0x00, 0x00, 0x00, 0x00, 0x00, 0x40, 0x00, 0x00, 0x00, 
  0x00, 0x07, 0xFC, 0xF8, 0x3F, 0x00, 0x00, 0x00, 0x00, 0x06, 0x00, 0x00, 
  0xE0, 0x01, 0x00, 0x00, 0x80, 0x07, 0xFC, 0xFF, 0x3F, 0x00, 0x00, 0x00, 
  0x80, 0x1F, 0x00, 0x00, 0x60, 0x7E, 0x00, 0x00, 0xF8, 0x07, 0xFC, 0xFF, 
  0x7F, 0x00, 0x00, 0x00, 0x80, 0x1F, 0x00, 0x00, 0x00, 0x10, 0x00, 0x00, 
  0xFF, 0x07, 0xFC, 0xFF, 0x7F, 0x00, 0x00, 0x00, 0x80, 0x1F, 0x00, 0x00, 
  0x00, 0x00, 0x20, 0x00, 0x00, 0x04, 0xFC, 0xFF, 0x7F, 0x00, 0x00, 0x00, 
  0x80, 0x1F, 0x00, 0x00, 0x00, 0x00, 0x60, 0x00, 0x00, 0x00, 0xFC, 0xFF, 
  0xFF, 0x00, 0x60, 0x00, 0x00, 0x06, 0x60, 0x00, 0x00, 0x00, 0xE0, 0x00, 
  0x00, 0x00, 0xFE, 0xFF, 0xFF, 0x00, 0x78, 0x00, 0x00, 0x00, 0xE0, 0x00, 
  0x00, 0x00, 0xF0, 0x01, 0x00, 0x00, 0xFE, 0xFF, 0xFF, 0x00, 0x7C, 0x00, 
  0x00, 0x00, 0xF0, 0x7F, 0x00, 0x00, 0xF0, 0x03, 0x00, 0x06, 0xFE, 0xFF, 
  0xFF, 0x01, 0x7C, 0x00, 0x00, 0x00, 0x30, 0x7F, 0x00, 0x00, 0xF8, 0x07, 
  0x80, 0x07, 0xFE, 0xFF, 0xFF, 0x01, 0x7C, 0x00, 0x00, 0x00, 0x08, 0x1C, 
  0x00, 0x00, 0xF8, 0x3F, 0xE0, 0x0F, 0xFF, 0xFF, 0xFF, 0x01, 0x7C, 0x00, 
  0x01, 0x00, 0x04, 0x00, 0x00, 0x00, 0xFC, 0xFF, 0xFF, 0xFF, 0xFF, 0xFF, 
  0xFF, 0x01, 0xFC, 0x00, 0x03, 0x00, 0x03, 0x00, 0x10, 0x00, 0xFE, 0xFF, 
  0xFF, 0xFF, 0xFF, 0xFF, 0xFF, 0x03, 0xF8, 0x80, 0x0F, 0x80, 0x03, 0x00, 
  0x30, 0x00, 0xFF, 0xFF, 0xFF, 0xFF, 0xFF, 0xFF, 0xFF, 0x03, 0xF8, 0x81, 
  0xFF, 0xFF, 0x01, 0x00, 0xF0, 0x80, 0xFF, 0xFF, 0xFF, 0xFF, 0xFF, 0xFF, 
  0xFF, 0x03, 0xF8, 0xC3, 0xFF, 0xFF, 0x01, 0x00, 0xF8, 0xFF, 0xFF, 0xFF, 
  0xFF, 0xFF, 0xFF, 0xFF, 0xFF, 0x07, 0xFC, 0xFF, 0xFF, 0xFF, 0x03, 0x00, 
  0xF8, 0xFF, 0xFF, 0xFF, 0xFF, 0xFF, 0xFF, 0xFF, 0xFF, 0x07, 0xFC, 0xFF, 
  0xFF, 0xFF, 0x03, 0x00, 0xFC, 0xFF, 0xFF, 0xFF, 0xFF, 0xFF, 0xFF, 0xFF, 
  0xFF, 0x0F, 0xFE, 0xFF, 0xFF, 0xFF, 0x03, 0x00, 0xFC, 0xFF, 0xFF, 0xFF, 
  0xFF, 0xFF, 0xFF, 0xFF, 0xFF, 0x1F, 0xFF, 0xFF, 0xFF, 0xFF, 0x07, 0x00, 
  0xFE, 0xFF, 0xFF, 0xFF, 0xFF, 0xFF, 0xFF, 0xFF, 0xFF, 0xFF, 0xFF, 0xFF, 
  0xFF, 0xFF, 0x0F, 0x00, 0xFF, 0xFF, 0xFF, 0xFF, 0xFF, 0xFF, 0xFF, 0xFF, 
  0xFF, 0xFF, 0xFF, 0xFF, 0xFF, 0xFF, 0x3F, 0xC0, 0xFF, 0xFF, 0xFF, 0xFF, 
  0xFF, 0xFF, 0xFF, 0xFF, 0xFF, 0xFF, 0xFF, 0xFF, 0xFF, 0xFF, 0xFF, 0xFF, 
  0xFF, 0xFF, 0xFF, 0xFF, 0xFF, 0xFF, 0xFF, 0xFF, 0xFF, 0xFF, 0xFF, 0xFF, 
  0xFF, 0xFF, 0xFF, 0xFF, 0xFF, 0xFF, 0xFF, 0xFF, 0xFF, 0xFF, 0xFF, 0xFF, 
  0xFF, 0xFF, 0xFF, 0xFF, 0xFF, 0xFF, 0xFF, 0xFF, 0xFF, 0xFF, 0xFF, 0xFF, 
  0xFF, 0xFF, 0xFF, 0xFF, };
#endif

#ifdef ENABLE_CRUSH
  const uint8_t Crush_Logo_bits[] PROGMEM = {
	0x00, 0x00, 0x00, 0x00, 0x00, 0x00, 0x00, 0x00, 0x00, 0x00, 0x00, 0x00, 0x00, 0x00, 0x00, 0x00, 
	0x00, 0x00, 0x00, 0x00, 0x00, 0x00, 0x00, 0x00, 0x00, 0x00, 0x00, 0x00, 0x00, 0x00, 0x00, 0x00, 
	0x00, 0x00, 0x00, 0x00, 0x00, 0x00, 0x00, 0x00, 0x00, 0x00, 0x00, 0x00, 0x00, 0x00, 0x00, 0x00, 
	0x00, 0x00, 0x00, 0x00, 0x00, 0x00, 0x00, 0x00, 0x00, 0x00, 0x00, 0x00, 0x00, 0x00, 0x00, 0x00, 
	0x00, 0x00, 0x00, 0x00, 0x00, 0x00, 0x00, 0x00, 0x00, 0x00, 0x00, 0x00, 0x00, 0x00, 0x00, 0x00, 
	0x00, 0x00, 0x00, 0x00, 0xa4, 0x01, 0x00, 0x00, 0x00, 0x00, 0x00, 0x00, 0x00, 0x00, 0x00, 0x00, 
	0x00, 0x00, 0x00, 0xe0, 0xf3, 0x03, 0x00, 0x00, 0x00, 0x00, 0x80, 0x07, 0x00, 0x00, 0x00, 0x00, 
	0x00, 0x00, 0x00, 0xf8, 0xf8, 0x03, 0x00, 0x00, 0x00, 0x00, 0x80, 0x3f, 0x00, 0x00, 0x00, 0x00, 
	0x00, 0x00, 0x00, 0xfe, 0xfc, 0x03, 0x00, 0x00, 0x00, 0x00, 0x80, 0x3f, 0x00, 0x00, 0x00, 0x00, 
	0x00, 0x00, 0x00, 0x7e, 0xfe, 0x03, 0x00, 0x00, 0x00, 0x00, 0x80, 0x3f, 0x00, 0x00, 0x00, 0x00, 
	0x00, 0x00, 0x00, 0x7f, 0xfe, 0x03, 0x00, 0x00, 0x00, 0x00, 0x80, 0x3f, 0x00, 0x00, 0x00, 0x00, 
	0x00, 0x00, 0x80, 0x3f, 0xfe, 0x03, 0x00, 0x00, 0x00, 0x00, 0x80, 0x3f, 0x1e, 0x00, 0x00, 0x00, 
	0x00, 0x00, 0x80, 0x3f, 0xfe, 0x7b, 0xff, 0xcf, 0x1f, 0xff, 0xbc, 0x3f, 0x3f, 0x00, 0x00, 0x00, 
	0x00, 0x00, 0x80, 0x7f, 0xfc, 0x1b, 0xff, 0xdf, 0xdf, 0x3f, 0xbe, 0x3f, 0x7f, 0x00, 0x00, 0x00, 
	0x00, 0x00, 0xc0, 0x7f, 0xfc, 0x9b, 0xff, 0xdf, 0xdf, 0x3f, 0xbf, 0xbf, 0x7f, 0x00, 0x00, 0x00, 
	0x00, 0x00, 0xc0, 0x7f, 0xf8, 0x9b, 0xff, 0xdf, 0xdf, 0x3f, 0xbf, 0xbf, 0x7f, 0x00, 0x00, 0x00, 
	0x00, 0x00, 0xc0, 0xff, 0xe0, 0x9b, 0xff, 0xdf, 0xdf, 0x3f, 0xbf, 0xff, 0x7f, 0x00, 0x00, 0x00, 
	0x00, 0x00, 0xc0, 0xff, 0x01, 0x98, 0xff, 0xcf, 0xdf, 0x3f, 0xbf, 0xff, 0x7f, 0x00, 0x00, 0x00, 
	0x00, 0x00, 0xc0, 0xff, 0x03, 0xb8, 0xff, 0xdf, 0xdf, 0x7f, 0xbf, 0xff, 0x7f, 0x00, 0x00, 0x00, 
	0x00, 0x00, 0xc0, 0xff, 0x0f, 0xf8, 0xff, 0xdf, 0x9f, 0xff, 0xbf, 0xff, 0x7f, 0x00, 0x00, 0x00, 
	0x00, 0x00, 0xc0, 0xff, 0xff, 0xfb, 0xed, 0xcf, 0x1f, 0xff, 0x83, 0x7f, 0x7f, 0x00, 0x00, 0x00, 
	0x00, 0x00, 0x80, 0xff, 0xff, 0xfb, 0xe1, 0xdf, 0x1f, 0xfc, 0x8f, 0x3f, 0x7f, 0x00, 0x00, 0x00, 
	0x00, 0x00, 0x80, 0xff, 0xff, 0xfb, 0xe3, 0xdf, 0xdf, 0xfb, 0x9f, 0x3f, 0x7f, 0x00, 0x00, 0x00, 
	0x00, 0x00, 0x80, 0xff, 0xff, 0xfb, 0xe3, 0xff, 0xdf, 0xef, 0xbf, 0x3f, 0x7f, 0x00, 0x00, 0x00, 
	0x00, 0x00, 0x00, 0xff, 0xff, 0xfb, 0xe3, 0xff, 0xdf, 0xcf, 0xbf, 0x3f, 0x7f, 0x00, 0x00, 0x00, 
	0x00, 0x00, 0x00, 0xff, 0xff, 0xfb, 0xe3, 0xff, 0xdf, 0xdf, 0xff, 0x3f, 0x7f, 0x00, 0x00, 0x00, 
	0x00, 0x00, 0x00, 0xfe, 0xff, 0xfb, 0xe3, 0xff, 0xdf, 0x9f, 0xff, 0x3f, 0x7f, 0x00, 0x00, 0x00, 
	0x00, 0x00, 0x00, 0xfc, 0xff, 0xfb, 0xc3, 0xdf, 0xdf, 0xcf, 0xbf, 0x3f, 0x7f, 0x00, 0x00, 0x00, 
	0x00, 0x00, 0x00, 0xf8, 0xff, 0xfb, 0xc3, 0xdf, 0xdf, 0xcf, 0xbf, 0x3f, 0x7f, 0x00, 0x00, 0x00, 
	0x00, 0x00, 0x00, 0xf0, 0xff, 0xfb, 0xc3, 0xdf, 0xdf, 0xe3, 0x9f, 0x3f, 0x7f, 0x00, 0x00, 0x00, 
	0x00, 0x00, 0x00, 0x80, 0xff, 0xfb, 0x83, 0xcf, 0xdf, 0xff, 0x07, 0x0a, 0x00, 0x00, 0x00, 0x00, 
	0x00, 0x00, 0x00, 0x00, 0x00, 0x00, 0x00, 0x02, 0x00, 0x00, 0x00, 0x00, 0x00, 0x00, 0x00, 0x00, 
	0x01, 0x00, 0x00, 0x00, 0x00, 0x00, 0x00, 0xa0, 0xf7, 0xff, 0xff, 0xff, 0xff, 0xff, 0xff, 0x7f, 
	0xff, 0xff, 0xff, 0xff, 0xff, 0xff, 0xff, 0xff, 0xff, 0xff, 0xff, 0xff, 0xff, 0xff, 0xff, 0xff, 
	0xff, 0xff, 0xff, 0x1d, 0x14, 0xfe, 0xff, 0x7f, 0x40, 0xc0, 0xff, 0xff, 0xff, 0xff, 0xff, 0xff, 
	0xff, 0xff, 0x7f, 0x00, 0x00, 0xf8, 0xff, 0x7f, 0x40, 0xc0, 0xff, 0xff, 0xff, 0xff, 0xff, 0xff, 
	0xff, 0xff, 0x7f, 0x00, 0x06, 0xe0, 0xff, 0x3f, 0x40, 0xc0, 0xff, 0xff, 0xff, 0xff, 0xff, 0xff, 
	0xff, 0xff, 0x7f, 0x00, 0x06, 0xe0, 0xff, 0x7f, 0x00, 0xc0, 0xff, 0xff, 0xff, 0xff, 0xff, 0xff, 
	0xff, 0xff, 0x7f, 0x00, 0x0e, 0xc0, 0x0f, 0x7f, 0x40, 0xc0, 0xff, 0xff, 0xff, 0xff, 0xff, 0xff, 
	0xff, 0xff, 0x7f, 0x00, 0x0e, 0xc0, 0x01, 0x3c, 0x40, 0xc0, 0x1f, 0xfc, 0xff, 0xff, 0xff, 0xff, 
	0xff, 0xff, 0x7f, 0x00, 0x0e, 0xc0, 0x00, 0x38, 0x00, 0xc0, 0x07, 0x10, 0x00, 0xff, 0xff, 0xff, 
	0xff, 0xff, 0x7f, 0x00, 0x0e, 0x40, 0x00, 0x70, 0x40, 0xc0, 0x21, 0x20, 0x03, 0xff, 0xff, 0xff, 
	0xff, 0xff, 0x7f, 0x00, 0x0e, 0x00, 0x00, 0x60, 0x40, 0xc0, 0x20, 0x00, 0x03, 0xff, 0xff, 0xff, 
	0xff, 0xff, 0x7f, 0x00, 0x06, 0x00, 0x00, 0x60, 0x00, 0xc0, 0x20, 0x00, 0x01, 0xff, 0xff, 0xff, 
	0xff, 0xff, 0x7f, 0x00, 0x06, 0x20, 0x00, 0x00, 0x40, 0x40, 0x60, 0x00, 0x01, 0xff, 0xff, 0xff, 
	0xff, 0xff, 0x7f, 0x00, 0x06, 0x10, 0x80, 0x0f, 0x40, 0x40, 0x20, 0x20, 0x01, 0xff, 0xff, 0xff, 
	0xff, 0xff, 0x7f, 0x00, 0x00, 0x18, 0xe0, 0x1f, 0x40, 0x40, 0x60, 0x00, 0x00, 0xff, 0xff, 0xff, 
	0xff, 0xff, 0x7f, 0x00, 0x00, 0x1f, 0x20, 0x00, 0x40, 0x00, 0x00, 0x30, 0x00, 0xff, 0xff, 0xff, 
	0xff, 0xff, 0x7f, 0x00, 0x82, 0x0f, 0x70, 0x00, 0x40, 0x00, 0x00, 0x38, 0xb0, 0xff, 0xff, 0xff, 
	0xff, 0xff, 0x7f, 0x00, 0x06, 0x00, 0x60, 0x40, 0x40, 0x00, 0x00, 0x1e, 0xe0, 0xff, 0xff, 0xff, 
	0xff, 0xff, 0x7f, 0x00, 0x06, 0x00, 0x00, 0x40, 0x40, 0x00, 0x00, 0x20, 0xe0, 0xff, 0xff, 0xff, 
	0xff, 0xff, 0x7f, 0x00, 0x06, 0x00, 0x00, 0x00, 0x40, 0x40, 0x00, 0x20, 0xe0, 0xff, 0xff, 0xff, 
	0xff, 0xff, 0x7f, 0x00, 0x06, 0x00, 0x00, 0x40, 0x00, 0x40, 0x00, 0x20, 0xe0, 0xff, 0xff, 0xff, 
	0xff, 0xff, 0x7f, 0x00, 0x06, 0x00, 0x00, 0x40, 0x40, 0x40, 0x00, 0x20, 0xe0, 0xff, 0xff, 0xff, 
	0xff, 0xff, 0x7f, 0x00, 0x06, 0x00, 0x00, 0x60, 0x40, 0xc0, 0x00, 0x20, 0xe0, 0xff, 0xff, 0xff, 
	0xff, 0xff, 0x7f, 0x00, 0x06, 0x00, 0x00, 0x60, 0x40, 0xc0, 0x01, 0x20, 0xe0, 0xff, 0xff, 0xff, 
	0xff, 0xff, 0x7f, 0x00, 0x06, 0x40, 0x00, 0x70, 0x40, 0xc0, 0x03, 0x20, 0xe0, 0xff, 0xff, 0xff, 
	0xff, 0xff, 0x7f, 0x00, 0x06, 0xc0, 0x00, 0x70, 0x40, 0xc0, 0x07, 0x20, 0xe0, 0xff, 0xff, 0xff, 
	0xff, 0xff, 0x7f, 0x00, 0x07, 0xc0, 0x01, 0x78, 0x40, 0xc0, 0x1f, 0x20, 0xe0, 0xff, 0xff, 0xff, 
	0xff, 0xff, 0xff, 0xff, 0x07, 0xc0, 0x03, 0x7e, 0x40, 0xfc, 0xff, 0xff, 0xff, 0xff, 0xff, 0xff, 
	0xff, 0xff, 0xff, 0xff, 0xff, 0xff, 0xff, 0xff, 0xff, 0xff, 0xff, 0xff, 0xff, 0xff, 0xff, 0xff, 
	0xff, 0xff, 0xff, 0xff, 0xff, 0xff, 0xff, 0xff, 0xff, 0xff, 0xff, 0xff, 0xff, 0xff, 0xff, 0xff, 
	0xff, 0xff, 0xff, 0xff, 0xff, 0xff, 0xff, 0xff, 0xff, 0xff, 0xff, 0xff, 0xff, 0xff, 0xff, 0xff, 
	0xff, 0xff, 0xff, 0xff, 0xff, 0xff, 0xff, 0xff, 0xff, 0xff, 0xff, 0xff, 0xff, 0xff, 0xff, 0xff
};
#endif



#ifdef ENABLE_EYES
  const uint8_t Eyes_Logo_bits[] PROGMEM = {
	0xe7, 0xff, 0x83, 0xff, 0xff, 0xff, 0xff, 0xff, 0xff, 0xff, 0xff, 0xff, 0xff, 0xff, 0xff, 0xff, 
	0x39, 0x00, 0x1f, 0xfc, 0xff, 0xff, 0xff, 0xff, 0xff, 0xff, 0xff, 0xff, 0xff, 0xff, 0xff, 0xff, 
	0x0d, 0x1c, 0xf8, 0xf0, 0xff, 0xff, 0xff, 0xff, 0xff, 0xff, 0xff, 0xff, 0xff, 0xff, 0xff, 0xff, 
	0xc6, 0xff, 0xe3, 0x83, 0xff, 0xff, 0xff, 0xff, 0xff, 0xff, 0xff, 0xff, 0xff, 0xff, 0xff, 0xff, 
	0x00, 0x00, 0x00, 0x00, 0x00, 0x00, 0x00, 0x00, 0x00, 0x00, 0x00, 0x00, 0x00, 0x00, 0x00, 0x80, 
	0x00, 0x00, 0x00, 0x00, 0x00, 0x00, 0x00, 0x00, 0x00, 0x00, 0x00, 0x00, 0x00, 0x00, 0x00, 0x00, 
	0x3c, 0x00, 0xfe, 0xfc, 0xf8, 0xff, 0xff, 0xff, 0xff, 0xff, 0xff, 0xff, 0xff, 0xff, 0xff, 0xff, 
	0x1e, 0x00, 0xf8, 0xf3, 0xf1, 0xff, 0xff, 0xff, 0xff, 0xff, 0xff, 0xff, 0xff, 0xff, 0xff, 0xff, 
	0x0e, 0x00, 0xe0, 0xe7, 0xe3, 0xff, 0xff, 0xff, 0xff, 0xff, 0xff, 0xff, 0xff, 0xff, 0xff, 0xff, 
	0xc7, 0x01, 0xc0, 0xcf, 0xef, 0xff, 0xff, 0xff, 0xff, 0xff, 0xff, 0xff, 0xff, 0xff, 0xff, 0xff, 
	0xc7, 0x01, 0x80, 0x9f, 0xcf, 0xff, 0xff, 0xff, 0xff, 0xff, 0xff, 0xff, 0xff, 0xff, 0xff, 0xff, 
	0xc3, 0xf8, 0x01, 0x3e, 0xfe, 0xff, 0xff, 0xff, 0xff, 0xff, 0xff, 0xff, 0xff, 0x7f, 0xe0, 0xff, 
	0x03, 0x1e, 0x07, 0x7c, 0xfe, 0xff, 0xff, 0xff, 0xff, 0xff, 0xff, 0xff, 0xff, 0x1f, 0x80, 0xff, 
	0x00, 0x03, 0x18, 0xfc, 0x0c, 0x00, 0x00, 0xc1, 0xff, 0x07, 0x01, 0x00, 0xe0, 0x0f, 0x00, 0xfe, 
	0x80, 0x01, 0x30, 0xf8, 0x05, 0x00, 0x00, 0xc0, 0xff, 0x03, 0x00, 0x00, 0xc0, 0x07, 0x00, 0xfc, 
	0xc0, 0x00, 0x60, 0xf0, 0x07, 0x00, 0x00, 0x80, 0xff, 0x03, 0x00, 0x00, 0xc0, 0x03, 0x00, 0xf8, 
	0x40, 0x00, 0xc0, 0xe0, 0x07, 0x00, 0x00, 0x00, 0xff, 0x01, 0x00, 0x00, 0xc0, 0x01, 0x00, 0xf0, 
	0x40, 0x02, 0x88, 0xe0, 0x07, 0x00, 0x00, 0x00, 0xff, 0x01, 0x00, 0x00, 0xc0, 0x01, 0x00, 0xf0, 
	0x40, 0x00, 0x00, 0xc1, 0x07, 0x00, 0x00, 0x00, 0xfe, 0x00, 0x00, 0x00, 0xc0, 0x00, 0x04, 0xe0, 
	0x67, 0x00, 0x40, 0xc2, 0x07, 0x00, 0x00, 0x01, 0x7e, 0x00, 0x00, 0x00, 0xe0, 0x00, 0x0e, 0xe0, 
	0xe8, 0x00, 0x80, 0x82, 0x07, 0xf8, 0xff, 0x03, 0x7c, 0x80, 0x00, 0xfe, 0xff, 0x00, 0x1f, 0xe0, 
	0x70, 0x00, 0x00, 0x85, 0x07, 0xfc, 0xff, 0x03, 0x38, 0xc0, 0x00, 0xff, 0xff, 0x00, 0x3f, 0xe0, 
	0x60, 0x00, 0x00, 0x06, 0x07, 0xfc, 0xff, 0x07, 0x38, 0xc0, 0x00, 0xff, 0xff, 0x00, 0x3f, 0xf0, 
	0xe0, 0x00, 0x00, 0x0c, 0x07, 0xfc, 0xff, 0x0f, 0x10, 0xe0, 0x00, 0xff, 0xff, 0x00, 0xfe, 0xf8, 
	0xc0, 0x00, 0x00, 0x08, 0x07, 0xfc, 0xff, 0x0f, 0x00, 0xe0, 0x00, 0xff, 0xff, 0x00, 0xfe, 0xff, 
	0xc0, 0x00, 0x00, 0x18, 0x07, 0x00, 0xc0, 0x1f, 0x00, 0xf0, 0x00, 0x00, 0xf0, 0x00, 0xc0, 0xff, 
	0x80, 0x01, 0x00, 0x10, 0x06, 0x00, 0x80, 0x1f, 0x00, 0xf0, 0x00, 0x00, 0xe0, 0x01, 0x00, 0xfe, 
	0x80, 0x01, 0x00, 0x10, 0x06, 0x00, 0x00, 0x3f, 0x00, 0xf8, 0x00, 0x00, 0xe0, 0x01, 0x00, 0xf8, 
	0x80, 0x01, 0x00, 0x10, 0x06, 0x00, 0x00, 0x7f, 0x00, 0xfc, 0x00, 0x00, 0xe0, 0x03, 0x00, 0xf0, 
	0x00, 0x03, 0x00, 0x10, 0x06, 0x00, 0x00, 0x7f, 0x00, 0xfc, 0x00, 0x00, 0xe0, 0x07, 0x00, 0xe0, 
	0x00, 0x07, 0x00, 0x30, 0x06, 0x00, 0x00, 0xff, 0x00, 0xfe, 0x00, 0x00, 0xe0, 0x0f, 0x00, 0xe0, 
	0x00, 0x07, 0x00, 0x37, 0x06, 0x00, 0x80, 0xff, 0x00, 0xff, 0x00, 0x00, 0xe0, 0x3f, 0x00, 0xc0, 
	0x00, 0x0e, 0x80, 0x37, 0x06, 0x00, 0xc0, 0xff, 0x01, 0xff, 0x00, 0x00, 0xf0, 0xff, 0x07, 0xc0, 
	0x00, 0x1e, 0xc0, 0x1f, 0x06, 0xf8, 0xff, 0xff, 0x01, 0xff, 0x00, 0xff, 0xff, 0xff, 0x3f, 0xc0, 
	0x00, 0x36, 0xc0, 0x1f, 0x06, 0xfc, 0xff, 0xff, 0x01, 0xff, 0x00, 0xff, 0x7f, 0xf8, 0x7f, 0xc0, 
	0x00, 0xa6, 0xc0, 0x1f, 0x06, 0xfc, 0xff, 0xff, 0x01, 0xff, 0x00, 0xff, 0x3f, 0xf0, 0x7f, 0xc0, 
	0x00, 0xc4, 0xc1, 0x0f, 0x06, 0xfc, 0xff, 0xff, 0x01, 0xff, 0x00, 0xff, 0x3f, 0xe0, 0x7f, 0xc0, 
	0x00, 0x84, 0x9b, 0x07, 0x07, 0xfc, 0xff, 0xff, 0x01, 0xff, 0x00, 0xff, 0x3f, 0xc0, 0x7f, 0xc0, 
	0x00, 0x04, 0xfe, 0x03, 0x07, 0x00, 0x80, 0xff, 0x01, 0xff, 0x00, 0x00, 0x00, 0x80, 0x3f, 0xc0, 
	0x00, 0x04, 0x00, 0x80, 0x07, 0x00, 0x00, 0xfe, 0x01, 0xff, 0x00, 0x00, 0x00, 0x00, 0x0e, 0xc0, 
	0x00, 0x04, 0x00, 0x80, 0x07, 0x00, 0x00, 0xfe, 0x01, 0xff, 0x00, 0x00, 0x00, 0x00, 0x00, 0xe0, 
	0x00, 0x04, 0x00, 0xc0, 0x07, 0x00, 0x00, 0xfe, 0x01, 0xff, 0x00, 0x00, 0x00, 0x00, 0x00, 0xe0, 
	0x00, 0x04, 0x00, 0xe0, 0x07, 0x00, 0x00, 0xfc, 0x01, 0xff, 0x00, 0x00, 0x00, 0x00, 0x00, 0xf0, 
	0x00, 0x04, 0x00, 0xf8, 0x06, 0x00, 0x00, 0xfe, 0x01, 0xff, 0x00, 0x00, 0x80, 0x00, 0x00, 0xf8, 
	0x00, 0x82, 0x03, 0x7e, 0x04, 0x00, 0x00, 0xfe, 0x03, 0xff, 0x01, 0x00, 0x80, 0x01, 0x00, 0xfc, 
	0xe0, 0x82, 0xff, 0x3f, 0x0e, 0x00, 0x00, 0xff, 0x87, 0xff, 0x03, 0x00, 0xc0, 0x07, 0x00, 0xfe, 
	0xf0, 0xc3, 0xff, 0x1f, 0xff, 0xff, 0xff, 0xff, 0xff, 0xff, 0xff, 0xff, 0xff, 0x1f, 0x80, 0xff, 
	0xf8, 0xc3, 0xff, 0xc7, 0x7f, 0xff, 0xff, 0xff, 0xff, 0xff, 0xff, 0xff, 0xff, 0xff, 0xff, 0xff, 
	0xfc, 0xc1, 0x01, 0xf0, 0x1f, 0xff, 0xff, 0xff, 0xff, 0xff, 0xff, 0xff, 0xff, 0xff, 0xff, 0xff, 
	0xfc, 0xc1, 0xf9, 0xff, 0x9f, 0xff, 0xff, 0xff, 0xff, 0xff, 0xff, 0xff, 0xff, 0xff, 0xff, 0xff, 
	0xfc, 0xc1, 0xfd, 0xff, 0x8f, 0xff, 0xff, 0xff, 0xff, 0xff, 0xff, 0xff, 0xff, 0xff, 0xff, 0xff, 
	0xfc, 0xe0, 0xfd, 0xff, 0xc3, 0xff, 0xff, 0xff, 0xff, 0xff, 0xff, 0xff, 0xff, 0xff, 0xff, 0xff, 
	0xf8, 0xe0, 0x9c, 0xff, 0xe0, 0xff, 0xff, 0xff, 0xff, 0xff, 0xff, 0xff, 0xff, 0xff, 0xff, 0xff, 
	0x71, 0xe0, 0x5c, 0x00, 0xfc, 0xff, 0xff, 0xff, 0xff, 0xff, 0xff, 0xff, 0xff, 0xff, 0xff, 0xff, 
	0x3f, 0x70, 0xde, 0xff, 0xff, 0xff, 0xff, 0xff, 0xff, 0xff, 0xff, 0xff, 0xff, 0xff, 0xff, 0xff, 
	0x00, 0x78, 0xde, 0xff, 0xff, 0xff, 0xff, 0xff, 0xff, 0xff, 0xff, 0xff, 0xff, 0xff, 0xff, 0xff, 
	0x00, 0x38, 0xee, 0xff, 0xff, 0xff, 0xff, 0xff, 0xff, 0xff, 0xff, 0xff, 0xff, 0xff, 0xff, 0xff, 
	0x00, 0x00, 0x00, 0x00, 0x00, 0x00, 0x00, 0x00, 0x00, 0x00, 0x00, 0x00, 0x00, 0x00, 0x00, 0x00, 
	0x00, 0x00, 0x00, 0x00, 0x00, 0x00, 0x00, 0x00, 0x00, 0x00, 0x00, 0x00, 0x00, 0x00, 0x00, 0x00, 
	0xc0, 0x8f, 0xe7, 0xff, 0xff, 0xff, 0xff, 0xff, 0xff, 0xff, 0xff, 0xff, 0xff, 0xff, 0xff, 0xff, 
	0xff, 0xc7, 0xf7, 0xff, 0xff, 0xff, 0xff, 0xff, 0xff, 0xff, 0xff, 0xff, 0xff, 0xff, 0xff, 0xff, 
	0xff, 0xe3, 0xf3, 0xff, 0xff, 0xff, 0xff, 0xff, 0xff, 0xff, 0xff, 0xff, 0xff, 0xff, 0xff, 0xff, 
	0xff, 0xf1, 0xfb, 0xff, 0xff, 0xff, 0xff, 0xff, 0xff, 0xff, 0xff, 0xff, 0xff, 0xff, 0xff, 0xff, 
	0x00, 0xfc, 0xf9, 0xff, 0xff, 0xff, 0xff, 0xff, 0xff, 0xff, 0xff, 0xff, 0xff, 0xff, 0xff, 0xff
};
#endif



#ifdef ENABLE_ANTEATER
  const uint8_t Ant_Logo_bits[] PROGMEM = {
	0xff, 0xff, 0xff, 0xff, 0xff, 0xff, 0xff, 0xff, 0xff, 0xff, 0xff, 0xff, 0xff, 0xff, 0xff, 0xff, 
	0xff, 0xff, 0xff, 0xff, 0xff, 0xff, 0xff, 0xff, 0xff, 0xff, 0xff, 0xff, 0xff, 0xff, 0xff, 0xff, 
	0xff, 0xff, 0xff, 0xff, 0xff, 0xff, 0xff, 0xff, 0xff, 0xff, 0xff, 0xff, 0xff, 0xff, 0xff, 0xff, 
	0xff, 0xff, 0xff, 0xff, 0xff, 0xff, 0xff, 0xff, 0xff, 0xff, 0xff, 0xff, 0xff, 0xff, 0xff, 0xff, 
	0xff, 0xff, 0xff, 0xff, 0xff, 0xff, 0xff, 0xff, 0xff, 0xff, 0xff, 0xff, 0xff, 0xff, 0xff, 0xff, 
	0xff, 0xff, 0xff, 0xff, 0xff, 0xff, 0xff, 0xff, 0xf0, 0xff, 0xff, 0xff, 0xff, 0xff, 0xff, 0xff, 
	0xff, 0xff, 0xff, 0xff, 0xff, 0xff, 0xff, 0x0f, 0x80, 0x3f, 0x00, 0xfc, 0xff, 0xff, 0xff, 0xff, 
	0xff, 0xff, 0xff, 0xff, 0xff, 0xff, 0xff, 0x01, 0x00, 0x00, 0x00, 0xf0, 0xff, 0xff, 0xff, 0xff, 
	0xff, 0xff, 0xff, 0xff, 0xff, 0xff, 0xff, 0x00, 0x00, 0x00, 0x00, 0xe0, 0xff, 0xff, 0xff, 0xff, 
	0xff, 0xff, 0xff, 0xff, 0xff, 0xff, 0x3f, 0x00, 0x00, 0x00, 0x00, 0x80, 0xff, 0xff, 0xff, 0xff, 
	0xff, 0xff, 0xff, 0xff, 0xff, 0xff, 0x0b, 0x00, 0x00, 0x00, 0x00, 0x00, 0xfe, 0xff, 0xff, 0xff, 
	0xff, 0xff, 0xff, 0xff, 0xff, 0x3f, 0x00, 0x00, 0x00, 0x00, 0x00, 0x00, 0xfc, 0xff, 0xff, 0xff, 
	0xff, 0xff, 0xff, 0xff, 0xff, 0x0f, 0x01, 0x00, 0x00, 0x00, 0x00, 0x00, 0x80, 0xff, 0xff, 0xff, 
	0xff, 0xff, 0xff, 0xff, 0xff, 0x0f, 0x01, 0x00, 0x00, 0x00, 0x00, 0x00, 0x00, 0xfe, 0xff, 0xff, 
	0xff, 0xff, 0xff, 0xff, 0xff, 0x07, 0x00, 0x00, 0x00, 0x00, 0x00, 0x00, 0x00, 0xc0, 0xff, 0xff, 
	0xff, 0xff, 0xff, 0xff, 0xff, 0x6f, 0x08, 0x00, 0x00, 0x00, 0x00, 0x00, 0x00, 0x80, 0xff, 0xff, 
	0xff, 0xff, 0xff, 0xff, 0xff, 0x23, 0x00, 0x00, 0x00, 0x00, 0x00, 0x00, 0x00, 0x00, 0xfe, 0xff, 
	0xff, 0xff, 0xff, 0xff, 0xff, 0x23, 0x00, 0x00, 0x00, 0x00, 0x00, 0x00, 0x00, 0x00, 0xfc, 0xff, 
	0xff, 0xff, 0xff, 0xff, 0xff, 0x03, 0x00, 0x00, 0x00, 0x00, 0x00, 0x00, 0x00, 0x00, 0xf0, 0xff, 
	0xff, 0xff, 0xff, 0xff, 0xff, 0x01, 0x00, 0x02, 0x00, 0x00, 0x00, 0x00, 0x00, 0x00, 0xc0, 0xff, 
	0xff, 0xff, 0xff, 0xff, 0xff, 0x03, 0x00, 0x02, 0x00, 0x00, 0x00, 0x00, 0x00, 0x00, 0x80, 0xff, 
	0xff, 0xff, 0xff, 0xff, 0xff, 0x03, 0x00, 0x02, 0x00, 0x00, 0x00, 0x1f, 0x00, 0x00, 0x00, 0xfe, 
	0xff, 0xff, 0xff, 0xf3, 0xff, 0x03, 0x00, 0x02, 0x00, 0x00, 0x80, 0x1f, 0x00, 0x10, 0x00, 0xf8, 
	0xff, 0xff, 0xff, 0xe1, 0xff, 0x03, 0x00, 0x02, 0x00, 0x00, 0xc0, 0x3f, 0x00, 0xf0, 0x00, 0xf0, 
	0xff, 0xff, 0xff, 0xe0, 0xff, 0x01, 0x00, 0x02, 0xc0, 0x00, 0xe0, 0x7f, 0x00, 0xf0, 0x0f, 0xe0, 
	0xff, 0xff, 0x43, 0xcc, 0xff, 0x60, 0x00, 0x07, 0xc0, 0x01, 0xf8, 0x7f, 0x00, 0xf0, 0x1f, 0xe0, 
	0xff, 0xff, 0x01, 0xce, 0x7f, 0xfc, 0xc3, 0x07, 0xc0, 0xff, 0xff, 0xff, 0x01, 0xf0, 0xff, 0xe0, 
	0xff, 0xff, 0x18, 0x8f, 0x3f, 0xfe, 0xff, 0x1f, 0x80, 0xff, 0xff, 0xff, 0x43, 0xe0, 0xff, 0xe1, 
	0xff, 0xff, 0xfc, 0x9f, 0x3f, 0xfe, 0xff, 0x3f, 0x00, 0xff, 0xff, 0xff, 0x87, 0xc0, 0xff, 0xff, 
	0xff, 0x7f, 0xfe, 0x1f, 0x1f, 0xff, 0x3f, 0x3e, 0x00, 0xfc, 0xff, 0xff, 0x07, 0x81, 0xff, 0xff, 
	0xff, 0x3f, 0xff, 0x3f, 0x8e, 0xff, 0x0f, 0x10, 0x08, 0xf8, 0xff, 0x03, 0x00, 0x00, 0xff, 0xff, 
	0xff, 0x3f, 0xff, 0x7f, 0xcc, 0xff, 0x07, 0x10, 0x00, 0xf0, 0xff, 0x03, 0x00, 0x00, 0xff, 0xff, 
	0xff, 0x3f, 0xff, 0xff, 0xe0, 0xff, 0x03, 0x00, 0x00, 0xf0, 0xff, 0x01, 0x00, 0x80, 0xff, 0xff, 
	0xff, 0x9f, 0xff, 0xff, 0xe3, 0xff, 0x63, 0x08, 0x00, 0xf8, 0xff, 0x08, 0x02, 0xf0, 0xff, 0xff, 
	0xff, 0xdf, 0xff, 0xff, 0xff, 0xff, 0xfb, 0x3f, 0xf0, 0xff, 0xff, 0xfe, 0x0f, 0xf8, 0xff, 0xff, 
	0xff, 0xce, 0xff, 0xff, 0xff, 0xff, 0xff, 0xff, 0xff, 0xff, 0xff, 0xff, 0x8f, 0xff, 0xff, 0xff, 
	0xff, 0xe1, 0xff, 0xff, 0xff, 0xff, 0xff, 0xff, 0xff, 0xff, 0xff, 0xff, 0xff, 0xff, 0xff, 0xff, 
	0xff, 0x00, 0xff, 0xff, 0xff, 0xff, 0xff, 0xff, 0xff, 0xff, 0xff, 0xff, 0xff, 0xff, 0xff, 0xff, 
	0xff, 0x81, 0xff, 0xff, 0xff, 0xff, 0xff, 0xff, 0xff, 0xff, 0xff, 0xff, 0xff, 0xff, 0xff, 0xff, 
	0x7f, 0x80, 0xff, 0xff, 0xff, 0xff, 0xff, 0xff, 0xff, 0xff, 0xff, 0xff, 0xff, 0xff, 0xff, 0xff, 
	0xff, 0xe0, 0xff, 0xff, 0xff, 0xff, 0xff, 0xff, 0xff, 0xff, 0xff, 0xff, 0xff, 0xff, 0xff, 0xff, 
	0xff, 0xe1, 0xff, 0xff, 0xff, 0xff, 0xff, 0xff, 0xff, 0xff, 0xff, 0xff, 0xff, 0xff, 0xff, 0xff, 
	0x3f, 0xf0, 0x07, 0x3e, 0x0e, 0x0c, 0x8e, 0x0f, 0x7f, 0xf0, 0xc0, 0xe0, 0xf8, 0xf0, 0x00, 0xfc, 
	0x1f, 0xe0, 0x03, 0x0c, 0x00, 0x80, 0x04, 0x00, 0x1e, 0x60, 0x00, 0x48, 0x00, 0x20, 0x00, 0xf0, 
	0x1f, 0xe4, 0x03, 0x0c, 0x00, 0x8c, 0x00, 0x07, 0x1e, 0x24, 0xc0, 0x08, 0x70, 0x00, 0x20, 0xf0, 
	0x1f, 0xec, 0x03, 0x08, 0x01, 0x00, 0x00, 0x40, 0x1e, 0x08, 0x00, 0x00, 0x00, 0x00, 0x00, 0xe6, 
	0x1f, 0xc8, 0x03, 0x00, 0x00, 0x00, 0x00, 0x02, 0x1e, 0x00, 0x00, 0x00, 0x20, 0x00, 0x00, 0xe0, 
	0x1f, 0xd0, 0x03, 0x00, 0x00, 0x00, 0x00, 0x02, 0x3e, 0x00, 0x00, 0x00, 0x00, 0x00, 0x00, 0xe0, 
	0x1f, 0x90, 0x07, 0x00, 0x00, 0x00, 0x00, 0x12, 0x1e, 0x00, 0x00, 0x00, 0x00, 0x21, 0x20, 0xe0, 
	0x1f, 0x80, 0x0f, 0x00, 0x00, 0x00, 0x0c, 0x12, 0x1f, 0x00, 0x00, 0xc0, 0x00, 0x78, 0x00, 0xe0, 
	0x1f, 0x00, 0x0f, 0x00, 0x78, 0xc0, 0x0f, 0xc0, 0x1f, 0x00, 0x04, 0xfc, 0x00, 0x7d, 0x00, 0xe0, 
	0x0f, 0x00, 0x0f, 0x01, 0x78, 0xc0, 0x0f, 0xc0, 0x0f, 0x00, 0x07, 0xfc, 0x00, 0x7c, 0x00, 0xf0, 
	0x0f, 0x00, 0x0e, 0x00, 0x78, 0xc0, 0x0f, 0x82, 0x0f, 0x00, 0x06, 0xfc, 0x00, 0x78, 0x00, 0xf0, 
	0x07, 0x00, 0x0e, 0x00, 0x78, 0xc0, 0x0f, 0x00, 0x06, 0x00, 0x06, 0xfc, 0x00, 0x60, 0x00, 0xc0, 
	0x07, 0x00, 0x0c, 0x00, 0x78, 0xc0, 0x0f, 0x82, 0x00, 0x00, 0x04, 0xfc, 0x00, 0x40, 0x00, 0x80, 
	0x03, 0x00, 0x0c, 0x00, 0x78, 0xd0, 0x07, 0x80, 0x01, 0x00, 0x00, 0x7c, 0x00, 0x00, 0x00, 0x80, 
	0x01, 0x00, 0x00, 0x00, 0x38, 0x90, 0x07, 0x00, 0x00, 0x00, 0x00, 0x79, 0x00, 0x00, 0x00, 0x80, 
	0x41, 0x02, 0x03, 0x04, 0x38, 0x90, 0x03, 0x00, 0x40, 0x02, 0x03, 0x38, 0x00, 0x00, 0x00, 0x80, 
	0x01, 0x02, 0x02, 0x0c, 0x39, 0x80, 0x03, 0x00, 0x00, 0x02, 0x02, 0x38, 0x00, 0x00, 0x00, 0x81, 
	0x01, 0x02, 0x00, 0x1c, 0x38, 0x80, 0x03, 0x00, 0x00, 0x02, 0x00, 0x38, 0x00, 0x00, 0x00, 0xc0, 
	0x03, 0x07, 0x0c, 0x3c, 0x7c, 0xc0, 0x07, 0x00, 0x03, 0x07, 0x04, 0x7c, 0x00, 0x30, 0xc0, 0xc0, 
	0xff, 0xff, 0xff, 0xff, 0xff, 0xff, 0xcf, 0xbf, 0xff, 0xff, 0xff, 0xff, 0xfc, 0x73, 0xf0, 0xf1, 
	0xff, 0xff, 0xff, 0xff, 0xff, 0xff, 0xff, 0xff, 0xff, 0xff, 0xff, 0xff, 0xff, 0xff, 0xff, 0xff, 
	0xff, 0xff, 0xff, 0xff, 0xff, 0xff, 0xff, 0xff, 0xff, 0xff, 0xff, 0xff, 0xff, 0xff, 0xff, 0xff
};
#endif

#ifdef ENABLE_BOMBJACK
  const uint8_t BombJack_Logo_bits[] PROGMEM = {
	0xff, 0xff, 0xff, 0xff, 0xff, 0xff, 0xff, 0x0f, 0xfc, 0xff, 0xff, 0xff, 0xff, 0xff, 0xff, 0xff, 
	0xff, 0xff, 0xff, 0x4b, 0xff, 0xff, 0x7f, 0x00, 0xf0, 0xff, 0xff, 0xff, 0xff, 0xff, 0xff, 0xff, 
	0xff, 0xff, 0xff, 0x03, 0xff, 0xff, 0x1f, 0x00, 0xe0, 0xff, 0xff, 0xff, 0xff, 0xff, 0xff, 0xff, 
	0xff, 0xff, 0xff, 0x81, 0xff, 0xff, 0x18, 0x00, 0xe0, 0xff, 0xff, 0xff, 0xff, 0xff, 0xff, 0xff, 
	0xff, 0xff, 0xff, 0x81, 0xff, 0x1f, 0x18, 0x00, 0xc0, 0xff, 0xff, 0xff, 0xff, 0xff, 0xff, 0xff, 
	0xff, 0xff, 0xff, 0xe1, 0xff, 0x1f, 0x10, 0x00, 0x80, 0xff, 0xff, 0xff, 0xff, 0xff, 0xff, 0xff, 
	0xff, 0xff, 0xff, 0xe0, 0x9f, 0x0f, 0x10, 0x00, 0x80, 0xff, 0xff, 0xff, 0xff, 0xff, 0xff, 0xff, 
	0xff, 0xff, 0xff, 0xe0, 0x81, 0x0f, 0x10, 0x00, 0x80, 0xff, 0xff, 0xff, 0xff, 0xff, 0xff, 0xff, 
	0xff, 0xff, 0x1f, 0xf0, 0x01, 0x0f, 0x10, 0x00, 0x00, 0xff, 0xff, 0xff, 0xff, 0xff, 0xff, 0xff, 
	0xff, 0xff, 0x1f, 0xf0, 0x01, 0x0e, 0x10, 0x00, 0x00, 0xff, 0xff, 0xff, 0xff, 0xff, 0xff, 0xff, 
	0xff, 0xff, 0x3f, 0xf0, 0x01, 0x06, 0x00, 0x80, 0x00, 0xff, 0xff, 0xff, 0xff, 0xff, 0xff, 0xff, 
	0xff, 0xff, 0x3f, 0xf2, 0x01, 0x06, 0x20, 0x40, 0x80, 0xff, 0xff, 0xff, 0xff, 0xff, 0xff, 0xff, 
	0x7f, 0x00, 0x1e, 0xc6, 0x01, 0x02, 0x10, 0x00, 0x80, 0xff, 0xff, 0xff, 0xff, 0xff, 0xff, 0xff, 
	0x1f, 0x00, 0x7c, 0xd8, 0x01, 0x02, 0x10, 0x00, 0xc0, 0xff, 0xff, 0xff, 0xff, 0xff, 0xff, 0xff, 
	0x0f, 0x00, 0x38, 0xc0, 0x01, 0x02, 0x70, 0x00, 0xc0, 0xff, 0xff, 0xff, 0xff, 0xff, 0xff, 0xff, 
	0x0f, 0x00, 0xf0, 0xde, 0x00, 0x00, 0x30, 0x00, 0xc0, 0xff, 0xff, 0xff, 0xff, 0xff, 0xff, 0xff, 
	0x07, 0x00, 0xe0, 0xdf, 0x00, 0x00, 0x30, 0x00, 0xc0, 0xff, 0xff, 0xff, 0xff, 0xff, 0xff, 0xff, 
	0x07, 0x00, 0xe0, 0xd7, 0x00, 0x00, 0x30, 0x00, 0x80, 0xff, 0xff, 0xff, 0xff, 0xff, 0xff, 0xff, 
	0x07, 0x00, 0xc0, 0xc7, 0x00, 0x00, 0x30, 0x00, 0x00, 0xff, 0xff, 0xff, 0xc7, 0xff, 0x3f, 0xe0, 
	0x03, 0x00, 0xc0, 0xe1, 0x00, 0x00, 0x30, 0x00, 0x00, 0xff, 0xff, 0xff, 0x01, 0x8f, 0x1f, 0xf0, 
	0x03, 0x00, 0x40, 0xc0, 0x00, 0x00, 0x30, 0x60, 0x00, 0xff, 0xff, 0xff, 0x00, 0x80, 0x0f, 0xc0, 
	0x03, 0x00, 0x00, 0x80, 0x00, 0x00, 0x30, 0x60, 0x00, 0x3e, 0xff, 0x7f, 0x00, 0x00, 0x0e, 0xc0, 
	0x03, 0x00, 0x00, 0x00, 0x00, 0x00, 0x10, 0x60, 0x00, 0x02, 0x3f, 0x3c, 0x00, 0x00, 0x0e, 0xe0, 
	0x01, 0x00, 0x00, 0x00, 0x00, 0x00, 0x10, 0x20, 0x00, 0x00, 0x00, 0x3c, 0x00, 0x00, 0x06, 0xe0, 
	0x01, 0x00, 0x80, 0x00, 0x00, 0x00, 0x10, 0x20, 0x00, 0x00, 0x00, 0x18, 0x00, 0x00, 0x02, 0xf0, 
	0x01, 0x20, 0x00, 0x00, 0x00, 0x00, 0x00, 0x00, 0x00, 0x00, 0x00, 0x08, 0x00, 0x00, 0x02, 0xf0, 
	0x01, 0x00, 0x00, 0x00, 0x00, 0x00, 0x00, 0x00, 0x00, 0x00, 0x00, 0x00, 0x00, 0x00, 0x02, 0xf8, 
	0x03, 0x00, 0x20, 0x00, 0x00, 0x00, 0x00, 0x00, 0x00, 0x00, 0x00, 0x00, 0x00, 0x00, 0x00, 0xf8, 
	0x0b, 0x00, 0x20, 0x00, 0x00, 0x00, 0x00, 0x00, 0x00, 0x00, 0x00, 0x00, 0x00, 0x00, 0x00, 0xfc, 
	0x0f, 0x00, 0x00, 0x00, 0x00, 0x00, 0x00, 0x00, 0x00, 0x00, 0x00, 0x00, 0x00, 0x00, 0x00, 0xfc, 
	0x0f, 0x00, 0x00, 0x00, 0x00, 0x00, 0x00, 0x00, 0x00, 0x00, 0x00, 0x00, 0x00, 0x00, 0x00, 0xfe, 
	0x0f, 0x00, 0x10, 0x00, 0x00, 0x00, 0x00, 0x00, 0x00, 0x00, 0x00, 0x00, 0x20, 0x00, 0x00, 0xfe, 
	0x0f, 0x00, 0x00, 0x00, 0x00, 0x00, 0x00, 0x00, 0x00, 0x00, 0x00, 0x00, 0x70, 0x00, 0x00, 0xff, 
	0x0f, 0x00, 0x00, 0x00, 0x00, 0x00, 0x00, 0x00, 0x00, 0x00, 0x40, 0x00, 0xf0, 0x00, 0x00, 0xff, 
	0x07, 0x00, 0x00, 0x00, 0x00, 0x00, 0x20, 0x80, 0x00, 0x40, 0x40, 0x00, 0xf8, 0x00, 0x80, 0xff, 
	0x07, 0x10, 0x00, 0x00, 0x40, 0x00, 0x20, 0xf8, 0x01, 0x20, 0x60, 0x00, 0xf8, 0x00, 0x80, 0xff, 
	0x07, 0x18, 0x00, 0x00, 0x40, 0x18, 0xa0, 0xff, 0x01, 0x20, 0x60, 0x00, 0xf8, 0x00, 0x80, 0xff, 
	0x07, 0x18, 0x00, 0x00, 0x40, 0x18, 0xe0, 0xff, 0x07, 0x20, 0x78, 0x00, 0xf8, 0x00, 0x80, 0xff, 
	0x07, 0x08, 0x00, 0x00, 0x40, 0x18, 0xe0, 0xff, 0x07, 0x20, 0x78, 0x00, 0xf8, 0x00, 0x80, 0xff, 
	0x03, 0x08, 0x00, 0x00, 0xc0, 0x38, 0xf0, 0xff, 0x07, 0x30, 0x78, 0x00, 0xf8, 0x00, 0x00, 0xff, 
	0x03, 0x00, 0x00, 0x00, 0xc0, 0x3d, 0xfe, 0xff, 0x03, 0x10, 0x38, 0x00, 0xf8, 0x00, 0x00, 0xff, 
	0x03, 0x00, 0x00, 0x00, 0xc0, 0xfd, 0xff, 0xff, 0x03, 0x10, 0x08, 0x00, 0xf8, 0x00, 0x00, 0xfe, 
	0x03, 0x00, 0x00, 0x00, 0xc0, 0xff, 0xff, 0xff, 0x03, 0x10, 0x08, 0x00, 0xb8, 0x00, 0x00, 0xfc, 
	0x03, 0x00, 0x20, 0x00, 0xc0, 0xff, 0x1f, 0xff, 0x03, 0x10, 0x08, 0x00, 0x18, 0x00, 0x00, 0xfc, 
	0x03, 0x00, 0x70, 0x00, 0xe0, 0xff, 0x03, 0xff, 0x03, 0x00, 0x00, 0x00, 0x08, 0x00, 0x02, 0xf8, 
	0x03, 0x00, 0xf8, 0x71, 0xf8, 0x7f, 0x00, 0xfe, 0x03, 0x10, 0x00, 0x00, 0x00, 0x00, 0x02, 0xf0, 
	0x01, 0x00, 0xf8, 0xff, 0xff, 0x7f, 0x00, 0xfe, 0x01, 0x08, 0x00, 0x00, 0x00, 0x00, 0x06, 0xf0, 
	0x01, 0x00, 0xfc, 0xff, 0xff, 0xff, 0x00, 0xfc, 0x01, 0x08, 0x00, 0x00, 0x00, 0x00, 0x0e, 0xe0, 
	0x01, 0x00, 0xfe, 0xff, 0xff, 0xff, 0x00, 0xfc, 0x00, 0x08, 0x00, 0x00, 0x00, 0x00, 0x0e, 0xc0, 
	0x01, 0x00, 0xff, 0xff, 0xff, 0xff, 0x00, 0xf8, 0x00, 0x00, 0x00, 0x00, 0x00, 0x00, 0x1e, 0xc0, 
	0x01, 0x80, 0xff, 0xff, 0xff, 0xff, 0x01, 0x00, 0x00, 0x00, 0x00, 0x00, 0x00, 0x00, 0x3e, 0x80, 
	0x01, 0xc0, 0xff, 0xff, 0xff, 0xff, 0x01, 0x00, 0x00, 0x00, 0x00, 0x00, 0x00, 0x00, 0x3e, 0x00, 
	0x01, 0xe0, 0xff, 0xff, 0xff, 0xff, 0x01, 0x00, 0x00, 0x04, 0x00, 0x00, 0x00, 0x00, 0x7e, 0x00, 
	0x00, 0xf8, 0xff, 0xff, 0xff, 0xff, 0x03, 0x00, 0x00, 0x04, 0xf0, 0x01, 0x00, 0x00, 0xfe, 0xfc, 
	0x00, 0xfc, 0xff, 0xff, 0xff, 0xff, 0x03, 0x00, 0x00, 0x04, 0xf0, 0xc1, 0x01, 0x00, 0xfe, 0xff, 
	0x00, 0xff, 0xff, 0xff, 0xff, 0xff, 0x07, 0x00, 0x00, 0x06, 0xf0, 0xff, 0x83, 0xc1, 0xff, 0xff, 
	0x81, 0xff, 0xff, 0xff, 0xff, 0xff, 0x07, 0x00, 0x00, 0x02, 0xfc, 0xff, 0xff, 0xff, 0xff, 0xff, 
	0xe1, 0xff, 0xff, 0xff, 0xff, 0xff, 0x0f, 0x00, 0x00, 0xf7, 0xff, 0xff, 0xff, 0xff, 0xff, 0xff, 
	0xff, 0xff, 0xff, 0xff, 0xff, 0xff, 0x1f, 0x00, 0x00, 0xff, 0xff, 0xff, 0xff, 0xff, 0xff, 0xff, 
	0xff, 0xff, 0xff, 0xff, 0xff, 0xff, 0x1f, 0x00, 0x80, 0xff, 0xff, 0xff, 0xff, 0xff, 0xff, 0xff, 
	0xff, 0xff, 0xff, 0xff, 0xff, 0xff, 0x3f, 0x00, 0xc0, 0xff, 0xff, 0xff, 0xff, 0xff, 0xff, 0xff, 
	0xff, 0xff, 0xff, 0xff, 0xff, 0xff, 0x7f, 0x00, 0xe0, 0xff, 0xff, 0xff, 0xff, 0xff, 0xff, 0xff, 
	0xff, 0xff, 0xff, 0xff, 0xff, 0xff, 0xff, 0x01, 0xf8, 0xff, 0xff, 0xff, 0xff, 0xff, 0xff, 0xff, 
	0xff, 0xff, 0xff, 0xff, 0xff, 0xff, 0xff, 0x03, 0xfe, 0xff, 0xff, 0xff, 0xff, 0xff, 0xff, 0xff
};
#endif

#ifdef ENABLE_MRDO
  const uint8_t MrDo_Logo_bits[] PROGMEM = {  
  0xff, 0xff, 0xff, 0xff, 0xff, 0xff, 0xff, 0xff, 0xff, 0xff, 0xff, 0xff, 0xff, 0xff, 0xff, 0xff, 
	0xff, 0xff, 0xff, 0x0f, 0x04, 0xff, 0x3f, 0x00, 0x80, 0xff, 0xff, 0xff, 0x87, 0xff, 0xff, 0xff, 
	0xff, 0xff, 0xff, 0x0f, 0x04, 0xfe, 0x1f, 0x00, 0x00, 0xff, 0xff, 0xff, 0x83, 0xff, 0xff, 0xff, 
	0xff, 0xff, 0xff, 0x0f, 0x00, 0xfe, 0x1f, 0x00, 0x00, 0xff, 0xff, 0xff, 0x03, 0xff, 0xff, 0xff, 
	0xff, 0xff, 0xff, 0x0f, 0x00, 0xfe, 0x1f, 0x00, 0x00, 0xfe, 0xff, 0xff, 0x01, 0xfe, 0xff, 0xff, 
	0xff, 0xff, 0xff, 0x07, 0x00, 0x80, 0x01, 0x00, 0x00, 0xfe, 0xff, 0xff, 0x01, 0xfe, 0xff, 0xff, 
	0xff, 0xff, 0xff, 0x87, 0x30, 0x00, 0x00, 0xff, 0x1f, 0xfc, 0xff, 0xff, 0x11, 0xfe, 0xff, 0xff, 
	0xff, 0xff, 0xff, 0xc7, 0x31, 0x00, 0x80, 0xff, 0x3f, 0xfc, 0xff, 0xff, 0x30, 0xfe, 0xff, 0xff, 
	0xff, 0xff, 0xff, 0xc7, 0x71, 0x00, 0x80, 0xff, 0x3f, 0xf8, 0xff, 0xff, 0x78, 0xfe, 0xff, 0xff, 
	0xff, 0xff, 0xff, 0xc7, 0x71, 0x00, 0x80, 0xff, 0x7f, 0xf8, 0xff, 0xff, 0x78, 0xfe, 0xff, 0xff, 
	0xff, 0xff, 0xff, 0xc3, 0x71, 0x30, 0x8c, 0xff, 0x7f, 0xf8, 0xff, 0x7f, 0x78, 0xfe, 0xff, 0xff, 
	0xff, 0xff, 0xff, 0xe3, 0x71, 0x70, 0x8e, 0xff, 0xff, 0xf8, 0xff, 0x7f, 0x7c, 0xfe, 0xff, 0xff, 
	0xff, 0xff, 0xff, 0xe3, 0xf1, 0x70, 0x9e, 0xff, 0xff, 0xf8, 0xff, 0x7f, 0x7c, 0xfe, 0xff, 0xff, 
	0xff, 0xff, 0xff, 0xe3, 0xf1, 0x70, 0x9f, 0xff, 0xff, 0xf8, 0xff, 0x7f, 0x7c, 0xfe, 0xff, 0xff, 
	0xff, 0xff, 0xff, 0xe3, 0xfb, 0xf0, 0x9f, 0xff, 0xff, 0xf8, 0xff, 0x7f, 0x7e, 0xfe, 0xff, 0xff, 
	0xff, 0xff, 0xff, 0xe1, 0xfb, 0xf0, 0x1f, 0xff, 0xff, 0xf1, 0xff, 0x7f, 0x7e, 0xfe, 0xff, 0xff, 
	0xff, 0xff, 0xff, 0xe1, 0xfb, 0xf0, 0x0c, 0x3f, 0xfe, 0xf1, 0xff, 0x7f, 0x3e, 0xfe, 0xff, 0xff, 
	0xff, 0xff, 0xff, 0xf1, 0xff, 0x71, 0x0c, 0x3e, 0xfc, 0xf1, 0xff, 0x7f, 0x3e, 0xfe, 0xff, 0xff, 
	0xff, 0xff, 0xff, 0xf1, 0xff, 0x71, 0x00, 0x3e, 0xf8, 0x71, 0xf8, 0x3f, 0x3e, 0xfe, 0xff, 0xff, 
	0xff, 0xff, 0xff, 0xf1, 0xff, 0x71, 0x00, 0x3e, 0xf8, 0x31, 0xf0, 0x3f, 0x3e, 0xfe, 0xff, 0xff, 
	0xff, 0xff, 0xff, 0xb0, 0xff, 0x71, 0x00, 0x3e, 0xf0, 0x11, 0xc0, 0x3f, 0x1e, 0xfe, 0xff, 0xff, 
	0xff, 0xff, 0xff, 0xb0, 0xbf, 0x71, 0x00, 0x3e, 0xf0, 0x01, 0x80, 0x3f, 0x1e, 0xff, 0xff, 0xff, 
	0xff, 0xff, 0xff, 0x38, 0x9f, 0x71, 0x00, 0x3e, 0xf0, 0x01, 0x80, 0x3f, 0x1f, 0xff, 0xff, 0xff, 
	0xff, 0xff, 0xff, 0x38, 0x9f, 0x73, 0x00, 0x3e, 0xe0, 0x01, 0x00, 0x3f, 0x0f, 0xff, 0xff, 0xff, 
	0xff, 0xff, 0xff, 0x18, 0x9f, 0x73, 0x00, 0x3e, 0xe0, 0x83, 0x07, 0x3f, 0x0f, 0xff, 0xff, 0xff, 
	0xff, 0xff, 0xff, 0x18, 0x9f, 0x73, 0x00, 0x3e, 0xe0, 0xc1, 0x1f, 0x3e, 0x8f, 0xff, 0xff, 0xff, 
	0xff, 0xff, 0x7f, 0x18, 0x0e, 0x73, 0x00, 0x3e, 0xe0, 0xe1, 0x3f, 0x3e, 0x87, 0xff, 0xff, 0xff, 
	0xff, 0xff, 0x7f, 0x1c, 0x0e, 0x77, 0x00, 0x3e, 0xe0, 0xf1, 0x7f, 0x3c, 0x87, 0xff, 0xff, 0xff, 
	0xff, 0xff, 0x7f, 0x1c, 0x0e, 0x77, 0x18, 0x3e, 0xe0, 0xf1, 0x7f, 0x1c, 0xc7, 0xff, 0xff, 0xff, 
	0xff, 0xff, 0x7f, 0x0c, 0x0e, 0x77, 0x18, 0x3e, 0xe0, 0xf9, 0x7f, 0x1c, 0xc3, 0xff, 0xff, 0xff, 
	0xff, 0xff, 0x7f, 0x00, 0x00, 0x00, 0x1c, 0x3e, 0xe0, 0xfb, 0xff, 0x1c, 0xc3, 0xff, 0xff, 0xff, 
	0xff, 0xff, 0x7f, 0x00, 0x00, 0x00, 0x1c, 0x3e, 0xe0, 0xff, 0xff, 0x18, 0xe3, 0xff, 0xff, 0xff, 
	0xff, 0xff, 0x7f, 0x00, 0x00, 0x00, 0x1c, 0x3e, 0xe0, 0xff, 0xf8, 0x18, 0xe3, 0xff, 0xff, 0xff, 
	0xff, 0xff, 0xff, 0x00, 0x00, 0x00, 0x18, 0x3e, 0xe0, 0x7f, 0xf0, 0x98, 0xe1, 0xff, 0xff, 0xff, 
	0xff, 0xff, 0xff, 0xc0, 0x60, 0x00, 0x08, 0x3e, 0xe0, 0x3f, 0xf0, 0x98, 0xe1, 0xff, 0xff, 0xff, 
	0xff, 0xff, 0xff, 0xe1, 0x60, 0x00, 0x00, 0x3e, 0xe0, 0x3f, 0xe0, 0x19, 0xf1, 0xff, 0xff, 0xff, 
	0xff, 0xff, 0xff, 0xff, 0xff, 0xff, 0x00, 0x3e, 0xe0, 0x3f, 0xe0, 0x11, 0xf0, 0xff, 0xff, 0xff, 
	0xff, 0xff, 0xff, 0xff, 0xff, 0xff, 0x01, 0x3e, 0xe0, 0x3f, 0xe0, 0x11, 0xf0, 0xff, 0xff, 0xff, 
	0xff, 0xff, 0xff, 0xff, 0xff, 0xff, 0x03, 0x3e, 0xe0, 0x3f, 0xe0, 0x11, 0xf8, 0xff, 0xff, 0xff, 
	0xff, 0xff, 0xff, 0xff, 0xff, 0xff, 0x03, 0x3e, 0xf0, 0x3f, 0xe0, 0x01, 0xf8, 0xff, 0xff, 0xff, 
	0xff, 0xff, 0xff, 0xff, 0xff, 0xff, 0x03, 0x3e, 0xf0, 0x3f, 0xe0, 0x01, 0xfc, 0xff, 0xff, 0xff, 
	0xff, 0xff, 0xff, 0xff, 0xff, 0xff, 0x03, 0x3e, 0xf0, 0x3f, 0xe0, 0x01, 0xfc, 0xff, 0xff, 0xff, 
	0xff, 0xff, 0xff, 0xff, 0xff, 0xff, 0x01, 0x3e, 0xf8, 0x3f, 0xe0, 0x01, 0xfe, 0xff, 0xff, 0xff, 
	0xff, 0xff, 0xff, 0xff, 0xff, 0xff, 0x01, 0x3e, 0xf8, 0x3f, 0xe0, 0x01, 0xfc, 0xff, 0xff, 0xff, 
	0xff, 0xff, 0xff, 0xff, 0xff, 0xff, 0x00, 0x3e, 0xf8, 0x3f, 0xe0, 0x41, 0xf8, 0xff, 0xff, 0xff, 
	0xff, 0xff, 0xff, 0xff, 0xff, 0xff, 0x10, 0x3f, 0xfc, 0x3f, 0xf0, 0x71, 0xf8, 0xff, 0xff, 0xff, 
	0xff, 0xff, 0xff, 0xff, 0xff, 0xff, 0xf0, 0x3f, 0xfe, 0x7f, 0xf0, 0x70, 0xf0, 0xff, 0xff, 0xff, 
	0xff, 0xff, 0xff, 0xff, 0xff, 0xff, 0xf8, 0xff, 0xff, 0x7d, 0xf8, 0xf0, 0xf0, 0xff, 0xff, 0xff, 
	0xff, 0xff, 0xff, 0xff, 0xff, 0xff, 0xf8, 0xff, 0xff, 0xf9, 0xff, 0xf0, 0xf0, 0xff, 0xff, 0xff, 
	0xff, 0xff, 0xff, 0xff, 0xff, 0xff, 0xf8, 0xff, 0xff, 0xf8, 0xff, 0xf8, 0xf0, 0xff, 0xff, 0xff, 
	0xff, 0xff, 0xff, 0xff, 0xff, 0xff, 0xf8, 0xff, 0xff, 0xf8, 0x7f, 0x68, 0xf0, 0xff, 0xff, 0xff, 
	0xff, 0xff, 0xff, 0xff, 0xff, 0xff, 0xf8, 0xff, 0xff, 0xf8, 0x7f, 0x68, 0xf8, 0xff, 0xff, 0xff, 
	0xff, 0xff, 0xff, 0xff, 0xff, 0xff, 0xf8, 0xff, 0x7f, 0xf0, 0x7f, 0x40, 0xfc, 0xff, 0xff, 0xff, 
	0xff, 0xff, 0xff, 0xff, 0xff, 0xff, 0xf8, 0xff, 0x7f, 0xf0, 0x3f, 0x40, 0xfc, 0xff, 0xff, 0xff, 
	0xff, 0xff, 0xff, 0xff, 0xff, 0xff, 0xf8, 0xff, 0x3f, 0xe0, 0x1f, 0x00, 0xfe, 0xff, 0xff, 0xff, 
	0xff, 0xff, 0xff, 0xff, 0xff, 0xff, 0xf8, 0xff, 0x1f, 0xc0, 0x0f, 0x00, 0xfe, 0xff, 0xff, 0xff, 
	0xff, 0xff, 0xff, 0xff, 0xff, 0xff, 0xf0, 0xff, 0x0f, 0x00, 0x07, 0x00, 0xfe, 0xff, 0xff, 0xff, 
	0xff, 0xff, 0xff, 0xff, 0xff, 0xff, 0x00, 0x00, 0x00, 0x06, 0x00, 0x0c, 0xfe, 0xff, 0xff, 0xff, 
	0xff, 0xff, 0xff, 0xff, 0xff, 0xff, 0x01, 0x00, 0x00, 0x06, 0x80, 0x0f, 0xfe, 0xff, 0xff, 0xff, 
	0xff, 0xff, 0xff, 0xff, 0xff, 0xff, 0x01, 0x00, 0x00, 0x0f, 0xc0, 0x1f, 0xfe, 0xff, 0xff, 0xff, 
	0xff, 0xff, 0xff, 0xff, 0xff, 0xff, 0x01, 0x00, 0x80, 0x1f, 0xe0, 0x1f, 0xff, 0xff, 0xff, 0xff, 
	0xff, 0xff, 0xff, 0xff, 0xff, 0xff, 0x03, 0x00, 0xc0, 0x3f, 0xf0, 0xbf, 0xff, 0xff, 0xff, 0xff, 
	0xff, 0xff, 0xff, 0xff, 0xff, 0xff, 0xff, 0xff, 0xff, 0xff, 0xff, 0xff, 0xff, 0xff, 0xff, 0xff, 
	0xff, 0xff, 0xff, 0xff, 0xff, 0xff, 0xff, 0xff, 0xff, 0xff, 0xff, 0xff, 0xff, 0xff, 0xff, 0xff
};
#endif

#ifdef ENABLE_MSPACMAN 
    const uint8_t MsPacman_Logo_bits[] PROGMEM = {
    0x00, 0x00, 0x00, 0x00, 0x00, 0x00, 0x00, 0x00, 0x00, 0x00, 0x00, 0x00, 0x00, 0x00, 0x00, 0x00,
    0x00, 0x00, 0x00, 0x00, 0x00, 0x00, 0x00, 0x00, 0x00, 0x00, 0x00, 0x00, 0x00, 0x00, 0x00, 0x00,
    0x00, 0x00, 0x00, 0x00, 0x00, 0x00, 0x00, 0x00, 0x00, 0x00, 0x00, 0x00, 0x00, 0x00, 0x00, 0x00,
    0x00, 0x00, 0x00, 0x00, 0x00, 0x00, 0x00, 0x00, 0x00, 0x00, 0x00, 0x00, 0x00, 0x00, 0x00, 0x00,
    0x00, 0x00, 0x00, 0x00, 0x00, 0x00, 0x00, 0x00, 0x00, 0x00, 0x00, 0x00, 0x00, 0x00, 0x00, 0x00,
    0x00, 0x00, 0x00, 0x00, 0x00, 0x00, 0x00, 0x00, 0x00, 0x00, 0x00, 0x00, 0x00, 0x00, 0x00, 0x00,
    0x00, 0x00, 0x00, 0x00, 0x00, 0x00, 0x00, 0x00, 0x00, 0x00, 0x00, 0x00, 0x00, 0x00, 0x00, 0x00,
    0x10, 0x00, 0x00, 0x00, 0x00, 0x00, 0x00, 0x00, 0x00, 0x00, 0x00, 0x00, 0x00, 0x00, 0x00, 0x00,
    0x20, 0x00, 0x20, 0x00, 0x00, 0x00, 0x00, 0x00, 0x00, 0x00, 0x00, 0x00, 0x00, 0x00, 0x00, 0x00,
    0x40, 0x00, 0x30, 0x00, 0x00, 0x00, 0x00, 0x00, 0x00, 0x00, 0x00, 0x00, 0x00, 0x00, 0x00, 0x00,
    0x80, 0x00, 0x08, 0x00, 0x00, 0x00, 0x00, 0x00, 0x00, 0x00, 0x00, 0x00, 0x00, 0x00, 0x00, 0x00,
    0x00, 0x01, 0x44, 0x00, 0x10, 0x00, 0x00, 0x00, 0x00, 0x00, 0x00, 0x00, 0x00, 0x00, 0x00, 0x00,
    0x40, 0x02, 0x02, 0x00, 0x10, 0x00, 0x00, 0x00, 0x00, 0x00, 0x00, 0x00, 0x00, 0x00, 0x00, 0x00,
    0xC0, 0x04, 0x09, 0x00, 0x00, 0x00, 0x00, 0x00, 0x00, 0x00, 0x00, 0x00, 0x00, 0x00, 0x00, 0x00,
    0xC0, 0x89, 0x08, 0xFF, 0x03, 0x00, 0x00, 0x00, 0x00, 0x00, 0x00, 0x00, 0x00, 0x00, 0x00, 0x00,
    0xC0, 0x53, 0xCE, 0xFF, 0x07, 0x00, 0x00, 0x00, 0x00, 0x00, 0x00, 0x00, 0x00, 0x00, 0x00, 0x00,
    0xC0, 0x07, 0xCF, 0xFF, 0x03, 0x00, 0x00, 0x00, 0x00, 0x00, 0x00, 0x00, 0x00, 0x00, 0x00, 0x00,
    0xC0, 0x8F, 0xEF, 0xF8, 0x03, 0x00, 0x00, 0x00, 0x00, 0x00, 0x00, 0x00, 0x00, 0x00, 0x00, 0x00,
    0xC0, 0xDF, 0xCF, 0xF8, 0x03, 0x00, 0x00, 0x00, 0x00, 0x00, 0x00, 0x00, 0x00, 0x00, 0x00, 0x00,
    0xC0, 0xFF, 0xCF, 0xFD, 0x03, 0x00, 0x00, 0x00, 0x00, 0x00, 0x00, 0x00, 0x00, 0x00, 0x00, 0x00,
    0xC0, 0xFF, 0xCF, 0xFF, 0x03, 0x00, 0x00, 0x00, 0x00, 0x00, 0x00, 0x00, 0x00, 0x00, 0x00, 0x00,
    0xC0, 0xFF, 0xCF, 0xFF, 0x03, 0x00, 0x00, 0x00, 0x00, 0x00, 0x00, 0x00, 0x00, 0x00, 0x00, 0x00,
    0xC0, 0xFF, 0xEF, 0xFF, 0x03, 0x00, 0x00, 0x00, 0x00, 0x00, 0x00, 0x00, 0x00, 0x00, 0x00, 0x00,
    0xC0, 0xFF, 0xEF, 0xFF, 0xA7, 0x03, 0x00, 0x00, 0x00, 0x00, 0x00, 0x00, 0x00, 0x00, 0x00, 0x00,
    0xC0, 0xFF, 0xCF, 0x8F, 0x03, 0x04, 0x00, 0x00, 0x00, 0x00, 0x00, 0x00, 0x00, 0x00, 0x00, 0x00,
    0xC0, 0xFF, 0xFF, 0x8F, 0xC3, 0x0B, 0x00, 0x00, 0x00, 0x00, 0x00, 0x00, 0x00, 0x00, 0x00, 0x00,
    0xC0, 0xFF, 0xCF, 0xDF, 0xE7, 0x03, 0x00, 0x00, 0x00, 0x00, 0x00, 0x00, 0x00, 0x00, 0x00, 0x00,
    0xC0, 0xFF, 0xEF, 0xFF, 0xE3, 0x03, 0x00, 0x00, 0x00, 0x00, 0x00, 0x00, 0x00, 0x00, 0x00, 0x00,
    0xC0, 0xFF, 0xCF, 0xFF, 0xC1, 0x09, 0x00, 0x00, 0x02, 0x00, 0x00, 0x01, 0x01, 0x02, 0x00, 0x00,
    0x00, 0x00, 0x40, 0x03, 0x80, 0x00, 0x00, 0x00, 0x06, 0x00, 0x80, 0x00, 0x01, 0x06, 0x00, 0x00,
    0x10, 0x00, 0x40, 0x00, 0x00, 0x00, 0x00, 0x00, 0x0A, 0x00, 0x40, 0x80, 0x00, 0x0A, 0x00, 0x00,
    0xFE, 0xFF, 0x07, 0x02, 0xE0, 0x03, 0x00, 0x00, 0x12, 0x00, 0x20, 0x00, 0x02, 0x12, 0x00, 0x00,
    0x00, 0x00, 0x2C, 0x00, 0x30, 0x30, 0x00, 0x00, 0x22, 0x00, 0x10, 0x40, 0x00, 0x22, 0x04, 0x80,
    0x00, 0x00, 0x18, 0x00, 0x06, 0x80, 0x00, 0x00, 0x42, 0x00, 0x08, 0x01, 0x04, 0x42, 0x00, 0x80,
    0x00, 0x00, 0x10, 0x04, 0xC3, 0x0F, 0x03, 0x00, 0x82, 0x00, 0x04, 0x21, 0x00, 0x82, 0x00, 0x80,
    0xF8, 0xFF, 0x81, 0x81, 0xF0, 0x3F, 0x04, 0x00, 0x12, 0x01, 0x22, 0x81, 0x09, 0x0A, 0xF0, 0x9F,
    0xF8, 0xFF, 0x83, 0x49, 0xFC, 0x7F, 0x08, 0x00, 0x72, 0x02, 0x31, 0x91, 0x01, 0x1A, 0xF2, 0x9F,
    0xF0, 0xFF, 0xC7, 0x43, 0xFE, 0xFF, 0x08, 0x00, 0xF2, 0xC4, 0x38, 0xC1, 0x13, 0x3A, 0xF0, 0x9F,
    0xF8, 0x9F, 0xC7, 0x33, 0xFE, 0xFF, 0x11, 0x00, 0xF2, 0x49, 0x3C, 0xC9, 0x03, 0xFA, 0xF0, 0x9F,
    0xF8, 0x0F, 0xEF, 0x07, 0xFF, 0xFF, 0x01, 0x00, 0xF2, 0x03, 0x3E, 0xE9, 0x27, 0xFA, 0xF1, 0x9F,
    0xF9, 0x8F, 0xE7, 0x07, 0xFF, 0x7F, 0x10, 0x00, 0xF2, 0x07, 0x3F, 0xE4, 0x07, 0xFA, 0xF1, 0x9F,
    0xF9, 0xDF, 0xE7, 0x8F, 0xFF, 0x1F, 0x04, 0x00, 0xF2, 0x8F, 0x3F, 0xE4, 0x4F, 0xFA, 0xF7, 0x9F,
    0xF9, 0xFF, 0xF7, 0x8F, 0xFF, 0x03, 0xC1, 0x3F, 0xF2, 0xDF, 0x3F, 0xF3, 0x0F, 0xFA, 0xFF, 0x9F,
    0xF9, 0xFF, 0xF3, 0x9F, 0xFF, 0x83, 0x80, 0x3F, 0xF2, 0xFF, 0x3F, 0xF1, 0x1F, 0xFA, 0xFF, 0x9F,
    0xF9, 0xFF, 0xF8, 0x9F, 0xFF, 0x87, 0x80, 0x3F, 0xF2, 0xFF, 0x3F, 0xF8, 0x1F, 0xF9, 0xFF, 0x9F,
    0xF1, 0x1F, 0xF8, 0x3F, 0xFF, 0x1F, 0xC3, 0x3F, 0xF2, 0xFF, 0x3F, 0xF8, 0x3F, 0xFB, 0xFF, 0x9F,
    0xF1, 0x0F, 0xFC, 0x3F, 0xFF, 0x7F, 0x0C, 0x00, 0xF2, 0xFF, 0x3F, 0xFC, 0x3F, 0xF8, 0xFF, 0x9F,
    0xF1, 0x0F, 0xFC, 0x7F, 0xFF, 0xFF, 0x10, 0x00, 0xF2, 0xFF, 0x3F, 0xFC, 0x3F, 0xF8, 0xFF, 0x9F,
    0xF9, 0x0F, 0x3E, 0x3E, 0xFC, 0xFF, 0x01, 0x00, 0xF0, 0xFF, 0x3F, 0x3E, 0x7C, 0xF8, 0xFF, 0x9F,
    0xF9, 0x0F, 0x3E, 0xFE, 0xFE, 0xFF, 0x10, 0x00, 0xF0, 0xFF, 0x3F, 0x3E, 0x7C, 0xF8, 0xFF, 0x9F,
    0xF1, 0x0F, 0x3F, 0x7E, 0xFC, 0xFF, 0x08, 0x00, 0xF0, 0xFF, 0x3F, 0x7F, 0xFE, 0xF8, 0xFF, 0x9F,
    0xF1, 0x0F, 0xFF, 0xFF, 0xF9, 0x3F, 0x08, 0x00, 0xF0, 0xFF, 0x3F, 0xFF, 0xFF, 0xF8, 0xFF, 0x9F,
    0xF9, 0x8F, 0xFF, 0xFF, 0x61, 0x03, 0x04, 0x00, 0xF0, 0xFF, 0xBB, 0xFF, 0xFF, 0xF9, 0xFF, 0x9F,
    0xF9, 0x8D, 0xFB, 0xFF, 0x01, 0x00, 0x02, 0x00, 0xF0, 0x01, 0xB0, 0x7F, 0x80, 0xF9, 0xFF, 0x90,
    0x00, 0x00, 0x00, 0x00, 0x00, 0x80, 0x01, 0x00, 0x00, 0x00, 0x00, 0x00, 0x00, 0x00, 0x00, 0x80,
    0x01, 0x00, 0x00, 0x00, 0x00, 0x60, 0x00, 0x00, 0x00, 0x00, 0x00, 0x00, 0x00, 0x00, 0x00, 0x80,
    0xFE, 0xFF, 0xFF, 0xFF, 0x3F, 0x04, 0x00, 0x00, 0xFE, 0xFF, 0xFF, 0xFF, 0xFF, 0xFF, 0xFF, 0xFF,
    0x00, 0x00, 0x00, 0x00, 0x00, 0x00, 0x00, 0x00, 0x00, 0x00, 0x00, 0x00, 0x00, 0x00, 0x00, 0x00,
    0x00, 0x00, 0x00, 0x00, 0x00, 0x00, 0x00, 0x00, 0x00, 0x00, 0x00, 0x00, 0x00, 0x00, 0x00, 0x00,
    0x00, 0x00, 0x00, 0x00, 0x00, 0x00, 0x00, 0x00, 0x00, 0x00, 0x00, 0x00, 0x00, 0x00, 0x00, 0x00,
    0x00, 0x00, 0x00, 0x00, 0x00, 0x00, 0x00, 0x00, 0x00, 0x00, 0x00, 0x00, 0x00, 0x00, 0x00, 0x00,
    0x00, 0x00, 0x00, 0x00, 0x00, 0x00, 0x00, 0x00, 0x00, 0x00, 0x00, 0x00, 0x00, 0x00, 0x00, 0x00,
    0x00, 0x00, 0x00, 0x00, 0x00, 0x00, 0x00, 0x00, 0x00, 0x00, 0x00, 0x00, 0x00, 0x00, 0x00, 0x00,
    0x00, 0x00, 0x00, 0x00, 0x00, 0x00, 0x00, 0x00, 0x00, 0x00, 0x00, 0x00, 0x00, 0x00, 0x00, 0x00
};
#endif


#ifdef ENABLE_GALAXIAN
  const uint8_t Galaxian_Logo_bits[] PROGMEM = {  
  0xFF, 0xFF, 0xFF, 0xFF, 0xFF, 0xFF, 0xFF, 0xFF, 0xFF, 0xFF, 0xFF, 0xFF, 0xFF, 0xFF, 0xFF, 0xFF,
  0xFF, 0xFF, 0xFF, 0xFF, 0xFF, 0xFF, 0xFF, 0x01, 0xFE, 0xFF, 0xFF, 0xFF, 0xFF, 0xFF, 0xFF, 0xFF,
  0xFF, 0xFF, 0xFF, 0xFF, 0xFF, 0xFF, 0x03, 0x00, 0x00, 0xF0, 0xFF, 0xFF, 0xFF, 0xFF, 0xFF, 0xFF,
  0xFF, 0xFF, 0xFF, 0xFF, 0xFF, 0xFF, 0x00, 0x00, 0x00, 0x00, 0xFF, 0xBF, 0xFF, 0xFF, 0xFF, 0xFF,
  0xFF, 0xFF, 0xFF, 0xFF, 0xFF, 0x0F, 0x00, 0x00, 0x00, 0x00, 0xF0, 0xBF, 0xFF, 0xFF, 0xFF, 0xFF,
  0xFF, 0xFF, 0xFF, 0xFF, 0xFF, 0x03, 0x00, 0x00, 0x00, 0x00, 0x80, 0xBF, 0xFF, 0xFF, 0xFF, 0xFF,
  0xFF, 0xFF, 0xFF, 0xFF, 0x7F, 0x00, 0x00, 0x00, 0x00, 0x00, 0x00, 0xBC, 0xFF, 0xFF, 0xFF, 0xFF,
  0xFF, 0xFF, 0xFF, 0xFF, 0x3F, 0x00, 0x00, 0x00, 0x00, 0x00, 0x00, 0xB0, 0xFF, 0xFF, 0xFF, 0xFF,
  0xFF, 0xFF, 0xFF, 0xFF, 0x0F, 0x00, 0x00, 0x00, 0x00, 0x00, 0x00, 0x80, 0xFF, 0xFF, 0xFF, 0xFF,
  0xFF, 0xFF, 0xFF, 0xFF, 0x03, 0x00, 0xF0, 0xFF, 0xFF, 0x1F, 0x00, 0x00, 0xFF, 0xFF, 0xFF, 0xFF,
  0xFF, 0xFF, 0xFF, 0xFF, 0x01, 0x00, 0xFE, 0xFF, 0xFF, 0x7F, 0x00, 0x00, 0xFC, 0xFF, 0x3F, 0xFE,
  0xFF, 0xFF, 0x1F, 0xF8, 0x00, 0xC0, 0xFF, 0xFF, 0xFF, 0x7F, 0x18, 0x00, 0xF0, 0xFF, 0x01, 0xF0,
  0xFF, 0xFF, 0x07, 0x60, 0x00, 0xF0, 0xF9, 0xFF, 0xFF, 0x5F, 0x18, 0x00, 0xE0, 0x3F, 0x00, 0xF0,
  0xFF, 0xFF, 0x01, 0x00, 0x00, 0x7C, 0xF8, 0xFF, 0xEF, 0xFF, 0x9F, 0x01, 0x80, 0x0F, 0x00, 0xE0,
  0xFF, 0xFF, 0x00, 0x00, 0x00, 0x3F, 0xF0, 0xFF, 0x6F, 0xBF, 0x1B, 0x03, 0x00, 0x07, 0x00, 0xE0,
  0xFF, 0x3F, 0x00, 0x00, 0x80, 0x1F, 0xF0, 0xFF, 0x66, 0xBF, 0x17, 0x03, 0x00, 0x00, 0x00, 0xE0,
  0xFF, 0x1F, 0x00, 0x00, 0xE0, 0x0F, 0xF0, 0x5B, 0x6E, 0xFF, 0xB7, 0x0F, 0x01, 0x00, 0x00, 0xE0,
  0xFF, 0x0F, 0x00, 0x00, 0xF0, 0x07, 0xF0, 0x58, 0x6E, 0xFF, 0xFF, 0x1F, 0x03, 0x00, 0x00, 0xE0,
  0xFF, 0x07, 0x00, 0x00, 0xFC, 0x07, 0xF0, 0x8C, 0x7F, 0xDE, 0xFE, 0x1F, 0x03, 0x00, 0x38, 0xE0,
  0xFF, 0x03, 0xC0, 0x00, 0xFE, 0x07, 0xF0, 0x86, 0x77, 0x9F, 0xFC, 0x1F, 0x11, 0x00, 0x1C, 0xF0,
  0xFF, 0x03, 0xF0, 0x00, 0xFF, 0x07, 0x30, 0x86, 0x75, 0x93, 0xFC, 0x0F, 0x70, 0x00, 0x1E, 0xF0,
  0xFF, 0x01, 0x78, 0x80, 0xFF, 0x0B, 0x30, 0x87, 0x65, 0x93, 0xFD, 0x07, 0xF8, 0x01, 0x0E, 0xF8,
  0xFF, 0x00, 0x48, 0xC0, 0xFF, 0x13, 0x20, 0x83, 0x6D, 0x92, 0x9D, 0x01, 0xF8, 0x03, 0x04, 0xF8,
  0xFF, 0x00, 0x42, 0xE0, 0xFF, 0x13, 0xE0, 0x83, 0x4E, 0xDA, 0x95, 0x01, 0xFC, 0x0F, 0x00, 0xFC,
  0x7F, 0x00, 0x62, 0xF0, 0xFF, 0x17, 0xE0, 0xD3, 0x1E, 0xDA, 0x91, 0x01, 0xFC, 0x0F, 0x00, 0xFC,
  0x7F, 0x00, 0x33, 0xFC, 0xFD, 0x07, 0x60, 0xDA, 0x1E, 0xCE, 0x9A, 0x03, 0xFC, 0x3F, 0x00, 0xFE,
  0x3F, 0x00, 0x31, 0x0C, 0xFC, 0x07, 0x20, 0xDA, 0x9A, 0xEC, 0xBB, 0x07, 0xF8, 0x7F, 0x00, 0xFF,
  0x3F, 0x80, 0x31, 0x06, 0xEC, 0x0F, 0x20, 0xAF, 0xE3, 0xA4, 0xFB, 0x0F, 0xF8, 0xFF, 0x80, 0xFF,
  0x1F, 0xC0, 0x15, 0x00, 0xEE, 0x0B, 0xA0, 0xAF, 0xE9, 0xA7, 0xFF, 0x07, 0x00, 0x00, 0xC0, 0xFF,
  0x1F, 0x40, 0x1C, 0x00, 0xDE, 0x03, 0xA0, 0xAF, 0xFD, 0xEF, 0x9F, 0x07, 0x00, 0x00, 0xE0, 0xFF,
  0x0F, 0x40, 0x1E, 0x00, 0xD2, 0x12, 0x00, 0xF0, 0x3D, 0xCE, 0x80, 0x03, 0x00, 0x00, 0xE0, 0xFF,
  0x0F, 0xC0, 0x2C, 0x00, 0x40, 0x12, 0x00, 0xE0, 0x07, 0x4C, 0x80, 0x01, 0x60, 0x00, 0xE0, 0xFF,
  0x07, 0xA0, 0x28, 0x00, 0x40, 0x12, 0x00, 0xE0, 0x03, 0x6C, 0x80, 0x01, 0xE0, 0x00, 0x80, 0xFF,
  0x07, 0x60, 0x69, 0x00, 0x80, 0x10, 0x00, 0xC0, 0x01, 0x38, 0x80, 0x00, 0xC0, 0x01, 0x80, 0xFF,
  0x07, 0x71, 0x59, 0x00, 0x80, 0x01, 0x00, 0x00, 0x00, 0x30, 0x80, 0x00, 0x80, 0x03, 0x00, 0xFF,
  0x07, 0x30, 0x72, 0x00, 0x00, 0x19, 0x00, 0x00, 0x00, 0x00, 0xC0, 0x00, 0x00, 0x07, 0x00, 0xFE,
  0x03, 0x30, 0x32, 0xE0, 0x00, 0x18, 0x60, 0x00, 0x00, 0x00, 0xC0, 0x01, 0x00, 0x07, 0x00, 0xFE,
  0x03, 0xE0, 0x16, 0xE0, 0x00, 0x08, 0x60, 0x00, 0x00, 0x00, 0xC0, 0x00, 0x00, 0x0E, 0x00, 0xFC,
  0x03, 0xE0, 0x1F, 0x60, 0x00, 0x04, 0x60, 0x00, 0x00, 0x00, 0xE0, 0x00, 0x00, 0x0C, 0x00, 0xFC,
  0x03, 0x00, 0x00, 0x20, 0x00, 0x00, 0x20, 0x00, 0x0C, 0x00, 0xF0, 0x00, 0x00, 0x0C, 0x00, 0xF8,
  0x03, 0x00, 0x00, 0x00, 0x00, 0x00, 0x00, 0x00, 0x3C, 0x00, 0xF0, 0x00, 0x00, 0x08, 0x00, 0xF8,
  0x03, 0x00, 0x00, 0x00, 0x00, 0x10, 0x00, 0x00, 0x78, 0x00, 0x78, 0x00, 0x00, 0x08, 0x00, 0xF8,
  0x01, 0x00, 0x00, 0x00, 0x00, 0x00, 0x00, 0x00, 0x70, 0x00, 0x78, 0x00, 0x00, 0x00, 0x00, 0xF0,
  0x01, 0x00, 0x00, 0x00, 0x00, 0x00, 0x00, 0x00, 0xF0, 0x00, 0x7C, 0x00, 0x00, 0x00, 0x00, 0xF0,
  0x01, 0x00, 0x00, 0x00, 0x00, 0x00, 0x00, 0x00, 0x60, 0x00, 0x38, 0x00, 0x00, 0x00, 0x00, 0xF0,
  0x01, 0x00, 0x00, 0x00, 0x00, 0x00, 0x00, 0x00, 0x60, 0x00, 0x38, 0x00, 0x00, 0x00, 0x00, 0xE0,
  0x03, 0x00, 0x00, 0x00, 0x00, 0x00, 0x00, 0x00, 0x00, 0x00, 0x20, 0x00, 0x00, 0x00, 0x00, 0xE0,
  0x03, 0x00, 0x00, 0x00, 0x00, 0x00, 0x00, 0x00, 0x00, 0x00, 0x00, 0x00, 0x00, 0x00, 0x00, 0xE0,
  0x03, 0x00, 0x00, 0x00, 0x00, 0x00, 0x00, 0x00, 0x00, 0x00, 0x00, 0x00, 0x00, 0x00, 0x00, 0xC0,
  0x03, 0x00, 0x00, 0x00, 0x00, 0x00, 0x00, 0x00, 0x00, 0x00, 0x00, 0x00, 0x00, 0x00, 0x00, 0xC0,
  0x07, 0x00, 0x00, 0x00, 0x00, 0x00, 0x00, 0x00, 0x00, 0x00, 0x00, 0x00, 0x00, 0x00, 0x00, 0xC0,
  0x07, 0x00, 0x00, 0x00, 0x00, 0x00, 0x00, 0x00, 0x00, 0x04, 0x00, 0x00, 0x00, 0x00, 0x00, 0xC0,
  0x0F, 0x00, 0x00, 0x08, 0xFF, 0xFF, 0xFF, 0xFF, 0xFF, 0x0E, 0xFF, 0xFF, 0xFF, 0xFF, 0xFF, 0x80,
  0x1F, 0x30, 0x00, 0x0F, 0x00, 0x00, 0x00, 0x00, 0xFF, 0x1F, 0x00, 0x00, 0x00, 0x00, 0x00, 0x80,
  0x3F, 0x1C, 0xE0, 0x1F, 0x00, 0x00, 0x00, 0x00, 0x80, 0x1F, 0x00, 0x10, 0x00, 0x00, 0x00, 0x80,
  0xFF, 0x1F, 0xF0, 0x1F, 0x00, 0x00, 0x10, 0x00, 0xC0, 0x3F, 0x00, 0x18, 0x00, 0x00, 0x00, 0xC0,
  0xFF, 0x1F, 0xFE, 0x3F, 0x80, 0x01, 0x38, 0xC0, 0xC0, 0x7F, 0x00, 0x3C, 0x00, 0x00, 0x20, 0xC0,
  0xFF, 0xDF, 0xFF, 0x7F, 0xC0, 0x03, 0x7C, 0xE0, 0xF3, 0xFF, 0x18, 0x7E, 0x80, 0x01, 0x70, 0xE0,
  0xFF, 0xFF, 0xFF, 0xFF, 0xFF, 0xFF, 0xFF, 0xFF, 0xFF, 0xFF, 0xFF, 0xFF, 0xF3, 0xFF, 0xFF, 0xFF,
  0xFF, 0xFF, 0xFF, 0xFF, 0xFF, 0xFF, 0xFF, 0xFF, 0xFF, 0xFF, 0xFF, 0xFF, 0xFF, 0xFF, 0xFF, 0xFF,
  0xFF, 0xFF, 0xFF, 0xFF, 0xFF, 0xFF, 0xFF, 0xFF, 0xFF, 0xFF, 0xFF, 0xFF, 0xFF, 0xFF, 0xFF, 0xFF,
  0xFF, 0xFF, 0xFF, 0xFF, 0xFF, 0xFF, 0xFF, 0xFF, 0xFF, 0xFF, 0xFF, 0xFF, 0xFF, 0xFF, 0xFF, 0xFF,
  0xFF, 0xFF, 0xFF, 0xFF, 0xFF, 0xFF, 0xFF, 0xFF, 0xFF, 0xFF, 0xFF, 0xFF, 0xFF, 0xFF, 0xFF, 0xFF,
  0xFF, 0xFF, 0xFF, 0xFF, 0xFF, 0xFF, 0xFF, 0xFF, 0xFF, 0xFF, 0xFF, 0xFF, 0xFF, 0xFF, 0xFF, 0xFF
};
#endif


#ifdef ENABLE_LADYBUG
  const uint8_t LadyBug_Logo_bits[] PROGMEM = {   
  0xff, 0xff, 0xff, 0xff, 0xff, 0xff, 0xff, 0xff, 0xff, 0xff, 0xff, 0xff, 0xff, 0xff, 0xff, 0xff,
  0xff, 0xff, 0xff, 0xff, 0xff, 0xff, 0xff, 0xff, 0xff, 0xff, 0xff, 0xff, 0xff, 0xff, 0xff, 0xff,
  0xff, 0xff, 0xff, 0xff, 0xff, 0xff, 0xff, 0xff, 0xff, 0xff, 0xff, 0xff, 0xff, 0xff, 0xff, 0xff,
  0xff, 0xff, 0xff, 0xff, 0xff, 0xff, 0xff, 0xff, 0xff, 0xff, 0xff, 0xff, 0xff, 0xff, 0xff, 0xff,
  0xff, 0xff, 0xff, 0xff, 0xff, 0xff, 0xff, 0xff, 0xff, 0xff, 0xff, 0xff, 0xff, 0xff, 0xff, 0xff,
  0xff, 0xff, 0xff, 0xff, 0xff, 0xff, 0xff, 0xff, 0xff, 0xff, 0xff, 0xff, 0xff, 0xff, 0xff, 0xff,
  0xff, 0xff, 0xff, 0xff, 0xff, 0xff, 0xff, 0xff, 0xff, 0xff, 0xff, 0xff, 0xff, 0xff, 0xff, 0xff,
  0xff, 0xff, 0xff, 0xff, 0xff, 0xff, 0xff, 0xff, 0xff, 0xff, 0xff, 0xff, 0xff, 0xff, 0xff, 0xff,
  0xff, 0xff, 0xff, 0xff, 0xff, 0xff, 0xff, 0xff, 0xff, 0xff, 0xff, 0xff, 0xff, 0xff, 0xff, 0xff,
  0xff, 0xff, 0xff, 0xff, 0xff, 0xff, 0xff, 0xff, 0xff, 0xff, 0xff, 0xff, 0xff, 0xff, 0xff, 0xff,
  0xff, 0xff, 0xff, 0xff, 0xff, 0xff, 0xff, 0xff, 0xff, 0xff, 0xff, 0xff, 0xff, 0xff, 0xff, 0xff,
  0xff, 0xff, 0xff, 0xff, 0xff, 0xff, 0xff, 0xff, 0xff, 0xff, 0xff, 0xff, 0xff, 0xff, 0xff, 0xff,
  0xff, 0xff, 0xff, 0xff, 0xff, 0xff, 0xff, 0xff, 0xff, 0xff, 0xff, 0xff, 0xff, 0xff, 0xff, 0xff,
  0xff, 0xff, 0xff, 0xff, 0xff, 0xff, 0xff, 0xff, 0xff, 0xff, 0xff, 0xff, 0xff, 0xff, 0xff, 0xff,
  0xff, 0xff, 0x0f, 0xf8, 0xff, 0xff, 0xe1, 0xff, 0xff, 0xff, 0x1f, 0xe0, 0xff, 0xff, 0xff, 0xff,
  0xff, 0xff, 0x03, 0xf8, 0xff, 0xff, 0xc0, 0xff, 0xff, 0xff, 0x0f, 0xc0, 0xff, 0xff, 0xff, 0xff,
  0xff, 0xff, 0x01, 0xf8, 0xff, 0xff, 0x80, 0xff, 0xff, 0xff, 0x07, 0x80, 0xff, 0xff, 0xff, 0xff,
  0xff, 0xff, 0xf0, 0xf8, 0xff, 0xff, 0x8c, 0xff, 0xff, 0xff, 0xc3, 0x0f, 0xff, 0xff, 0xff, 0xff,
  0xff, 0x7f, 0x18, 0xf8, 0xff, 0xff, 0x80, 0xff, 0xff, 0xff, 0x21, 0x30, 0xff, 0xff, 0xff, 0xff,
  0xff, 0x3f, 0x0e, 0xf8, 0xff, 0xff, 0x80, 0xff, 0xff, 0xff, 0x11, 0x21, 0xfe, 0xff, 0xff, 0xff,
  0xff, 0x3f, 0x06, 0xfc, 0xff, 0xff, 0x80, 0xff, 0xff, 0xff, 0xd8, 0x63, 0xfe, 0xff, 0xff, 0xff,
  0xff, 0x1f, 0xe3, 0xff, 0xff, 0x7f, 0x80, 0xff, 0xff, 0xff, 0xc8, 0x47, 0xfe, 0xff, 0xff, 0xff,
  0xff, 0x1f, 0xe3, 0xff, 0xff, 0x7f, 0x80, 0xff, 0xff, 0x7f, 0xc8, 0x4f, 0xfe, 0xff, 0xff, 0xff,
  0xff, 0x8f, 0xf0, 0x03, 0xfc, 0x01, 0x80, 0xff, 0xf8, 0x7f, 0xc4, 0x6f, 0xfc, 0x0f, 0x03, 0xfe,
  0xff, 0x8f, 0xf0, 0x00, 0x70, 0x00, 0x80, 0x7f, 0xe0, 0x3f, 0x86, 0x27, 0xf8, 0x07, 0x00, 0xf8,
  0xff, 0x87, 0x78, 0x00, 0x20, 0x00, 0x10, 0x3f, 0xe0, 0x3f, 0x06, 0x30, 0xf0, 0x03, 0x00, 0xf0,
  0xff, 0x47, 0x38, 0xf0, 0x01, 0x40, 0x14, 0x3f, 0xe2, 0x3f, 0x12, 0x18, 0xf1, 0x63, 0x20, 0xe0,
  0xff, 0x43, 0x1c, 0x02, 0x06, 0x81, 0x01, 0x3f, 0xe0, 0x1f, 0x93, 0x13, 0xf0, 0x63, 0x04, 0xc3,
  0xff, 0x23, 0x1c, 0x03, 0x8c, 0x01, 0x07, 0x3f, 0xe2, 0x1f, 0x01, 0x30, 0xf0, 0x23, 0x03, 0x84,
  0xff, 0x21, 0x0e, 0xf9, 0x59, 0x1c, 0x02, 0x3f, 0xe2, 0x8f, 0x01, 0x60, 0xf0, 0x63, 0x61, 0x8c,
  0xff, 0x21, 0x8e, 0xfd, 0x2b, 0xfe, 0x00, 0x3f, 0xe2, 0x8f, 0xe0, 0xdf, 0xf0, 0xe3, 0xf0, 0x03,
  0xff, 0x10, 0x8e, 0xfc, 0x37, 0xfe, 0x11, 0x3f, 0xe2, 0xc7, 0xf0, 0xbf, 0xf0, 0x23, 0xf8, 0x0f,
  0xff, 0x00, 0x8f, 0xfc, 0x47, 0xff, 0x13, 0x3f, 0xe2, 0x47, 0xf8, 0x7f, 0xf0, 0x23, 0xf8, 0x1f,
  0x7f, 0x80, 0x8f, 0xfc, 0x47, 0xff, 0x05, 0x3f, 0xe2, 0x67, 0xf8, 0x7f, 0xf0, 0x23, 0xf8, 0x17,
  0x7f, 0x80, 0x8f, 0xfc, 0x47, 0xfe, 0x05, 0x3f, 0xe0, 0x23, 0xf8, 0xbf, 0xe2, 0x23, 0xf8, 0x1b,
  0x3f, 0xc0, 0x8f, 0xf8, 0x63, 0xfc, 0x10, 0x1e, 0xe1, 0x31, 0xf0, 0x9f, 0xc3, 0xc1, 0xf8, 0x03,
  0x07, 0x04, 0x00, 0xe1, 0x68, 0x00, 0x12, 0x00, 0x00, 0xb0, 0xc3, 0x47, 0x00, 0x90, 0x71, 0x04,
  0x01, 0x00, 0x00, 0x01, 0x98, 0x01, 0x07, 0x00, 0x03, 0x10, 0x0e, 0x60, 0x06, 0x18, 0x02, 0x1e,
  0x01, 0x03, 0x00, 0x02, 0x04, 0x83, 0xc1, 0xc1, 0x01, 0x0c, 0x18, 0x38, 0x1c, 0x0c, 0x06, 0x1b,
  0x11, 0xff, 0xff, 0x63, 0x30, 0x40, 0x08, 0x30, 0xfc, 0x03, 0xc0, 0x1f, 0x80, 0x00, 0xdc, 0x00,
  0x01, 0x00, 0x00, 0x11, 0x00, 0x00, 0x30, 0x00, 0x01, 0xc0, 0x00, 0x00, 0x00, 0x80, 0x00, 0x08,
  0x01, 0x00, 0x00, 0x00, 0x00, 0x00, 0x00, 0x80, 0x01, 0xe0, 0x07, 0x80, 0x03, 0x80, 0x01, 0x84,
  0x03, 0x00, 0x00, 0x00, 0x00, 0x00, 0xc0, 0xc0, 0x01, 0xf8, 0x1f, 0xe0, 0x07, 0x08, 0x03, 0x86,
  0xff, 0xff, 0xff, 0xff, 0xff, 0xff, 0x07, 0x21, 0xf8, 0xff, 0xff, 0xff, 0xff, 0x1f, 0x0e, 0xc3,
  0xff, 0xff, 0xff, 0xff, 0xff, 0xff, 0x0f, 0x00, 0xf8, 0xff, 0xff, 0xff, 0xff, 0x3f, 0x20, 0xe0,
  0xff, 0xff, 0xff, 0xff, 0xff, 0xff, 0x1f, 0x00, 0xfe, 0xff, 0xff, 0xff, 0xff, 0x7f, 0x00, 0xf0,
  0xff, 0xff, 0xff, 0xff, 0xff, 0xff, 0x3f, 0x00, 0xff, 0xff, 0xff, 0xff, 0xff, 0xff, 0x00, 0xf8,
  0xff, 0xff, 0xff, 0xff, 0xff, 0xff, 0xff, 0xc0, 0xff, 0xff, 0xff, 0xff, 0xff, 0xff, 0x03, 0xfe,
  0xff, 0xff, 0xff, 0xff, 0xff, 0xff, 0xff, 0xff, 0xff, 0xff, 0xff, 0xff, 0xff, 0xff, 0xff, 0xff,
  0xff, 0xff, 0xff, 0xff, 0xff, 0xff, 0xff, 0xff, 0xff, 0xff, 0xff, 0xff, 0xff, 0xff, 0xff, 0xff,
  0xff, 0xff, 0xff, 0xff, 0xff, 0xff, 0xff, 0xff, 0xff, 0xff, 0xff, 0xff, 0xff, 0xff, 0xff, 0xff,
  0xff, 0xff, 0xff, 0xff, 0xff, 0xff, 0xff, 0xff, 0xff, 0xff, 0xff, 0xff, 0xff, 0xff, 0xff, 0xff,
  0xff, 0xff, 0xff, 0xff, 0xff, 0xff, 0xff, 0xff, 0xff, 0xff, 0xff, 0xff, 0xff, 0xff, 0xff, 0xff,
  0xff, 0xff, 0xff, 0xff, 0xff, 0xff, 0xff, 0xff, 0xff, 0xff, 0xff, 0xff, 0xff, 0xff, 0xff, 0xff,
  0xff, 0xff, 0xff, 0xff, 0xff, 0xff, 0xff, 0xff, 0xff, 0xff, 0xff, 0xff, 0xff, 0xff, 0xff, 0xff,
  0xff, 0xff, 0xff, 0xff, 0xff, 0xff, 0xff, 0xff, 0xff, 0xff, 0xff, 0xff, 0xff, 0xff, 0xff, 0xff,
  0xff, 0xff, 0xff, 0xff, 0xff, 0xff, 0xff, 0xff, 0xff, 0xff, 0xff, 0xff, 0xff, 0xff, 0xff, 0xff,
  0xff, 0xff, 0xff, 0xff, 0xff, 0xff, 0xff, 0xff, 0xff, 0xff, 0xff, 0xff, 0xff, 0xff, 0xff, 0xff,
  0xff, 0xff, 0xff, 0xff, 0xff, 0xff, 0xff, 0xff, 0xff, 0xff, 0xff, 0xff, 0xff, 0xff, 0xff, 0xff,
  0xff, 0xff, 0xff, 0xff, 0xff, 0xff, 0xff, 0xff, 0xff, 0xff, 0xff, 0xff, 0xff, 0xff, 0xff, 0xff,
  0xff, 0xff, 0xff, 0xff, 0xff, 0xff, 0xff, 0xff, 0xff, 0xff, 0xff, 0xff, 0xff, 0xff, 0xff, 0xff,
  0xff, 0xff, 0xff, 0xff, 0xff, 0xff, 0xff, 0xff, 0xff, 0xff, 0xff, 0xff, 0xff, 0xff, 0xff, 0xff,
  0xff, 0xff, 0xff, 0xff, 0xff, 0xff, 0xff, 0xff, 0xff, 0xff, 0xff, 0xff, 0xff, 0xff, 0xff, 0xff,
  0xff, 0xff, 0xff, 0xff, 0xff, 0xff, 0xff, 0xff, 0xff, 0xff, 0xff, 0xff, 0xff, 0xff, 0xff, 0xff
};
#endif


#ifdef ENABLE_GYRUSS
  const uint8_t Gyruss_Logo_bits[] PROGMEM = {   
  0xFF, 0xFF, 0xFF, 0xFF, 0xFF, 0xFF, 0xFF, 0xFF, 0xFF, 0xFF, 0xFF, 0xFF, 0xFF, 0xFF, 0xFF, 0xFF,
  0xFF, 0xFF, 0xFF, 0xFF, 0xFF, 0xFF, 0xFF, 0xFF, 0xFF, 0xFF, 0xFF, 0xFF, 0xFF, 0xFF, 0xFF, 0xFF,
  0xFF, 0xFF, 0xFF, 0xFF, 0xFF, 0xFF, 0xFF, 0xFF, 0xFF, 0xFF, 0xFF, 0xFF, 0xFF, 0xFF, 0xFF, 0xFF,
  0xFF, 0xFF, 0xFF, 0xFF, 0xFF, 0xFF, 0xFF, 0xFF, 0xFF, 0xFF, 0xFF, 0xFF, 0xFF, 0xFF, 0xFF, 0xFF,
  0xFF, 0xFF, 0xFF, 0xFF, 0xFF, 0xFF, 0xFF, 0xFF, 0xFF, 0xFF, 0xFF, 0xFF, 0xFF, 0xFF, 0xFF, 0xFF,
  0xFF, 0xFF, 0xFF, 0xFF, 0xFF, 0xFF, 0xFF, 0xFF, 0xFF, 0xFF, 0xFF, 0xFF, 0xFF, 0xFF, 0xFF, 0xFF,
  0xFF, 0xFF, 0xFF, 0xFF, 0xFF, 0xFF, 0xFF, 0xFF, 0xFF, 0xFF, 0xFF, 0xFF, 0xFF, 0xFF, 0xFF, 0xFF,
  0xFF, 0xFF, 0xFF, 0xFF, 0xFF, 0xFF, 0xFF, 0xFF, 0xFF, 0xFF, 0xFF, 0xFF, 0xFF, 0xFF, 0xFF, 0xFF,
  0xFF, 0xFF, 0xFF, 0xFF, 0xFF, 0xFF, 0xFF, 0xFF, 0xFF, 0xFF, 0xFF, 0xFF, 0xFF, 0xFF, 0xFF, 0xFF,
  0xFF, 0xFF, 0xFF, 0xFF, 0xFF, 0xFF, 0xFF, 0xFF, 0xFF, 0xFF, 0xFF, 0xFF, 0xFF, 0xFF, 0xFF, 0xFF,
  0xFF, 0xFF, 0xFF, 0xFF, 0xFF, 0xFF, 0xFF, 0xFF, 0xFF, 0xFF, 0xFF, 0xFF, 0xFF, 0xFF, 0xFF, 0xFF,
  0xFF, 0xFF, 0xFF, 0xFF, 0xFF, 0xFF, 0xFF, 0xFF, 0xFF, 0xFF, 0xFF, 0xFF, 0xFF, 0xFF, 0xFF, 0xFF,
  0xFF, 0xFF, 0xFF, 0xFF, 0xFF, 0xFF, 0xFF, 0xFF, 0xFF, 0xFF, 0xFF, 0xFF, 0xFF, 0xFF, 0xFF, 0xFF,
  0xFF, 0xFF, 0xFF, 0xFF, 0xFF, 0xFF, 0xFF, 0xFF, 0xFF, 0xFF, 0xFF, 0xFF, 0xFF, 0xFF, 0xFF, 0xFF,
  0xFF, 0xFF, 0xFF, 0xFF, 0xFF, 0xFF, 0xFF, 0xFF, 0xFF, 0xFF, 0xFF, 0xFF, 0xFF, 0xFF, 0xFF, 0xFF,
  0xFF, 0xFF, 0xFF, 0xFF, 0xFF, 0xFF, 0xFF, 0xFF, 0xFF, 0xFF, 0xFF, 0xFF, 0xFF, 0xFF, 0xFF, 0xFF,
  0x1F, 0x00, 0x78, 0xC0, 0x0F, 0x06, 0x00, 0xF0, 0x80, 0x1F, 0xF0, 0x01, 0x80, 0x3F, 0x00, 0xF0,
  0x07, 0x00, 0x70, 0xC0, 0x0F, 0x06, 0x00, 0xE0, 0x80, 0x0F, 0x78, 0x00, 0x00, 0x1F, 0x00, 0xE0,
  0x07, 0x00, 0x60, 0xC0, 0x07, 0x07, 0x00, 0xF0, 0xC0, 0x0F, 0x7C, 0x00, 0x00, 0x0F, 0x00, 0xC0,
  0x03, 0x00, 0x70, 0xC0, 0x07, 0x07, 0x00, 0xF0, 0xC0, 0x0F, 0x3C, 0x00, 0x00, 0x0F, 0x00, 0xE0,
  0x03, 0x3E, 0xF0, 0xC0, 0x83, 0x07, 0x3E, 0xE0, 0xC0, 0x0F, 0x3C, 0xE0, 0x03, 0x07, 0x78, 0xE0,
  0x03, 0x3E, 0xF0, 0x80, 0x83, 0x07, 0x7C, 0xE0, 0xC0, 0x0F, 0x3C, 0xE0, 0x03, 0x07, 0xF8, 0xE0,
  0x03, 0x3E, 0xF0, 0x81, 0xC1, 0x07, 0x7E, 0xE0, 0xC0, 0x0F, 0x3C, 0xE0, 0x03, 0x07, 0x7A, 0xE0,
  0x03, 0x3F, 0xF0, 0x01, 0xC1, 0x07, 0x7E, 0xE0, 0xC0, 0x0F, 0x3C, 0xF0, 0x03, 0x07, 0xFE, 0xE0,
  0x03, 0x3F, 0xF0, 0x03, 0xE1, 0x07, 0x7E, 0xE0, 0xC0, 0x0F, 0x3C, 0xF0, 0x03, 0x07, 0xFE, 0xE0,
  0x03, 0x3F, 0xF0, 0x03, 0xE0, 0x07, 0x7E, 0xE0, 0xC0, 0x0F, 0x3C, 0xF0, 0x03, 0x07, 0xFE, 0xE0,
  0x03, 0x3F, 0xF0, 0x03, 0xE0, 0x07, 0x7E, 0xE0, 0xC0, 0x0F, 0x3C, 0xF0, 0x03, 0x07, 0xFE, 0xC0,
  0x03, 0x3F, 0xE7, 0x07, 0xF0, 0x07, 0x7E, 0xE0, 0xC0, 0x0F, 0x3C, 0xF0, 0x73, 0x06, 0xFE, 0xDC,
  0x03, 0xBF, 0xEF, 0x07, 0xF0, 0x07, 0x7E, 0xE0, 0xC0, 0x0F, 0x3C, 0xF0, 0xFB, 0x06, 0xFE, 0xBE,
  0x03, 0x03, 0xE0, 0x0F, 0xF8, 0x07, 0x01, 0xF0, 0xC0, 0x0F, 0x3C, 0x00, 0xC0, 0x07, 0x02, 0xF0,
  0x03, 0x01, 0xE0, 0x0F, 0xF8, 0x07, 0x00, 0xF0, 0xC0, 0x0F, 0x3C, 0x00, 0x80, 0x07, 0x00, 0xF0,
  0x03, 0x01, 0xE0, 0x1F, 0xF8, 0x07, 0x00, 0xF8, 0xC0, 0x0F, 0x3C, 0x00, 0x80, 0x07, 0x00, 0xE0,
  0x03, 0x01, 0xF0, 0x1F, 0xF8, 0x07, 0x00, 0xF8, 0xC0, 0x0F, 0x3C, 0x00, 0x80, 0x0F, 0x00, 0xE0,
  0x03, 0x01, 0xF0, 0x1F, 0xFC, 0x07, 0x00, 0xF8, 0xC0, 0x0F, 0x3C, 0x00, 0x80, 0x0F, 0x00, 0xE0,
  0x03, 0x79, 0xF0, 0x1F, 0xF8, 0x07, 0x3C, 0xF8, 0xC0, 0x0F, 0x7C, 0xFE, 0x03, 0xDF, 0xFF, 0xE0,
  0x03, 0x3F, 0xF0, 0x1F, 0xF8, 0x07, 0x3C, 0xF0, 0xC0, 0x0F, 0xFB, 0xFF, 0x03, 0xFF, 0x7F, 0xE0,
  0x03, 0x3F, 0xF0, 0x1F, 0xF8, 0x07, 0x3C, 0xE0, 0xC0, 0x0F, 0x3C, 0xE0, 0x03, 0x0F, 0x7C, 0xE0,
  0x03, 0x3F, 0xF0, 0x1F, 0xF8, 0x07, 0x7C, 0xE0, 0xC0, 0x0F, 0x3C, 0xE0, 0x03, 0x07, 0xFC, 0xE0,
  0x03, 0x3F, 0xF0, 0x1F, 0xF8, 0x07, 0x7E, 0xE0, 0xC0, 0x0F, 0x3C, 0xF0, 0x03, 0x07, 0xFC, 0xE0,
  0x03, 0x3F, 0xF0, 0x1F, 0xF8, 0x07, 0x7E, 0xE0, 0xC0, 0x0F, 0x3C, 0xF0, 0x03, 0x07, 0xFE, 0xE0,
  0x03, 0x3F, 0xF0, 0x1F, 0xF8, 0x07, 0x7E, 0xE0, 0xC0, 0x0F, 0x3C, 0xF0, 0x03, 0x07, 0xFE, 0xE0,
  0x03, 0x3F, 0xF0, 0x1F, 0xF8, 0x07, 0x7E, 0xE0, 0xC0, 0x0F, 0x3C, 0xF0, 0x03, 0x07, 0xFE, 0xE0,
  0x03, 0x00, 0xF0, 0x1F, 0xF8, 0x07, 0x7E, 0xE0, 0x00, 0x00, 0x3C, 0x00, 0x00, 0x07, 0x02, 0xE0,
  0x03, 0x00, 0xF0, 0x1F, 0xF8, 0x07, 0x7E, 0xE0, 0x00, 0x00, 0x3C, 0x00, 0x00, 0x07, 0x00, 0xE0,
  0x03, 0x00, 0xF0, 0x1F, 0xF8, 0x07, 0x7E, 0xE0, 0x00, 0x00, 0x3C, 0x00, 0x00, 0x07, 0x00, 0xE0,
  0x03, 0x00, 0xF0, 0x1F, 0xFC, 0x07, 0x7E, 0xE0, 0x01, 0x00, 0x3C, 0x00, 0x00, 0x0E, 0x00, 0xC0,
  0x07, 0x00, 0xE0, 0x1F, 0xF8, 0x07, 0x7E, 0xE0, 0x01, 0x00, 0x78, 0x00, 0x00, 0x0E, 0x00, 0xC0,
  0xE7, 0xFF, 0xF3, 0x9F, 0xF3, 0xE7, 0x7E, 0xCE, 0xFB, 0xBF, 0xFB, 0xFF, 0x3F, 0xFF, 0xFF, 0xEF,
  0xFF, 0xFF, 0xFF, 0xDF, 0xFF, 0xF7, 0xFD, 0xDF, 0xFF, 0xFF, 0xFF, 0xFF, 0xFF, 0xFF, 0xFF, 0xFF,
  0xFF, 0xFF, 0xFF, 0xFF, 0xFF, 0xFF, 0xFF, 0xFF, 0xFF, 0xFF, 0xFF, 0xFF, 0xFF, 0xFF, 0xFF, 0xFF,
  0xFF, 0xFF, 0xFF, 0xFF, 0xFF, 0xFF, 0xFF, 0xFF, 0xFF, 0xFF, 0xFF, 0xFF, 0xFF, 0xFF, 0xFF, 0xFF,
  0xFF, 0xFF, 0xFF, 0xFF, 0xFF, 0xFF, 0xFF, 0xFF, 0xFF, 0xFF, 0xFF, 0xFF, 0xFF, 0xFF, 0xFF, 0xFF,
  0xFF, 0xFF, 0xFF, 0xFF, 0xFF, 0xFF, 0xFF, 0xFF, 0xFF, 0xFF, 0xFF, 0xFF, 0xFF, 0xFF, 0xFF, 0xFF,
  0xFF, 0xFF, 0xFF, 0xFF, 0xFF, 0xFF, 0xFF, 0xFF, 0xFF, 0xFF, 0xFF, 0xFF, 0xFF, 0xFF, 0xFF, 0xFF,
  0xFF, 0xFF, 0xFF, 0xFF, 0xFF, 0xFF, 0xFF, 0xFF, 0xFF, 0xFF, 0xFF, 0xFF, 0xFF, 0xFF, 0xFF, 0xFF,
  0xFF, 0xFF, 0xFF, 0xFF, 0xFF, 0xFF, 0xFF, 0xFF, 0xFF, 0xFF, 0xFF, 0xFF, 0xFF, 0xFF, 0xFF, 0xFF,
  0xFF, 0xFF, 0xFF, 0xFF, 0xFF, 0xFF, 0xFF, 0xFF, 0xFF, 0xFF, 0xFF, 0xFF, 0xFF, 0xFF, 0xFF, 0xFF,
  0xFF, 0xFF, 0xFF, 0xFF, 0xFF, 0xFF, 0xFF, 0xFF, 0xFF, 0xFF, 0xFF, 0xFF, 0xFF, 0xFF, 0xFF, 0xFF,
  0xFF, 0xFF, 0xFF, 0xFF, 0xFF, 0xFF, 0xFF, 0xFF, 0xFF, 0xFF, 0xFF, 0xFF, 0xFF, 0xFF, 0xFF, 0xFF,
  0xFF, 0xFF, 0xFF, 0xFF, 0xFF, 0xFF, 0xFF, 0xFF, 0xFF, 0xFF, 0xFF, 0xFF, 0xFF, 0xFF, 0xFF, 0xFF,
  0xFF, 0xFF, 0xFF, 0xFF, 0xFF, 0xFF, 0xFF, 0xFF, 0xFF, 0xFF, 0xFF, 0xFF, 0xFF, 0xFF, 0xFF, 0xFF,
  0xFF, 0xFF, 0xFF, 0xFF, 0xFF, 0xFF, 0xFF, 0xFF, 0xFF, 0xFF, 0xFF, 0xFF, 0xFF, 0xFF, 0xFF, 0xFF,
  0xFF, 0xFF, 0xFF, 0xFF, 0xFF, 0xFF, 0xFF, 0xFF, 0xFF, 0xFF, 0xFF, 0xFF, 0xFF, 0xFF, 0xFF, 0xFF,
  0xFF, 0xFF, 0xFF, 0xFF, 0xFF, 0xFF, 0xFF, 0xFF, 0xFF, 0xFF, 0xFF, 0xFF, 0xFF, 0xFF, 0xFF, 0xFF,
  0xFF, 0xFF, 0xFF, 0xFF, 0xFF, 0xFF, 0xFF, 0xFF, 0xFF, 0xFF, 0xFF, 0xFF, 0xFF, 0xFF, 0xFF, 0xFF,
  0xFF, 0xFF, 0xFF, 0xFF, 0xFF, 0xFF, 0xFF, 0xFF, 0xFF, 0xFF, 0xFF, 0xFF, 0xFF, 0xFF, 0xFF, 0xFF,
  0xFF, 0xFF, 0xFF, 0xFF, 0xFF, 0xFF, 0xFF, 0xFF, 0xFF, 0xFF, 0xFF, 0xFF, 0xFF, 0xFF, 0xFF, 0xFF
};
#endif


#ifdef ENABLE_TIMEPLT
  const uint8_t TimePilot_Logo_bits[] PROGMEM = {    
  0xFF, 0xFF, 0xFF, 0xFF, 0xFF, 0xFF, 0xFF, 0xFF, 0xFF, 0xFF, 0xFF, 0x07, 0xFF, 0xFF, 0xFF, 0xFF,
  0x00, 0x00, 0xE0, 0xFF, 0xFF, 0xFF, 0xFF, 0xFF, 0x07, 0x00, 0xFE, 0x01, 0xF8, 0xFF, 0x00, 0xF0,
  0x00, 0x00, 0xC0, 0xFF, 0xFF, 0xFF, 0xFF, 0xFF, 0x03, 0x00, 0xF8, 0x00, 0xF8, 0xFF, 0x00, 0xF0,
  0x04, 0x00, 0x88, 0xFF, 0xFF, 0xFF, 0xFF, 0xFF, 0x13, 0x80, 0x71, 0x04, 0xFA, 0x7F, 0x0C, 0xF2,
  0x00, 0x00, 0x10, 0xFE, 0xFF, 0xFF, 0xFF, 0xFF, 0x03, 0x00, 0x02, 0x00, 0xF8, 0x3F, 0x00, 0xF0,
  0xF0, 0xFF, 0x73, 0xFC, 0xFF, 0xFF, 0xFF, 0xFF, 0xC3, 0x7F, 0x04, 0xF0, 0xF8, 0x1F, 0xF0, 0xF0,
  0xF8, 0xFF, 0x93, 0xFC, 0xFF, 0xFF, 0xFF, 0xFF, 0xC3, 0xFF, 0x39, 0xF1, 0xF8, 0x0F, 0xF0, 0xF0,
  0xF0, 0xFF, 0x03, 0xF9, 0xFF, 0xFF, 0xFF, 0xFF, 0xC3, 0xFF, 0x13, 0xF2, 0xF0, 0x07, 0xF0, 0xD0,
  0xF0, 0xFF, 0x03, 0xF8, 0xFF, 0xFF, 0xFF, 0xFF, 0xC3, 0xFF, 0x07, 0xF4, 0xF0, 0x03, 0xF0, 0x00,
  0xF0, 0xFF, 0x03, 0xFA, 0xFF, 0xFF, 0xFF, 0xFF, 0xC3, 0xFF, 0x07, 0xF0, 0xF0, 0x01, 0xF2, 0x00,
  0xF0, 0xFF, 0x03, 0xF0, 0xFF, 0xFF, 0xFF, 0xFF, 0xC3, 0xFF, 0x07, 0xF0, 0xF8, 0x41, 0xF0, 0x20,
  0xF0, 0xFF, 0x03, 0xF0, 0xFF, 0xFF, 0xFF, 0xFF, 0xC3, 0xFF, 0x07, 0xF0, 0xF0, 0x00, 0xF0, 0x01,
  0xF8, 0xFF, 0x01, 0xF0, 0xFF, 0xFF, 0xFF, 0xFF, 0xC1, 0xFF, 0x07, 0xF0, 0x70, 0x00, 0xFF, 0x0F,
  0x00, 0x3F, 0x00, 0xF0, 0xFF, 0xFF, 0xFF, 0xFF, 0xC1, 0xC7, 0x07, 0xF0, 0x30, 0x00, 0xFF, 0x0F,
  0x00, 0x1E, 0x00, 0xF0, 0xFF, 0xFF, 0xFF, 0xFF, 0xC1, 0x83, 0x07, 0xF0, 0x10, 0x00, 0xFF, 0x0F,
  0x7C, 0x9E, 0x03, 0xF0, 0x8F, 0xFF, 0xFF, 0xE3, 0xC1, 0x33, 0x07, 0xF0, 0x00, 0x00, 0xFF, 0x0F,
  0x40, 0xDE, 0x03, 0xF2, 0x03, 0x0E, 0xFF, 0x00, 0xC1, 0x33, 0x07, 0xF0, 0x00, 0x00, 0xFF, 0x0F,
  0x00, 0xDE, 0x07, 0x02, 0x70, 0x00, 0x7C, 0x18, 0xC0, 0x73, 0x0F, 0xF4, 0x80, 0x1F, 0xFF, 0x0F,
  0x03, 0xDE, 0x0F, 0x03, 0xFC, 0xF0, 0x38, 0x41, 0xC0, 0x73, 0x0F, 0xF6, 0x40, 0x20, 0xFF, 0x0F,
  0x07, 0xDE, 0x9F, 0xFF, 0x03, 0x8D, 0x19, 0x80, 0xC1, 0x33, 0x9F, 0xF7, 0x20, 0x00, 0xFF, 0x0F,
  0x0F, 0xDE, 0x03, 0x00, 0x01, 0x02, 0x02, 0x3E, 0xC3, 0x03, 0x07, 0xF0, 0x90, 0x1F, 0xF8, 0x01,
  0x1F, 0xDE, 0x03, 0x00, 0xFC, 0x70, 0x04, 0x7F, 0xC2, 0x83, 0x07, 0xF0, 0xC0, 0x3F, 0xF0, 0x00,
  0x1F, 0xDE, 0xF3, 0xF8, 0xFE, 0xFD, 0x91, 0xFF, 0xCC, 0xFF, 0xE7, 0xF1, 0xEC, 0x7F, 0xF2, 0x04,
  0x1F, 0xDE, 0xF3, 0xF8, 0xFF, 0xFF, 0xC9, 0xE7, 0xCD, 0xFF, 0xE7, 0xF1, 0xE4, 0x7F, 0xF2, 0x80,
  0x1F, 0xDE, 0xF3, 0xF8, 0xFF, 0xFF, 0xCB, 0xC3, 0xC9, 0xFF, 0xE7, 0xF1, 0xE4, 0x7F, 0xF2, 0x80,
  0x1F, 0xDE, 0xF3, 0xF8, 0xFF, 0xFF, 0xE3, 0x99, 0xCB, 0xFF, 0xE7, 0xF1, 0xF4, 0xFF, 0xF2, 0xC0,
  0x1F, 0xDE, 0xF3, 0xF8, 0xFF, 0xFF, 0xE3, 0x99, 0xC3, 0xFF, 0xE7, 0xF1, 0xF0, 0xF0, 0xF0, 0xE0,
  0x1F, 0xDE, 0xF3, 0xF8, 0xFD, 0xFF, 0xE3, 0x81, 0xC3, 0xFF, 0xE7, 0xF1, 0xF0, 0xE0, 0xF0, 0xF0,
  0x1F, 0xC0, 0x03, 0x00, 0x00, 0x00, 0x00, 0x00, 0x00, 0x00, 0x00, 0x00, 0x00, 0x06, 0x00, 0xF0,
  0x1F, 0xC0, 0x03, 0x00, 0x00, 0x00, 0x00, 0x00, 0x00, 0x00, 0x00, 0x00, 0x00, 0x0F, 0x00, 0x80,
  0x1F, 0x9E, 0xF3, 0x78, 0xF2, 0xEC, 0xE3, 0xFF, 0xC7, 0x7B, 0xE4, 0xF1, 0x70, 0xCF, 0xF0, 0x00,
  0x1F, 0x12, 0x90, 0x48, 0x92, 0x0C, 0x02, 0x00, 0x40, 0x02, 0x26, 0x81, 0x00, 0x0F, 0x90, 0x20,
  0x1F, 0x02, 0x90, 0x48, 0x92, 0x0C, 0x02, 0x01, 0x40, 0x82, 0x21, 0x81, 0x40, 0x0F, 0x10, 0x00,
  0x1F, 0xC2, 0x91, 0x48, 0x92, 0x0C, 0x22, 0xF9, 0x4D, 0x12, 0x20, 0x91, 0x50, 0x26, 0x10, 0x01,
  0x1F, 0x02, 0x91, 0x48, 0x92, 0x0C, 0x20, 0xF8, 0x08, 0x02, 0x20, 0x81, 0x10, 0x00, 0x10, 0x08,
  0x1F, 0x42, 0xF1, 0x68, 0xF2, 0xCC, 0xE3, 0x73, 0xC8, 0x03, 0xE0, 0xF1, 0xF0, 0xF0, 0xF0, 0x0F,
  0x1F, 0x00, 0x00, 0x00, 0x02, 0x0C, 0x00, 0x00, 0x08, 0x00, 0x00, 0x00, 0x04, 0x00, 0x00, 0x00,
  0x1F, 0x00, 0x00, 0x00, 0x02, 0x0C, 0x08, 0x00, 0x08, 0x00, 0x00, 0x00, 0x04, 0x00, 0x02, 0x00,
  0x1F, 0x00, 0x00, 0x00, 0x02, 0x0C, 0x18, 0x00, 0x08, 0x00, 0x00, 0x00, 0x04, 0x00, 0x02, 0x00,
  0x1F, 0x00, 0x00, 0x00, 0x02, 0x0C, 0x18, 0x00, 0x08, 0x00, 0x00, 0x00, 0x04, 0x00, 0x00, 0x00,
  0x9F, 0x00, 0x00, 0x00, 0x02, 0x0C, 0x38, 0x00, 0x08, 0x00, 0x00, 0x00, 0x08, 0x00, 0x01, 0x00,
  0xBF, 0x00, 0x00, 0x00, 0x02, 0x0C, 0x78, 0x00, 0x0C, 0x00, 0x00, 0x00, 0x10, 0x80, 0x00, 0x00,
  0x3F, 0x01, 0x04, 0x00, 0x02, 0x0C, 0xF8, 0x00, 0x0E, 0x00, 0x00, 0x00, 0x20, 0x40, 0x08, 0x00,
  0x3F, 0xFF, 0xFF, 0xFF, 0xFF, 0xFF, 0xFF, 0xC3, 0xFF, 0x0F, 0xF8, 0xFF, 0x43, 0x20, 0x10, 0x20,
  0x7F, 0x00, 0x00, 0x00, 0x00, 0x00, 0x00, 0x00, 0x00, 0x00, 0x00, 0x00, 0x00, 0x00, 0x00, 0x00,
  0xFF, 0x00, 0x00, 0x00, 0x00, 0x00, 0x00, 0x00, 0x00, 0x00, 0x00, 0x00, 0x00, 0x00, 0x00, 0x80,
  0xFF, 0x07, 0x00, 0x00, 0x00, 0x00, 0x00, 0x00, 0x00, 0x00, 0x00, 0x00, 0x00, 0x00, 0x00, 0xF0,
  0xFF, 0x3F, 0x00, 0x00, 0x00, 0x00, 0x00, 0x00, 0x00, 0x00, 0x00, 0x00, 0x00, 0x00, 0x00, 0xFF,
  0xFF, 0xFF, 0x01, 0x00, 0x00, 0x00, 0x00, 0x00, 0x00, 0x00, 0x00, 0x00, 0x00, 0x00, 0xE0, 0xFF,
  0xFF, 0xFF, 0x0F, 0x00, 0x00, 0x00, 0x00, 0x00, 0x00, 0x00, 0x00, 0x00, 0x00, 0x00, 0xFE, 0xFF,
  0xFF, 0xFF, 0x7F, 0x00, 0x00, 0x00, 0x00, 0x00, 0x00, 0x00, 0x00, 0x00, 0x00, 0xE0, 0xFF, 0xFF,
  0xFF, 0xFF, 0xFF, 0x07, 0x00, 0x00, 0x00, 0x00, 0x00, 0x00, 0x00, 0x00, 0x00, 0xFC, 0xFF, 0xFF,
  0xFF, 0xFF, 0xFF, 0x3F, 0x00, 0x00, 0x00, 0x00, 0x00, 0x00, 0x00, 0x00, 0xC0, 0xFF, 0xFF, 0xFF,
  0xFF, 0xFF, 0xFF, 0xFF, 0x01, 0x00, 0x00, 0x00, 0x00, 0x00, 0x00, 0x00, 0xFC, 0xFF, 0xFF, 0xFF,
  0xFF, 0xFF, 0xFF, 0xFF, 0x0F, 0x00, 0x00, 0x00, 0x00, 0x00, 0x00, 0xC0, 0xFF, 0xFF, 0xFF, 0xFF,
  0xFF, 0xFF, 0xFF, 0xFF, 0x7F, 0x00, 0x00, 0x00, 0x00, 0x00, 0x00, 0xF8, 0xFF, 0xFF, 0xFF, 0xFF,
  0xFF, 0xFF, 0xFF, 0xFF, 0xFF, 0x03, 0x00, 0x00, 0x00, 0x00, 0x80, 0xFF, 0xFF, 0xFF, 0xFF, 0xFF,
  0xFF, 0xFF, 0xFF, 0xFF, 0xFF, 0x1F, 0x00, 0x00, 0x00, 0x00, 0xF8, 0xFF, 0xFF, 0xFF, 0xFF, 0xFF,
  0xFF, 0xFF, 0xFF, 0xFF, 0xFF, 0xFF, 0x01, 0x00, 0x00, 0x80, 0xFF, 0xFF, 0xFF, 0xFF, 0xFF, 0xFF,
  0xFF, 0xFF, 0xFF, 0xFF, 0xFF, 0xFF, 0x0F, 0x00, 0x00, 0xF0, 0xFF, 0xFF, 0xFF, 0xFF, 0xFF, 0xFF,
  0xFF, 0xFF, 0xFF, 0xFF, 0xFF, 0xFF, 0x7F, 0x00, 0x00, 0xFF, 0xFF, 0xFF, 0xFF, 0xFF, 0xFF, 0xFF,
  0xFF, 0xFF, 0xFF, 0xFF, 0xFF, 0xFF, 0xFF, 0x03, 0xF0, 0xFF, 0xFF, 0xFF, 0xFF, 0xFF, 0xFF, 0xFF,
  0xFF, 0xFF, 0xFF, 0xFF, 0xFF, 0xFF, 0xFF, 0x1F, 0xFE, 0xFF, 0xFF, 0xFF, 0xFF, 0xFF, 0xFF, 0xFF,
  0xFF, 0xFF, 0xFF, 0xFF, 0xFF, 0xFF, 0xFF, 0xFF, 0xFF, 0xFF, 0xFF, 0xFF, 0xFF, 0xFF, 0xFF, 0xFF
};
#endif

#ifdef ENABLE_PENGO
  const uint8_t Pengo_Logo_bits[] PROGMEM = {
  0xFF, 0xFF, 0xFF, 0xFF, 0xFF, 0xFF, 0xFF, 0xFF, 0xFF, 0xFF, 0xFF, 0xFF, 0xFF, 0xFF, 0xFF, 0xFF,
  0xFF, 0xFF, 0xFF, 0xFF, 0xFF, 0xFF, 0xFF, 0xFF, 0xFF, 0xFF, 0xFF, 0xFF, 0xFF, 0xDF, 0xFF, 0xFF,
  0xFF, 0xFF, 0xFF, 0xFF, 0xFF, 0xFF, 0xFF, 0xFF, 0xFF, 0xFF, 0xFF, 0xFF, 0xFF, 0x0F, 0xFE, 0xFF,
  0xFF, 0xFF, 0xFF, 0xFF, 0xFF, 0xFF, 0xFF, 0xFF, 0xFF, 0xFF, 0xFF, 0xFF, 0xFF, 0x07, 0xFC, 0xFF,
  0xFF, 0xFF, 0xFF, 0xFF, 0xFF, 0xFF, 0xFF, 0xFF, 0xFF, 0xFF, 0xFF, 0xFF, 0xFF, 0x07, 0xF8, 0xFF,
  0xFF, 0xFF, 0xFF, 0xFF, 0xFF, 0xFF, 0xFF, 0xFF, 0xFF, 0xFF, 0xFF, 0xFF, 0xFF, 0x03, 0xF8, 0xFF,
  0x01, 0xF0, 0xFF, 0xFF, 0xFF, 0xFF, 0xFF, 0xFF, 0xFF, 0xFF, 0xFF, 0xFF, 0xFF, 0x03, 0xF0, 0xFF,
  0x01, 0xC0, 0xFF, 0xFF, 0xFF, 0xFF, 0xFF, 0xFF, 0xFF, 0xFF, 0xFF, 0xFF, 0xFF, 0x01, 0xF0, 0xFF,
  0x01, 0x80, 0xFF, 0xFF, 0xFF, 0xFF, 0xFF, 0xFF, 0xFF, 0xFF, 0xFF, 0xFF, 0xFF, 0x71, 0xF2, 0xFF,
  0x01, 0x00, 0xFF, 0xFF, 0xFF, 0xFF, 0xFF, 0xFF, 0xFF, 0xFF, 0xFF, 0xFF, 0xFF, 0x71, 0xF3, 0xFF,
  0x01, 0x00, 0xFE, 0xFF, 0xFF, 0xFF, 0xFF, 0xFF, 0xFF, 0xFF, 0xFF, 0xFF, 0xFF, 0xD1, 0xF4, 0xFF,
  0x01, 0x00, 0xFC, 0xFF, 0xFF, 0xFF, 0xFF, 0xFF, 0xFF, 0xFF, 0xFF, 0xFF, 0xFF, 0x99, 0xF1, 0xFF,
  0x01, 0x00, 0xFC, 0xFF, 0xFF, 0xFF, 0xFF, 0xFF, 0xFF, 0xFF, 0xFF, 0xFF, 0xFF, 0x91, 0xF1, 0xFF,
  0x01, 0x00, 0xF8, 0xFF, 0xFF, 0xFF, 0xFF, 0xFF, 0xFF, 0xFF, 0xFF, 0xFF, 0xFF, 0x11, 0xE0, 0xFF,
  0x01, 0x00, 0xF8, 0xFF, 0xFF, 0xFF, 0xE7, 0xFF, 0xE7, 0xFF, 0xFF, 0xFF, 0xFF, 0x31, 0xE1, 0xFF,
  0x01, 0x00, 0xF8, 0x07, 0xFF, 0xFF, 0x81, 0xFF, 0x80, 0xFF, 0xFF, 0xF0, 0xFF, 0x81, 0xC1, 0xFF,
  0x01, 0x00, 0xF0, 0x03, 0xFC, 0xC0, 0x00, 0x7F, 0x00, 0x02, 0x3F, 0xC0, 0xFF, 0x01, 0xC1, 0xFF,
  0x01, 0x00, 0xF0, 0x00, 0x78, 0x00, 0x00, 0x3E, 0x00, 0x00, 0x1E, 0x80, 0xFF, 0x01, 0xE0, 0xFF,
  0x01, 0x03, 0x70, 0x00, 0x70, 0x00, 0x00, 0x1C, 0x00, 0x00, 0x0E, 0x00, 0xFF, 0x01, 0xE0, 0xFF,
  0x01, 0x06, 0x70, 0x00, 0x60, 0x00, 0x00, 0x1C, 0x00, 0x00, 0x06, 0x00, 0xFE, 0x01, 0x80, 0xFF,
  0x01, 0x0F, 0x20, 0x00, 0x40, 0x00, 0x00, 0x08, 0x00, 0x00, 0x02, 0x00, 0xF4, 0x03, 0xE0, 0xFE,
  0x01, 0x0F, 0x00, 0x00, 0x40, 0x00, 0x00, 0x08, 0x00, 0x00, 0x02, 0x00, 0xE0, 0x01, 0xE0, 0xFD,
  0x01, 0x1F, 0x00, 0x00, 0x00, 0x00, 0x00, 0x00, 0x00, 0x00, 0x00, 0x00, 0xE8, 0x02, 0xE0, 0xFF,
  0x01, 0x1F, 0x00, 0x00, 0x00, 0x00, 0x00, 0x00, 0x00, 0x00, 0x00, 0x00, 0x40, 0x03, 0xA0, 0xFD,
  0x01, 0x1F, 0x00, 0x00, 0x00, 0x00, 0x00, 0x00, 0xF0, 0x00, 0x00, 0x06, 0x90, 0x03, 0x80, 0xFE,
  0x01, 0x1F, 0x00, 0x70, 0x00, 0x00, 0x03, 0x00, 0xF8, 0x01, 0x00, 0x0E, 0xE0, 0x83, 0xC2, 0xFE,
  0x01, 0x0F, 0x00, 0x70, 0x00, 0x80, 0x07, 0x00, 0xF8, 0x01, 0x00, 0x0F, 0xE0, 0xC3, 0x46, 0xFF,
  0x01, 0x0F, 0x00, 0x38, 0x00, 0x80, 0x07, 0x00, 0xF8, 0x01, 0x00, 0x1F, 0xE0, 0xC3, 0x46, 0xFF,
  0x01, 0x0F, 0x00, 0x18, 0x40, 0x80, 0x07, 0x00, 0xFC, 0x01, 0x00, 0x1F, 0x00, 0xE2, 0x47, 0xFF,
  0x01, 0x07, 0x00, 0x08, 0x40, 0x80, 0x07, 0x00, 0xFC, 0x01, 0x00, 0x1F, 0x00, 0xE0, 0x8E, 0xFF,
  0x01, 0x03, 0x00, 0x08, 0x60, 0x80, 0x07, 0x00, 0xFC, 0x01, 0x80, 0x1F, 0xE0, 0xE1, 0x0E, 0xFF,
  0x01, 0x00, 0x00, 0x00, 0x70, 0x80, 0x07, 0x00, 0xFC, 0x01, 0x80, 0x1F, 0xE0, 0xE3, 0x0F, 0xFE,
  0x01, 0x00, 0x00, 0x00, 0x78, 0x80, 0x07, 0x00, 0xF8, 0x01, 0x80, 0x1F, 0xE0, 0xE1, 0x07, 0xFE,
  0x01, 0x00, 0x00, 0x00, 0x78, 0x80, 0x07, 0x00, 0xF8, 0x01, 0x00, 0x1F, 0xE0, 0xF1, 0x06, 0xFC,
  0x01, 0x00, 0x00, 0x00, 0x7C, 0x80, 0x07, 0x00, 0xF8, 0x01, 0x00, 0x1F, 0xE0, 0xF1, 0x06, 0xFC,
  0x01, 0x00, 0x04, 0x00, 0x7E, 0x80, 0x07, 0x00, 0xF0, 0x00, 0x00, 0x1F, 0xE0, 0xE1, 0x03, 0xFC,
  0x01, 0x00, 0x04, 0x00, 0x6F, 0x80, 0x07, 0x00, 0x00, 0x00, 0x00, 0x0F, 0xF0, 0xE1, 0x03, 0xFC,
  0x01, 0x00, 0x06, 0x00, 0x67, 0x80, 0x07, 0x00, 0x00, 0x00, 0x00, 0x0E, 0xF0, 0xE1, 0x01, 0xF0,
  0x01, 0x00, 0x0F, 0x80, 0x41, 0x80, 0x07, 0x00, 0x00, 0x00, 0x00, 0x06, 0xF0, 0xC3, 0x01, 0xE2,
  0x01, 0x00, 0x0F, 0x00, 0x40, 0x80, 0x07, 0x08, 0x00, 0x00, 0x00, 0x00, 0xF0, 0x03, 0x80, 0xE7,
  0x01, 0xC0, 0x0F, 0x00, 0x00, 0x80, 0x07, 0x08, 0x00, 0x00, 0x00, 0x00, 0xF0, 0x03, 0x20, 0x80,
  0x01, 0xE0, 0x1F, 0x00, 0x00, 0x80, 0x07, 0x18, 0x00, 0x00, 0x00, 0x00, 0xF8, 0x03, 0xE0, 0x83,
  0x05, 0xFE, 0x1F, 0x00, 0x00, 0x80, 0x07, 0x38, 0x00, 0x00, 0x02, 0x00, 0xF9, 0x03, 0xE0, 0x87,
  0x05, 0xFF, 0x1F, 0x00, 0x00, 0x80, 0x07, 0x38, 0x00, 0x00, 0x02, 0x00, 0xF8, 0x03, 0xE0, 0x8F,
  0x45, 0xFF, 0x3F, 0x01, 0x00, 0x80, 0x07, 0x78, 0x00, 0x00, 0x02, 0x80, 0xFC, 0x07, 0xE0, 0x8F,
  0x45, 0xFF, 0x3F, 0x00, 0x00, 0x80, 0x07, 0xC8, 0x00, 0x01, 0x06, 0x00, 0xFE, 0x07, 0xE0, 0x8F,
  0x45, 0xFF, 0x7F, 0x00, 0x40, 0x92, 0x27, 0x88, 0xC3, 0x01, 0x4E, 0x00, 0xFE, 0x07, 0xE0, 0x8F,
  0x01, 0xFF, 0xFF, 0x08, 0x60, 0x80, 0x07, 0x20, 0xFF, 0x01, 0x0F, 0x10, 0xFF, 0x03, 0xF0, 0x8F,
  0x01, 0xFF, 0xFF, 0x01, 0xF0, 0x80, 0x0F, 0x00, 0xFE, 0x00, 0x1F, 0x80, 0xFF, 0x03, 0x68, 0x8F,
  0x01, 0xFF, 0xFF, 0x03, 0xF8, 0xFF, 0xFF, 0x03, 0x30, 0x00, 0x7F, 0xC0, 0xFF, 0x03, 0x6C, 0x80,
  0xFF, 0xFF, 0xFF, 0x1F, 0xFF, 0xFF, 0xFF, 0x03, 0x01, 0x00, 0xFF, 0xF9, 0xFF, 0x83, 0xEE, 0x81,
  0xFF, 0xFF, 0xFF, 0xFF, 0xFF, 0xFF, 0xFF, 0x01, 0x04, 0x80, 0xFF, 0xFF, 0xFF, 0x03, 0x2C, 0x9F,
  0xFF, 0xFF, 0xFF, 0xFF, 0xFF, 0xFF, 0xFF, 0x01, 0x00, 0x80, 0xFF, 0xFF, 0xFF, 0x9B, 0x8C, 0xDF,
  0xFF, 0xFF, 0xFF, 0xFF, 0xFF, 0xFF, 0xFF, 0x01, 0x00, 0x90, 0xFF, 0xFF, 0xFF, 0x23, 0x4E, 0xD8,
  0xFF, 0xFF, 0xFF, 0xFF, 0xFF, 0xFF, 0xFF, 0x03, 0x00, 0xC0, 0xFF, 0xFF, 0xFF, 0xD7, 0x1F, 0xC0,
  0xFF, 0xFF, 0xFF, 0xFF, 0xFF, 0xFF, 0xFF, 0x07, 0x00, 0xC8, 0xFF, 0xFF, 0xFF, 0xFF, 0xFF, 0xFF,
  0xFF, 0xFF, 0xFF, 0xFF, 0xFF, 0xFF, 0xFF, 0x0F, 0x00, 0xE0, 0xFF, 0xFF, 0xFF, 0xFF, 0xFF, 0xFF,
  0xFF, 0xFF, 0xFF, 0xFF, 0xFF, 0xFF, 0xFF, 0x1F, 0x01, 0xE0, 0xFF, 0xFF, 0xFF, 0xFF, 0xFF, 0xFF,
  0xFF, 0xFF, 0xFF, 0xFF, 0xFF, 0xFF, 0xFF, 0x3F, 0x02, 0xF0, 0xFF, 0xFF, 0xFF, 0xFF, 0xFF, 0xFF,
  0xFF, 0xFF, 0xFF, 0xFF, 0xFF, 0xFF, 0xFF, 0x7F, 0x20, 0xF8, 0xFF, 0xFF, 0xFF, 0xFF, 0xFF, 0xFF,
  0xFF, 0xFF, 0xFF, 0xFF, 0xFF, 0xFF, 0xFF, 0xFF, 0x01, 0xFC, 0xFF, 0xFF, 0xFF, 0xFF, 0xFF, 0xFF,
  0xFF, 0xFF, 0xFF, 0xFF, 0xFF, 0xFF, 0xFF, 0xFF, 0x07, 0xFF, 0xFF, 0xFF, 0xFF, 0xFF, 0xFF, 0xFF,
  0xFF, 0xFF, 0xFF, 0xFF, 0xFF, 0xFF, 0xFF, 0xFF, 0xFF, 0xFF, 0xFF, 0xFF, 0xFF, 0xFF, 0xFF, 0xFF,
  0xFF, 0xFF, 0xFF, 0xFF, 0xFF, 0xFF, 0xFF, 0xFF, 0xFF, 0xFF, 0xFF, 0xFF, 0xFF, 0xFF, 0xFF, 0xFF
};
#endif


#ifdef ENABLE_BAGMAN
  const uint8_t Bagman_Logo_bits[] PROGMEM = {    
 	0xff, 0xff, 0xff, 0xff, 0xff, 0xff, 0xff, 0xff, 0xff, 0xff, 0xff, 0xff, 0xff, 0xff, 0xff, 0xff, 
	0xff, 0xff, 0xff, 0xff, 0xff, 0xff, 0xff, 0xff, 0xff, 0xff, 0xff, 0xff, 0xff, 0xff, 0xff, 0xff, 
	0xff, 0xff, 0xff, 0xff, 0xff, 0xff, 0xff, 0xff, 0xff, 0xff, 0xff, 0xff, 0xff, 0xff, 0xff, 0xff, 
	0xff, 0xff, 0xff, 0xff, 0xff, 0xff, 0xff, 0xff, 0xff, 0xff, 0xff, 0xff, 0xff, 0xff, 0xff, 0xff, 
	0xff, 0xff, 0xff, 0xff, 0xff, 0xff, 0xff, 0xff, 0xff, 0xff, 0xff, 0xff, 0xff, 0xff, 0xff, 0xff, 
	0xff, 0xff, 0xff, 0xff, 0xff, 0xff, 0xff, 0xff, 0xff, 0xff, 0xff, 0xff, 0xff, 0xff, 0xff, 0xff, 
	0xff, 0xff, 0xff, 0xff, 0xff, 0xff, 0xff, 0xff, 0xff, 0xff, 0xff, 0xff, 0xff, 0xff, 0xff, 0xff, 
	0xff, 0xff, 0xff, 0xff, 0xff, 0xff, 0xff, 0xff, 0xff, 0xff, 0xff, 0xff, 0xff, 0xff, 0xff, 0xff, 
	0xff, 0xff, 0xff, 0xff, 0xff, 0xff, 0xff, 0xff, 0xff, 0xff, 0xff, 0xff, 0xff, 0xff, 0xff, 0xff, 
	0xff, 0xff, 0xff, 0xff, 0xff, 0xff, 0xff, 0xff, 0xff, 0xff, 0xff, 0xff, 0xff, 0xff, 0xff, 0xff, 
	0xff, 0xff, 0xff, 0xff, 0xff, 0xff, 0xff, 0xff, 0xff, 0xff, 0xff, 0xff, 0xff, 0xff, 0xff, 0xff, 
	0xff, 0xff, 0xff, 0xff, 0xff, 0xff, 0xff, 0xff, 0xff, 0xff, 0xff, 0xff, 0xff, 0xff, 0xff, 0xff, 
	0xff, 0xff, 0xff, 0xff, 0xff, 0xff, 0xff, 0xff, 0xff, 0xff, 0xff, 0xff, 0xff, 0xff, 0xff, 0xff, 
	0xff, 0xff, 0xff, 0xff, 0xff, 0xff, 0xff, 0xff, 0xff, 0xff, 0xff, 0xff, 0xff, 0xff, 0xff, 0xff, 
	0x1f, 0xf0, 0xff, 0x0f, 0xfe, 0xff, 0xc0, 0x3f, 0xf8, 0x0f, 0xfe, 0x07, 0xff, 0x07, 0x1f, 0xfc, 
	0x1f, 0xf0, 0xff, 0x0f, 0xfc, 0xff, 0xc0, 0x3f, 0xf0, 0x0f, 0xfc, 0x07, 0xff, 0x03, 0x1f, 0xfc, 
	0x1f, 0xc0, 0xff, 0x07, 0xfc, 0x3f, 0x80, 0x3f, 0xe0, 0x07, 0xfc, 0x01, 0xfe, 0x03, 0x0e, 0xf8, 
	0x0f, 0xc0, 0xff, 0x07, 0xf8, 0x3f, 0x00, 0x3f, 0xc0, 0x03, 0xf8, 0x01, 0xfc, 0x03, 0x0c, 0xf0, 
	0x0f, 0x80, 0xff, 0x03, 0xf0, 0x1f, 0x00, 0x3e, 0xc0, 0x03, 0xf8, 0x01, 0xf8, 0x03, 0x0c, 0xf0, 
	0x0f, 0x80, 0xff, 0x03, 0xe0, 0x1f, 0x00, 0x1c, 0xc0, 0x03, 0xf8, 0x01, 0xf8, 0x01, 0x0c, 0xf0, 
	0x0f, 0x80, 0xff, 0x03, 0xe0, 0x0f, 0x00, 0x1c, 0xc0, 0x03, 0xf8, 0x01, 0xf0, 0x01, 0x0c, 0xf0, 
	0x0f, 0x80, 0xff, 0x03, 0xe0, 0x0f, 0x00, 0x18, 0xc0, 0x03, 0xf8, 0x01, 0xf0, 0x01, 0x0c, 0xf0, 
	0x0f, 0x9c, 0xff, 0x01, 0xc0, 0x07, 0x0c, 0x18, 0x80, 0x01, 0xf8, 0x00, 0xe0, 0x01, 0x08, 0xf0, 
	0x0f, 0x9c, 0xff, 0x01, 0xc0, 0x07, 0x0e, 0x1c, 0x80, 0x01, 0xf8, 0x00, 0xe0, 0x01, 0x08, 0xf0, 
	0x0f, 0x9c, 0xff, 0x01, 0xc0, 0x03, 0x1e, 0x1c, 0x80, 0x01, 0xf8, 0x00, 0xe0, 0x01, 0x08, 0xf0, 
	0x0f, 0x88, 0xff, 0x80, 0x80, 0x03, 0xff, 0x1f, 0x80, 0x01, 0x78, 0x40, 0xc0, 0x01, 0x00, 0xf0, 
	0x0f, 0x80, 0xff, 0x80, 0x81, 0x03, 0xff, 0x1f, 0x00, 0x00, 0x78, 0x60, 0xc0, 0x01, 0x00, 0xf0, 
	0x0f, 0x00, 0xfe, 0xc0, 0x81, 0x01, 0x0f, 0x18, 0x00, 0x00, 0x78, 0xe0, 0xc0, 0x01, 0x00, 0xf0, 
	0x0f, 0x00, 0xfe, 0xe0, 0x81, 0x01, 0x0f, 0x18, 0x00, 0x00, 0x78, 0xf0, 0xc0, 0x01, 0x00, 0xf0, 
	0x0f, 0x00, 0x78, 0xe0, 0x01, 0x01, 0x07, 0x18, 0x00, 0x00, 0x38, 0xf0, 0x80, 0x01, 0x00, 0xf0, 
	0x0f, 0x00, 0x78, 0xe0, 0x00, 0x01, 0x07, 0x18, 0x00, 0x00, 0x38, 0x70, 0x80, 0x01, 0x00, 0xf0, 
	0x0f, 0x00, 0x70, 0xe0, 0x00, 0x03, 0x0f, 0x18, 0x00, 0x00, 0x38, 0x70, 0x80, 0x01, 0x00, 0xf0, 
	0x0f, 0x00, 0x30, 0x00, 0x00, 0x03, 0x0e, 0x18, 0x00, 0x00, 0x18, 0x00, 0x80, 0x01, 0x00, 0xf0, 
	0x0f, 0x38, 0x30, 0x00, 0x00, 0x03, 0x1e, 0x18, 0x30, 0x04, 0x18, 0x00, 0x80, 0x01, 0x02, 0xf0, 
	0x0f, 0x3c, 0x30, 0x00, 0x00, 0x02, 0x1c, 0x18, 0x30, 0x0c, 0x18, 0x00, 0x80, 0x01, 0x03, 0xf0, 
	0x0f, 0x3c, 0x30, 0x00, 0x00, 0x02, 0x00, 0x18, 0x70, 0x0e, 0x18, 0x00, 0x80, 0x01, 0x07, 0xf0, 
	0x0f, 0x38, 0x30, 0x00, 0x00, 0x02, 0x00, 0x18, 0x70, 0x0e, 0x18, 0x00, 0x80, 0x01, 0x07, 0xf0, 
	0x0f, 0x00, 0x30, 0x00, 0x00, 0x02, 0x00, 0x18, 0xf0, 0x0f, 0x18, 0x00, 0x80, 0x01, 0x07, 0xf0, 
	0x1f, 0x00, 0x30, 0xf0, 0x00, 0x02, 0x00, 0x3c, 0xf0, 0x0f, 0x1c, 0x38, 0x80, 0x01, 0x0f, 0xf8, 
	0x1f, 0x00, 0x38, 0xf0, 0x00, 0x02, 0x00, 0x3c, 0xf0, 0x0f, 0x1c, 0x78, 0x80, 0x01, 0x0f, 0xf8, 
	0x1f, 0x00, 0x38, 0xf0, 0x00, 0x06, 0x00, 0x18, 0xf0, 0x0f, 0x1c, 0x78, 0x80, 0x01, 0x0f, 0xf8, 
	0x1f, 0x00, 0x18, 0xf0, 0x00, 0x07, 0x00, 0x3c, 0xf0, 0x0f, 0x0c, 0x78, 0x80, 0x03, 0x0f, 0xf8, 
	0x1f, 0x00, 0x18, 0xf8, 0x00, 0x07, 0x00, 0x3c, 0xf0, 0x0f, 0x0c, 0x7c, 0x80, 0x03, 0x0f, 0xf8, 
	0x1f, 0x00, 0x1c, 0xf8, 0x01, 0x0f, 0x00, 0x3e, 0xf0, 0x0f, 0x0c, 0xfc, 0x80, 0x03, 0x0f, 0xfc, 
	0x7f, 0x00, 0x1e, 0xfe, 0x83, 0x3f, 0x80, 0x3f, 0xf8, 0x1f, 0x0e, 0xfe, 0xc0, 0x83, 0x1f, 0xfc, 
	0x7f, 0x00, 0x3e, 0xfe, 0x83, 0x3f, 0x80, 0x3f, 0xf8, 0x1f, 0x1e, 0xfe, 0xc1, 0x87, 0x1f, 0xfe, 
	0xff, 0xff, 0xff, 0xff, 0xff, 0xff, 0xff, 0xff, 0xff, 0xff, 0xff, 0xff, 0xff, 0xff, 0xff, 0xff, 
	0xff, 0xff, 0xff, 0xff, 0xff, 0xff, 0xff, 0xff, 0xff, 0xff, 0xff, 0xff, 0xff, 0xff, 0xff, 0xff, 
	0xff, 0xff, 0xff, 0xff, 0xff, 0xff, 0xff, 0xff, 0xff, 0xff, 0xff, 0xff, 0xff, 0xff, 0xff, 0xff, 
	0xff, 0xff, 0xff, 0xff, 0xff, 0xff, 0xff, 0xff, 0xff, 0xff, 0xff, 0xff, 0xff, 0xff, 0xff, 0xff, 
	0xff, 0xff, 0xff, 0xff, 0xff, 0xff, 0xff, 0xff, 0xff, 0xff, 0xff, 0xff, 0xff, 0xff, 0xff, 0xff, 
	0xff, 0xff, 0xff, 0xff, 0xff, 0xff, 0xff, 0xff, 0xff, 0xff, 0xff, 0xff, 0xff, 0xff, 0xff, 0xff, 
	0xff, 0xff, 0xff, 0xff, 0xff, 0xff, 0xff, 0xff, 0xff, 0xff, 0xff, 0xff, 0xff, 0xff, 0xff, 0xff, 
	0xff, 0xff, 0xff, 0xff, 0xff, 0xff, 0xff, 0xff, 0xff, 0xff, 0xff, 0xff, 0xff, 0xff, 0xff, 0xff, 
	0xff, 0xff, 0xff, 0xff, 0xff, 0xff, 0xff, 0xff, 0xff, 0xff, 0xff, 0xff, 0xff, 0xff, 0xff, 0xff, 
	0xff, 0xff, 0xff, 0xff, 0xff, 0xff, 0xff, 0xff, 0xff, 0xff, 0xff, 0xff, 0xff, 0xff, 0xff, 0xff, 
	0xff, 0xff, 0xff, 0xff, 0xff, 0xff, 0xff, 0xff, 0xff, 0xff, 0xff, 0xff, 0xff, 0xff, 0xff, 0xff, 
	0xff, 0xff, 0xff, 0xff, 0xff, 0xff, 0xff, 0xff, 0xff, 0xff, 0xff, 0xff, 0xff, 0xff, 0xff, 0xff, 
	0xff, 0xff, 0xff, 0xff, 0xff, 0xff, 0xff, 0xff, 0xff, 0xff, 0xff, 0xff, 0xff, 0xff, 0xff, 0xff, 
	0xff, 0xff, 0xff, 0xff, 0xff, 0xff, 0xff, 0xff, 0xff, 0xff, 0xff, 0xff, 0xff, 0xff, 0xff, 0xff, 
	0xff, 0xff, 0xff, 0xff, 0xff, 0xff, 0xff, 0xff, 0xff, 0xff, 0xff, 0xff, 0xff, 0xff, 0xff, 0xff, 
	0xff, 0xff, 0xff, 0xff, 0xff, 0xff, 0xff, 0xff, 0xff, 0xff, 0xff, 0xff, 0xff, 0xff, 0xff, 0xff, 
	0xff, 0xff, 0xff, 0xff, 0xff, 0xff, 0xff, 0xff, 0xff, 0xff, 0xff, 0xff, 0xff, 0xff, 0xff, 0xff, 
	0xff, 0xff, 0xff, 0xff, 0xff, 0xff, 0xff, 0xff, 0xff, 0xff, 0xff, 0xff, 0xff, 0xff, 0xff, 0xff
  };
#endif

#ifdef ENABLE_THEGLOB
const uint8_t Glob_Logo_bits[] PROGMEM = {
	0xff, 0xff, 0xff, 0xff, 0xff, 0xff, 0xff, 0xff, 0xff, 0xff, 0xff, 0xff, 0xff, 0xff, 0xff, 0xff, 
	0xff, 0xff, 0xff, 0xff, 0xff, 0xff, 0xff, 0xff, 0xff, 0xff, 0xff, 0xff, 0xff, 0xff, 0xff, 0xff, 
	0xff, 0xff, 0xff, 0xff, 0xff, 0xff, 0xff, 0xff, 0xff, 0xff, 0xff, 0xff, 0xff, 0xfe, 0xff, 0xff, 
	0xff, 0xff, 0xff, 0xff, 0xff, 0xff, 0xff, 0xff, 0xff, 0xff, 0xdf, 0xff, 0x7f, 0xfc, 0xff, 0xff, 
	0xff, 0xff, 0xff, 0xff, 0xff, 0xff, 0xff, 0xff, 0xff, 0xff, 0x8f, 0xff, 0x3f, 0xfc, 0xff, 0xff, 
	0xff, 0xff, 0xff, 0xff, 0xff, 0xff, 0xff, 0xff, 0xff, 0xff, 0x83, 0xff, 0x1f, 0xf8, 0xff, 0xff, 
	0xff, 0xff, 0xff, 0xff, 0xff, 0xff, 0xff, 0x7f, 0xff, 0xff, 0x81, 0xff, 0x1f, 0xfc, 0xff, 0xff, 
	0xff, 0xff, 0xff, 0xff, 0xff, 0xff, 0x3f, 0x00, 0xf8, 0x7f, 0x80, 0xff, 0x0f, 0xfc, 0xff, 0xff, 
	0xff, 0xff, 0xff, 0xff, 0xff, 0xff, 0x1f, 0x00, 0xf8, 0x1f, 0x8c, 0xff, 0x0f, 0xfc, 0xff, 0xff, 
	0xff, 0xff, 0xff, 0xff, 0xff, 0xff, 0x00, 0x07, 0xfe, 0x07, 0x8f, 0xff, 0x47, 0xfe, 0xef, 0xff, 
	0xff, 0xff, 0xff, 0xff, 0xff, 0x3f, 0xf0, 0xe1, 0xff, 0xc7, 0x81, 0xff, 0x27, 0xfe, 0x07, 0xff, 
	0xff, 0xff, 0xff, 0xff, 0xff, 0x1f, 0x3c, 0xfc, 0xff, 0x43, 0x80, 0xff, 0x23, 0xff, 0x07, 0xff, 
	0xff, 0xff, 0xff, 0xff, 0xff, 0x07, 0x07, 0xfe, 0xff, 0x73, 0x80, 0xff, 0x03, 0xff, 0x03, 0xff, 
	0xff, 0xff, 0xff, 0xff, 0xff, 0xc1, 0xc3, 0xff, 0xff, 0xb3, 0x83, 0xff, 0x91, 0xff, 0x03, 0xff, 
	0xff, 0xff, 0xff, 0xff, 0xff, 0xe1, 0xf0, 0xff, 0xff, 0x99, 0x03, 0xff, 0x91, 0xff, 0x93, 0xff, 
	0xff, 0xff, 0xff, 0x78, 0x7f, 0x38, 0xf8, 0xff, 0xff, 0xd9, 0x07, 0xff, 0xc8, 0xff, 0x93, 0xff, 
	0xff, 0xff, 0x0f, 0xff, 0x3e, 0x0c, 0xfe, 0xff, 0xff, 0xc9, 0x07, 0xff, 0xc8, 0xff, 0x83, 0xff, 
	0xff, 0xff, 0xf3, 0xff, 0x3e, 0x06, 0xc7, 0xff, 0xff, 0xc9, 0x27, 0x7f, 0xe4, 0xff, 0xc3, 0xff, 
	0xff, 0xff, 0x1d, 0xf8, 0x3e, 0xe3, 0xc3, 0xff, 0xff, 0xc8, 0x0f, 0x7f, 0xe4, 0xff, 0xc1, 0xff, 
	0xff, 0xff, 0x0e, 0x70, 0x9e, 0xf1, 0xd3, 0xff, 0xff, 0xe0, 0x0f, 0x3f, 0xf2, 0xff, 0xc1, 0xff, 
	0xff, 0x7f, 0x87, 0x33, 0x8f, 0xe8, 0xc1, 0xff, 0xff, 0xc0, 0x0f, 0x3f, 0xf0, 0xff, 0xc9, 0xff, 
	0xff, 0xff, 0xa3, 0x33, 0x0f, 0xec, 0xc9, 0xff, 0xff, 0xc0, 0x07, 0x3f, 0xf0, 0xff, 0xe9, 0xff, 
	0xff, 0xff, 0xc1, 0x86, 0x0f, 0xc6, 0xe9, 0xff, 0xff, 0xe0, 0x07, 0x3f, 0xf1, 0xf3, 0xe9, 0xff, 
	0xff, 0xcf, 0x45, 0xc0, 0x0f, 0xc7, 0xe1, 0xff, 0xff, 0xe4, 0x07, 0x1f, 0x71, 0xe0, 0xe1, 0xff, 
	0xff, 0xf3, 0x6e, 0xe2, 0x0f, 0x87, 0xe4, 0xff, 0xff, 0xe4, 0x07, 0x1f, 0x38, 0xe0, 0xe0, 0xff, 
	0xff, 0xfd, 0xbe, 0xf0, 0xff, 0xc3, 0xe4, 0xff, 0xff, 0xe4, 0x07, 0x9f, 0x18, 0xe0, 0xe0, 0xff, 
	0xff, 0x8f, 0xfe, 0xf0, 0xff, 0xc3, 0xf0, 0xff, 0xff, 0xe4, 0x27, 0x9f, 0x1c, 0xe7, 0xe4, 0xff, 
	0xff, 0xc7, 0xde, 0xf4, 0xff, 0xc3, 0xf0, 0xff, 0x7f, 0xe4, 0x07, 0x0f, 0xcc, 0xc6, 0x64, 0xfe, 
	0x7f, 0xe3, 0xdd, 0xf5, 0xff, 0xe1, 0xf2, 0xff, 0x7f, 0xe4, 0x87, 0x0f, 0x6c, 0xc8, 0x30, 0xfc, 
	0x3f, 0xe3, 0xdf, 0xff, 0xff, 0x61, 0xf8, 0xcf, 0x7f, 0xe4, 0x87, 0x4f, 0x24, 0xc8, 0x00, 0xf8, 
	0xff, 0xe9, 0xdf, 0xfb, 0xff, 0x61, 0xf8, 0x83, 0x7f, 0xe4, 0xcf, 0x47, 0x24, 0xc1, 0x00, 0xf1, 
	0xff, 0xed, 0xc7, 0xf9, 0xff, 0x61, 0xf8, 0xa3, 0xff, 0xf0, 0xff, 0x47, 0x02, 0x41, 0xc0, 0xf2, 
	0xbf, 0xec, 0xe3, 0xf9, 0xff, 0x61, 0xf8, 0x41, 0xff, 0xf4, 0x00, 0x47, 0x06, 0x41, 0x60, 0xe4, 
	0x9f, 0x8e, 0xa3, 0xf9, 0xff, 0x64, 0x88, 0x01, 0xfe, 0x74, 0x00, 0x06, 0x93, 0x41, 0x34, 0xe0, 
	0xdf, 0x1e, 0x8f, 0xf9, 0xff, 0x64, 0x80, 0x31, 0xfe, 0x74, 0x02, 0x06, 0x91, 0xc1, 0x0c, 0xe8, 
	0xef, 0x3e, 0xfc, 0xf9, 0xff, 0x74, 0x90, 0x10, 0xfe, 0x74, 0x7f, 0x26, 0xc1, 0xc3, 0x04, 0xc9, 
	0xff, 0x7e, 0xfc, 0xfd, 0xff, 0x70, 0x98, 0x1c, 0x7f, 0x34, 0x6f, 0x26, 0xc9, 0xc3, 0xc0, 0xcb, 
	0x77, 0xff, 0xff, 0xf9, 0xff, 0x70, 0x82, 0x04, 0x7f, 0x24, 0x06, 0x02, 0xc9, 0xc3, 0xe0, 0xc9, 
	0x77, 0xff, 0x8b, 0xf9, 0xff, 0x70, 0x88, 0x05, 0x7f, 0x24, 0x42, 0x82, 0xc9, 0xc1, 0xf0, 0xcb, 
	0x7f, 0x92, 0x01, 0xf9, 0x7f, 0x72, 0x08, 0x91, 0x7f, 0x24, 0x42, 0x86, 0xc9, 0x41, 0xf0, 0xc3, 
	0x73, 0x92, 0x0f, 0xf1, 0x7f, 0x76, 0x08, 0x4d, 0x7f, 0xec, 0x10, 0x83, 0xc9, 0x49, 0xf0, 0xc1, 
	0x87, 0x3f, 0x7f, 0xf2, 0x7f, 0x76, 0x08, 0x0d, 0x7f, 0xcc, 0x10, 0x83, 0xc9, 0xc1, 0xf0, 0xe1, 
	0x8f, 0xff, 0x7f, 0xf3, 0x7f, 0x74, 0x08, 0x25, 0x7f, 0xcc, 0x30, 0x83, 0xc9, 0xc9, 0xf0, 0xe1, 
	0x9f, 0xff, 0xff, 0xf3, 0x7f, 0x74, 0x08, 0x35, 0x7f, 0xcc, 0x32, 0x93, 0xc9, 0xc9, 0xf0, 0xe1, 
	0x1f, 0xfc, 0xff, 0xf3, 0x7f, 0x76, 0x0a, 0x01, 0x7f, 0xcc, 0xf2, 0x93, 0xc1, 0xc1, 0xf0, 0xe1, 
	0x9f, 0xf8, 0xff, 0xfb, 0x7f, 0x66, 0x0a, 0x01, 0xff, 0xdc, 0xf2, 0x93, 0xc1, 0xc0, 0xf0, 0xe1, 
	0x7f, 0x60, 0xfc, 0xf9, 0xff, 0x64, 0x0a, 0xa3, 0xff, 0x9c, 0xe2, 0x93, 0x81, 0xe4, 0xf4, 0xe4, 
	0x3f, 0x0e, 0xf8, 0xf9, 0xff, 0x64, 0x08, 0x93, 0xff, 0x18, 0xe2, 0x93, 0x03, 0xe4, 0xe4, 0xf2, 
	0x1f, 0x3f, 0x00, 0xf9, 0xff, 0x64, 0x58, 0x87, 0xff, 0x18, 0xe0, 0x93, 0x07, 0xe4, 0x44, 0xf2, 
	0x93, 0xff, 0x27, 0xc1, 0xff, 0x64, 0x58, 0xef, 0xff, 0x30, 0xf2, 0x93, 0x27, 0xe0, 0x04, 0xf1, 
	0xc7, 0xff, 0x3f, 0xc7, 0xff, 0xe4, 0x50, 0xff, 0xff, 0x21, 0xe0, 0x93, 0x0f, 0xf0, 0xfc, 0xf8, 
	0xc7, 0xff, 0x3f, 0xe0, 0xff, 0xec, 0x1e, 0xfe, 0xff, 0x61, 0xe0, 0x93, 0x0f, 0xf0, 0x60, 0xfc, 
	0xef, 0xff, 0xff, 0xfb, 0xff, 0xe1, 0x3f, 0xfe, 0xff, 0xc3, 0xe4, 0x93, 0x9f, 0xf3, 0x01, 0xfc, 
	0xff, 0xff, 0xff, 0xff, 0xff, 0xe1, 0x7f, 0xfe, 0xff, 0x07, 0xe3, 0x93, 0x1f, 0xf0, 0x0f, 0xff, 
	0xff, 0xff, 0xff, 0xff, 0xff, 0xfb, 0x7f, 0xff, 0xff, 0x0f, 0xe3, 0x93, 0x3f, 0xf0, 0x1f, 0xff, 
	0xff, 0xff, 0xff, 0xff, 0xff, 0xfb, 0xff, 0xff, 0xff, 0x0f, 0xe0, 0x93, 0x7f, 0xf8, 0xff, 0xff, 
	0xff, 0xff, 0xff, 0xff, 0xff, 0xff, 0xff, 0xff, 0xff, 0x3f, 0xf0, 0x93, 0xff, 0xff, 0xff, 0xff, 
	0xff, 0xff, 0xff, 0xff, 0xff, 0xff, 0xff, 0xff, 0xff, 0x7f, 0xf8, 0x93, 0xff, 0xff, 0xff, 0xff, 
	0xff, 0xff, 0xff, 0xff, 0xff, 0xff, 0xff, 0xff, 0xff, 0xff, 0xfc, 0x87, 0xff, 0xff, 0xff, 0xff, 
	0xff, 0xff, 0xff, 0xff, 0xff, 0xff, 0xff, 0xff, 0xff, 0xff, 0xff, 0xc7, 0xff, 0xff, 0xff, 0xff, 
	0xff, 0xff, 0xff, 0xff, 0xff, 0xff, 0xff, 0xff, 0xff, 0xff, 0xff, 0xef, 0xff, 0xff, 0xff, 0xff, 
	0xff, 0xff, 0xff, 0xff, 0xff, 0xff, 0xff, 0xff, 0xff, 0xff, 0xff, 0xff, 0xff, 0xff, 0xff, 0xff, 
	0xff, 0xff, 0xff, 0xff, 0xff, 0xff, 0xff, 0xff, 0xff, 0xff, 0xff, 0xff, 0xff, 0xff, 0xff, 0xff, 
	0xff, 0xff, 0xff, 0xff, 0xff, 0xff, 0xff, 0xff, 0xff, 0xff, 0xff, 0xff, 0xff, 0xff, 0xff, 0xff
};
#endif

#ifdef ENABLE_LIZARD
const uint8_t Lizard_Logo_bits[] PROGMEM = {
	0xff, 0xff, 0xff, 0xff, 0xff, 0xff, 0xff, 0xff, 0xff, 0xff, 0xff, 0xff, 0xff, 0xff, 0xff, 0xff, 
	0xff, 0xff, 0xff, 0xff, 0xff, 0xff, 0xff, 0xff, 0xff, 0xff, 0xff, 0xff, 0xff, 0xff, 0xff, 0xff, 
	0xff, 0xff, 0xff, 0xff, 0xff, 0xff, 0xff, 0xff, 0xff, 0xff, 0xff, 0xff, 0xff, 0xff, 0xff, 0xff, 
	0xff, 0xff, 0xff, 0xff, 0xff, 0xff, 0xff, 0xff, 0xff, 0xff, 0xff, 0xff, 0xff, 0xff, 0xff, 0xff, 
	0xff, 0xff, 0xff, 0xff, 0xff, 0xff, 0xff, 0xff, 0xff, 0xff, 0xff, 0xff, 0xff, 0xff, 0xff, 0xff, 
	0xff, 0xe3, 0xff, 0xff, 0xe3, 0xe6, 0xcf, 0x75, 0xff, 0xe7, 0xff, 0x37, 0xff, 0xaf, 0xfb, 0xff, 
	0xff, 0xc7, 0xff, 0xff, 0x2b, 0xa7, 0x0f, 0x35, 0xff, 0x8f, 0xff, 0x39, 0xfc, 0xaf, 0xf9, 0xff, 
	0xff, 0x83, 0xff, 0xff, 0x23, 0x82, 0x0f, 0x10, 0xff, 0x07, 0xff, 0x11, 0xfc, 0x8f, 0xf8, 0xff, 
	0xff, 0xc3, 0xff, 0xff, 0x01, 0x80, 0x07, 0x00, 0xfe, 0x87, 0xff, 0x01, 0xfc, 0x07, 0xf0, 0xff, 
	0xff, 0xc3, 0xff, 0xff, 0x21, 0xc0, 0x0f, 0x00, 0xfc, 0x87, 0xff, 0x01, 0xfe, 0x07, 0xe0, 0xff, 
	0xff, 0xc7, 0xff, 0xff, 0x3b, 0xcc, 0x9f, 0x11, 0xfe, 0xcf, 0xff, 0x61, 0xee, 0x8f, 0xb1, 0xff, 
	0xff, 0xf7, 0xff, 0xff, 0x7f, 0xfd, 0xff, 0xdf, 0x7f, 0xfd, 0xfd, 0xfb, 0xe7, 0xcf, 0x1f, 0xfe, 
	0xff, 0xe3, 0xff, 0xff, 0x3f, 0xfc, 0xff, 0xc7, 0x7f, 0xfc, 0xf8, 0xe1, 0xe3, 0x8f, 0x1f, 0xfe, 
	0xff, 0xc3, 0xff, 0xff, 0x3f, 0xfc, 0xff, 0x87, 0x3f, 0xf8, 0xf0, 0xe1, 0xc3, 0x8f, 0x0f, 0xfe, 
	0xff, 0x83, 0xff, 0xff, 0x3f, 0xfc, 0xff, 0x87, 0x3f, 0xfc, 0xf0, 0xe1, 0x83, 0x07, 0x1f, 0xfe, 
	0xff, 0xc3, 0xff, 0xff, 0x3f, 0xfc, 0xff, 0x8f, 0x3f, 0xfc, 0xf0, 0xe1, 0xc3, 0x0f, 0x1f, 0xfe, 
	0xff, 0xc3, 0xff, 0xff, 0x3f, 0xfc, 0x3f, 0xfe, 0x7f, 0xcc, 0xf8, 0xa1, 0xfe, 0x8f, 0x1f, 0xff, 
	0xff, 0x87, 0xff, 0xff, 0x3f, 0xfc, 0x7f, 0xfe, 0x7f, 0xc0, 0xfd, 0x03, 0xff, 0x0f, 0xbf, 0xfe, 
	0xff, 0x83, 0xff, 0xff, 0x3f, 0xfc, 0x3f, 0xf8, 0x3f, 0x00, 0xf0, 0x01, 0xfc, 0x07, 0x0f, 0xfe, 
	0xff, 0xc3, 0xff, 0xff, 0x3f, 0xfc, 0x3f, 0xfc, 0x3f, 0x00, 0xf0, 0x01, 0xfc, 0x07, 0x0f, 0xfe, 
	0xff, 0xc3, 0xff, 0xff, 0x3f, 0xfc, 0x3f, 0xfc, 0x7f, 0x04, 0xf8, 0x01, 0xfe, 0x8f, 0x1f, 0xfe, 
	0xff, 0xc7, 0xac, 0xfc, 0x77, 0xe6, 0x3f, 0x1b, 0x7f, 0xfc, 0xf8, 0xf3, 0xd7, 0x8f, 0xff, 0xff, 
	0xff, 0x57, 0xae, 0xf1, 0x73, 0xa5, 0x5f, 0x39, 0x7e, 0xfe, 0xf0, 0xf9, 0xd7, 0xaf, 0xf1, 0xff, 
	0xff, 0x43, 0x04, 0xe0, 0x23, 0x80, 0x0f, 0x00, 0x7c, 0x7c, 0xf0, 0xf1, 0xc3, 0x07, 0xe0, 0xff, 
	0xff, 0x03, 0x00, 0xf0, 0x01, 0x80, 0x0f, 0x00, 0x3e, 0x78, 0xf0, 0xe1, 0xc3, 0x07, 0xf0, 0xff, 
	0xff, 0x43, 0x80, 0xf0, 0x01, 0xc4, 0x0f, 0x00, 0x3e, 0xf8, 0xf0, 0xe1, 0xc3, 0x07, 0xf0, 0xff, 
	0xff, 0xf7, 0xee, 0xf9, 0xf7, 0xcf, 0xbf, 0x33, 0xff, 0xfe, 0xf9, 0xf3, 0xf7, 0xef, 0xf9, 0xff, 
	0xff, 0xff, 0xff, 0xff, 0xff, 0xff, 0xff, 0xff, 0xff, 0xff, 0xff, 0xff, 0xff, 0xff, 0xff, 0xff, 
	0xff, 0xff, 0xff, 0xff, 0xff, 0xff, 0xff, 0xff, 0xff, 0xff, 0xff, 0xff, 0xff, 0xff, 0xff, 0xff, 
	0xff, 0xff, 0xff, 0xff, 0xff, 0xff, 0xff, 0xff, 0xff, 0xff, 0xff, 0xff, 0xff, 0xff, 0xff, 0xff, 
	0xff, 0xff, 0xff, 0xff, 0xff, 0xff, 0xff, 0xff, 0xff, 0xff, 0xff, 0xff, 0xff, 0xff, 0xff, 0xff, 
	0xff, 0xff, 0xff, 0xff, 0xff, 0xff, 0xff, 0xff, 0xff, 0xff, 0xff, 0xff, 0xff, 0xff, 0xff, 0xff, 
	0xff, 0xff, 0xff, 0xff, 0xff, 0xff, 0xff, 0xff, 0xff, 0xff, 0xff, 0xff, 0xff, 0xff, 0xff, 0xff, 
	0xff, 0xff, 0xff, 0xff, 0xff, 0xff, 0xff, 0xff, 0xff, 0xff, 0xff, 0xff, 0xff, 0xff, 0xff, 0xff, 
	0xff, 0xff, 0xff, 0xff, 0xff, 0xff, 0xff, 0xff, 0xff, 0xff, 0xff, 0xff, 0xff, 0xff, 0xff, 0xff, 
	0xff, 0xff, 0xff, 0xff, 0xff, 0xff, 0xff, 0xff, 0xff, 0xff, 0xff, 0xff, 0xff, 0xff, 0xff, 0xff, 
	0xff, 0xff, 0xff, 0xff, 0xff, 0xff, 0xff, 0xff, 0xff, 0xff, 0xff, 0xff, 0xff, 0xff, 0xff, 0xff, 
	0xff, 0xd7, 0xff, 0xfa, 0x77, 0xef, 0xcf, 0x75, 0xff, 0xef, 0xff, 0xb9, 0xfe, 0xcf, 0xfd, 0xff, 
	0xff, 0xd7, 0xff, 0xf0, 0x43, 0xe5, 0x0f, 0x11, 0xff, 0xaf, 0xff, 0x21, 0xfe, 0x0f, 0xf5, 0xff, 
	0xff, 0xc3, 0xff, 0xe0, 0x01, 0xc4, 0x07, 0x00, 0xfe, 0x87, 0xff, 0x01, 0xfc, 0x07, 0xf0, 0xff, 
	0xff, 0xc3, 0xff, 0xf0, 0x01, 0x80, 0x07, 0x00, 0xfc, 0x87, 0xff, 0x01, 0xfc, 0x07, 0xf0, 0xff, 
	0xff, 0xc3, 0xff, 0xf0, 0x23, 0x84, 0x0f, 0x10, 0xfc, 0x87, 0xff, 0x01, 0xfe, 0x0f, 0xf0, 0xff, 
	0xff, 0xe7, 0xff, 0xf9, 0x3f, 0xfe, 0xdf, 0x17, 0xff, 0xfe, 0xfc, 0xf3, 0xf7, 0x8f, 0xff, 0xff, 
	0xff, 0xf7, 0xff, 0xfd, 0x3f, 0xfc, 0xff, 0xc7, 0x7f, 0xfe, 0xf0, 0xf9, 0xc7, 0xaf, 0x9f, 0xff, 
	0xff, 0xc3, 0xff, 0xf0, 0x3f, 0xfc, 0xff, 0xc7, 0x7f, 0x7c, 0xf0, 0xf1, 0x83, 0x87, 0x1f, 0xff, 
	0xff, 0xc3, 0xff, 0xf0, 0x3f, 0xfc, 0xff, 0x87, 0x3f, 0x78, 0xf0, 0xe1, 0xc3, 0x07, 0x1f, 0xfe, 
	0xff, 0x83, 0xff, 0xe0, 0x3f, 0xfc, 0xff, 0x87, 0x3f, 0xf8, 0xf0, 0xe1, 0xc3, 0x87, 0x1f, 0xfe, 
	0xff, 0xc3, 0xff, 0xf0, 0x7f, 0xfe, 0xff, 0x8f, 0x7f, 0xfc, 0xf8, 0xe1, 0xc7, 0x8f, 0x1f, 0xfe, 
	0xff, 0xc3, 0xf7, 0xf5, 0x7f, 0xff, 0x7f, 0xfc, 0x7f, 0x8d, 0xfc, 0x2b, 0xff, 0xcf, 0x1f, 0xfe, 
	0xff, 0x87, 0xf1, 0xf0, 0x3f, 0xfe, 0x7f, 0xfc, 0x7f, 0x00, 0xf8, 0x21, 0xfe, 0x8f, 0x1f, 0xfe, 
	0xff, 0x83, 0xe1, 0xf0, 0x3f, 0xfc, 0x3f, 0xfc, 0x3f, 0x00, 0xf0, 0x01, 0xfc, 0x07, 0x0f, 0xfe, 
	0xff, 0xc3, 0xc1, 0xf0, 0x3f, 0xfc, 0x3f, 0xfc, 0x3f, 0x00, 0xf0, 0x01, 0xfc, 0x07, 0x1f, 0xfe, 
	0xff, 0xc7, 0xe3, 0xf8, 0x3f, 0xfc, 0x7f, 0xfc, 0x3f, 0x8c, 0xf0, 0x31, 0xfe, 0x8f, 0x1f, 0xff, 
	0xff, 0xff, 0x3f, 0xfc, 0x2b, 0xec, 0xbf, 0x1b, 0x7f, 0xfc, 0xf8, 0xe1, 0xef, 0x8f, 0xf9, 0xff, 
	0xff, 0x9f, 0x3f, 0xfe, 0x23, 0xe0, 0x1f, 0x39, 0x7c, 0xf8, 0xf8, 0xe3, 0xe3, 0x0f, 0xf8, 0xff, 
	0xff, 0x1f, 0x1f, 0xfc, 0x01, 0xc0, 0x0f, 0x00, 0x3c, 0x78, 0xf0, 0xe1, 0xc3, 0x07, 0xf0, 0xff, 
	0xff, 0x0f, 0x1e, 0xfc, 0x01, 0x80, 0x0f, 0x00, 0x3e, 0xfc, 0xf0, 0xe1, 0x83, 0x07, 0xe0, 0xff, 
	0xff, 0x1f, 0x3e, 0xfe, 0x21, 0x84, 0x0f, 0x01, 0x7e, 0xfc, 0xf8, 0xe1, 0xc3, 0x8f, 0xf0, 0xff, 
	0xff, 0xff, 0xff, 0xff, 0xff, 0xff, 0xff, 0xff, 0xff, 0xff, 0xff, 0xff, 0xff, 0xff, 0xff, 0xff, 
	0xff, 0xff, 0xff, 0xff, 0xff, 0xff, 0xff, 0xff, 0xff, 0xff, 0xff, 0xff, 0xff, 0xff, 0xff, 0xff, 
	0xff, 0xff, 0xff, 0xff, 0xff, 0xff, 0xff, 0xff, 0xff, 0xff, 0xff, 0xff, 0xff, 0xff, 0xff, 0xff, 
	0xff, 0xff, 0xff, 0xff, 0xff, 0xff, 0xff, 0xff, 0xff, 0xff, 0xff, 0xff, 0xff, 0xff, 0xff, 0xff, 
	0xff, 0xff, 0xff, 0xff, 0xff, 0xff, 0xff, 0xff, 0xff, 0xff, 0xff, 0xff, 0xff, 0xff, 0xff, 0xff, 
	0xff, 0xff, 0xff, 0xff, 0xff, 0xff, 0xff, 0xff, 0xff, 0xff, 0xff, 0xff, 0xff, 0xff, 0xff, 0xff
};
#endif

#ifdef ENABLE_MRTNT
const uint8_t Tnt_Logo_bits[] PROGMEM = {
	0xff, 0xff, 0xff, 0xff, 0xff, 0xff, 0xff, 0xff, 0xff, 0xff, 0xff, 0xff, 0xff, 0xff, 0xff, 0xff, 
	0xff, 0xff, 0xff, 0x3f, 0xf0, 0x0f, 0xf8, 0x3f, 0x00, 0x00, 0xff, 0xff, 0xff, 0xff, 0xff, 0xff, 
	0xff, 0xff, 0xff, 0x1f, 0xe0, 0x0f, 0xf8, 0x1f, 0x00, 0x00, 0xfe, 0xff, 0xff, 0xff, 0xff, 0xff, 
	0xff, 0xff, 0xff, 0x1f, 0xe0, 0x0f, 0xf8, 0x1f, 0x00, 0x00, 0xfc, 0xff, 0xff, 0xff, 0xff, 0xff, 
	0xff, 0xff, 0xff, 0x1f, 0xe0, 0x0f, 0xf8, 0x1f, 0x00, 0x00, 0xfc, 0xff, 0xff, 0xff, 0xff, 0xff, 
	0xff, 0xff, 0xff, 0x1f, 0xe0, 0x07, 0xf8, 0x3f, 0x00, 0x00, 0xf8, 0xff, 0xff, 0xff, 0xff, 0xff, 
	0xff, 0xff, 0xff, 0xff, 0xe0, 0x07, 0xff, 0xff, 0xe1, 0x7f, 0xfe, 0xff, 0xff, 0xff, 0xff, 0xff, 
	0xff, 0xff, 0xff, 0x7f, 0xc2, 0x43, 0xfe, 0xff, 0xe1, 0x7f, 0xfe, 0xff, 0xff, 0xff, 0xff, 0xff, 
	0xff, 0xff, 0xff, 0x3f, 0x86, 0x41, 0xfc, 0xff, 0xe1, 0x7f, 0xfc, 0xff, 0xff, 0xff, 0xff, 0xff, 
	0xff, 0xff, 0xff, 0x3f, 0x06, 0x60, 0xf8, 0xff, 0xe1, 0x7f, 0xf8, 0xff, 0xff, 0xff, 0xff, 0xff, 
	0xff, 0xff, 0xff, 0x1f, 0x0e, 0x70, 0xf8, 0xff, 0xe1, 0x7f, 0xf8, 0xff, 0xff, 0xff, 0xff, 0xff, 
	0xff, 0xff, 0xff, 0x1f, 0x1e, 0x78, 0xf8, 0xff, 0xe1, 0x7f, 0xf8, 0xff, 0xff, 0xff, 0xff, 0xff, 
	0xff, 0xff, 0xff, 0x1f, 0x3e, 0x7c, 0xf8, 0xff, 0xe1, 0x7f, 0xf8, 0xff, 0xff, 0xff, 0xff, 0xff, 
	0xff, 0xff, 0xff, 0x1f, 0x7e, 0x7e, 0xf8, 0xff, 0xe1, 0x7f, 0xf8, 0xff, 0xff, 0xff, 0xff, 0xff, 
	0xff, 0xff, 0xff, 0x1f, 0xfe, 0x7e, 0xf8, 0xff, 0x41, 0x00, 0xf8, 0xff, 0xff, 0xff, 0xff, 0xff, 
	0xff, 0xff, 0xff, 0x1f, 0xfe, 0x7f, 0xf8, 0xff, 0x01, 0x00, 0xf8, 0xff, 0xff, 0xff, 0xff, 0xff, 
	0xff, 0xff, 0xff, 0x1f, 0xfe, 0x7f, 0xf8, 0xff, 0x01, 0x00, 0xfc, 0xff, 0xff, 0xff, 0xff, 0xff, 
	0xff, 0xff, 0xff, 0x1f, 0xfe, 0x7f, 0xf8, 0xff, 0x01, 0x00, 0xfe, 0xff, 0xff, 0xff, 0xff, 0xff, 
	0xff, 0xff, 0xff, 0x1f, 0xfe, 0x7f, 0xf8, 0xff, 0x01, 0x00, 0xff, 0xff, 0xff, 0xff, 0xff, 0xff, 
	0xff, 0xff, 0xff, 0x1f, 0xfe, 0x7f, 0xf8, 0xff, 0xe1, 0x7f, 0xff, 0xff, 0xff, 0xff, 0xff, 0xff, 
	0xff, 0xff, 0xff, 0x1f, 0xfe, 0x7f, 0xf8, 0xff, 0xe1, 0x7f, 0xfe, 0xff, 0xff, 0xff, 0xff, 0xff, 
	0xff, 0xff, 0xff, 0x1f, 0xfe, 0x7f, 0xf8, 0xff, 0xe1, 0x7f, 0xfc, 0xff, 0xff, 0xff, 0xff, 0xff, 
	0xff, 0xff, 0xff, 0x1f, 0xfe, 0x7f, 0xf8, 0xff, 0xe1, 0x7f, 0xf8, 0xff, 0xff, 0xff, 0xff, 0xff, 
	0xff, 0xff, 0xff, 0x03, 0xfe, 0x0f, 0xf8, 0x03, 0xe0, 0x0f, 0xf0, 0xff, 0xff, 0xff, 0xff, 0xff, 
	0xff, 0xff, 0xff, 0x03, 0xfe, 0x0f, 0xf8, 0x03, 0xe0, 0x0f, 0xe0, 0xff, 0xfc, 0xff, 0xff, 0xff, 
	0xff, 0xff, 0xff, 0x03, 0xfe, 0x0f, 0xf8, 0x03, 0xe0, 0x0f, 0xe0, 0x7f, 0xfc, 0xff, 0xff, 0xff, 
	0xff, 0xff, 0xff, 0x03, 0xfe, 0x0f, 0xf8, 0x03, 0xe0, 0x0f, 0xc0, 0x3f, 0xfc, 0xff, 0xff, 0xff, 
	0xff, 0xff, 0xff, 0x03, 0xfe, 0x0f, 0xf8, 0x03, 0xe0, 0x0f, 0x80, 0x3f, 0xfe, 0xff, 0xff, 0xff, 
	0xff, 0xff, 0xff, 0xff, 0xff, 0xff, 0xff, 0xff, 0xff, 0xff, 0xff, 0xff, 0xff, 0xff, 0xff, 0xff, 
	0xff, 0xff, 0xff, 0xff, 0xff, 0xff, 0xff, 0xff, 0xff, 0xff, 0xff, 0xff, 0xff, 0xff, 0xff, 0xff, 
	0xff, 0xff, 0xff, 0xff, 0xff, 0xff, 0xff, 0xff, 0xff, 0xff, 0xff, 0xff, 0xff, 0xff, 0xff, 0xff, 
	0xff, 0xff, 0xff, 0xff, 0xff, 0xff, 0xff, 0xff, 0xff, 0xff, 0xff, 0xff, 0xff, 0xff, 0xff, 0xff, 
	0xff, 0xff, 0xff, 0xff, 0xff, 0xff, 0xff, 0xff, 0xff, 0xff, 0xff, 0xff, 0xff, 0xff, 0xff, 0xff, 
	0xff, 0xff, 0xff, 0xff, 0xff, 0xff, 0xff, 0xff, 0xff, 0xff, 0xff, 0xff, 0xff, 0xff, 0xff, 0xff, 
	0xff, 0xff, 0xff, 0x03, 0x00, 0xf0, 0x3f, 0xc0, 0x1f, 0xf0, 0x07, 0x00, 0xe0, 0xff, 0xff, 0xff, 
	0xff, 0xff, 0xff, 0x03, 0x00, 0xf0, 0x3f, 0xc0, 0x1f, 0xf0, 0x07, 0x00, 0xe0, 0xff, 0xff, 0xff, 
	0xff, 0xff, 0xff, 0x03, 0x00, 0xf0, 0x3f, 0xc0, 0x1f, 0xf0, 0x07, 0x00, 0xe0, 0xff, 0xff, 0xff, 
	0xff, 0xff, 0xff, 0x03, 0x00, 0xf0, 0x3f, 0xc0, 0x1f, 0xf0, 0x07, 0x00, 0xe0, 0xff, 0xff, 0xff, 
	0xff, 0xff, 0xff, 0x03, 0x00, 0xf0, 0x3f, 0xc0, 0x1f, 0xf0, 0x07, 0x00, 0xe0, 0xff, 0xff, 0xff, 
	0xff, 0xff, 0xff, 0xe3, 0xe1, 0xf1, 0xff, 0x81, 0xff, 0xf7, 0xc7, 0xc3, 0xe3, 0xff, 0xff, 0xff, 
	0xff, 0xff, 0xff, 0xf3, 0xe1, 0xf1, 0xff, 0x04, 0xff, 0xf3, 0xc7, 0xc3, 0xe7, 0xff, 0xff, 0xff, 
	0xff, 0xff, 0xff, 0xfb, 0xe1, 0xf3, 0x7f, 0x0c, 0xff, 0xf1, 0xe7, 0xc3, 0xe7, 0xff, 0xff, 0xff, 
	0xff, 0xff, 0xff, 0xfb, 0xe1, 0xf7, 0x3f, 0x1c, 0xfe, 0xf0, 0xf7, 0xc3, 0xef, 0xff, 0xff, 0xff, 
	0xff, 0xff, 0xff, 0xff, 0xe1, 0xff, 0x3f, 0x3c, 0xfc, 0xf0, 0xff, 0xc3, 0xff, 0xff, 0xff, 0xff, 
	0xff, 0xff, 0xff, 0xff, 0xe1, 0xff, 0x3f, 0x3c, 0xf8, 0xf0, 0xff, 0xc3, 0xff, 0xff, 0xff, 0xff, 
	0xff, 0xff, 0xff, 0xff, 0xe1, 0xff, 0x3f, 0x7c, 0xf0, 0xf0, 0xff, 0xc3, 0xff, 0xff, 0xff, 0xff, 
	0xff, 0xff, 0xff, 0xff, 0xe1, 0xff, 0x3f, 0xfc, 0xe0, 0xf0, 0xff, 0xc3, 0xff, 0xff, 0xff, 0xff, 
	0xff, 0xff, 0xff, 0xff, 0xe1, 0xff, 0x3f, 0xfc, 0xe1, 0xf0, 0xff, 0xc3, 0xff, 0xff, 0xff, 0xff, 
	0xff, 0xff, 0xff, 0xff, 0xe1, 0xff, 0x3f, 0xfc, 0xc3, 0xf0, 0xff, 0xc3, 0xff, 0xff, 0xff, 0xff, 
	0xff, 0xff, 0xff, 0xff, 0xe1, 0xff, 0x3f, 0xfc, 0x87, 0xf0, 0xff, 0xc3, 0xff, 0xff, 0xff, 0xff, 
	0xff, 0xff, 0xff, 0xff, 0xe1, 0xff, 0x3f, 0xfc, 0x07, 0xf0, 0xff, 0xc3, 0xff, 0xff, 0xff, 0xff, 
	0xff, 0xff, 0xff, 0xff, 0xe1, 0xff, 0x3f, 0xfc, 0x0f, 0xf0, 0xff, 0xc3, 0xff, 0xff, 0xff, 0xff, 
	0xff, 0xff, 0xff, 0xff, 0xe1, 0xff, 0x3f, 0xfc, 0x1f, 0xf0, 0xff, 0xc3, 0xff, 0xff, 0xff, 0xff, 
	0xff, 0xff, 0xff, 0xff, 0xe1, 0xff, 0x3f, 0xfc, 0x3f, 0xf0, 0xff, 0xc3, 0xff, 0xff, 0xff, 0xff, 
	0xff, 0xff, 0xff, 0xff, 0xe1, 0xff, 0x3f, 0xfc, 0x7f, 0xf0, 0xff, 0xc3, 0xff, 0xff, 0xff, 0xff, 
	0xff, 0xff, 0xff, 0xff, 0xe1, 0xff, 0x3f, 0xfc, 0xff, 0xf0, 0xff, 0xc3, 0xff, 0xff, 0xff, 0xff, 
	0xff, 0xff, 0xff, 0xff, 0xe1, 0xff, 0x07, 0xfc, 0xff, 0xf0, 0xff, 0xc3, 0xff, 0xff, 0xff, 0xff, 
	0xff, 0xff, 0xff, 0xff, 0xe1, 0xff, 0x07, 0xfc, 0xff, 0xf0, 0xff, 0xc3, 0xff, 0xff, 0xff, 0xff, 
	0xff, 0xff, 0xff, 0xff, 0xe1, 0xff, 0x07, 0xfc, 0xff, 0xf0, 0xff, 0xc3, 0xff, 0xff, 0xff, 0xff, 
	0xff, 0xff, 0xff, 0xff, 0xe1, 0xff, 0x07, 0xfc, 0xff, 0xf0, 0xff, 0xc3, 0xff, 0xff, 0xff, 0xff, 
	0xff, 0xff, 0xff, 0xff, 0xff, 0xff, 0xff, 0xff, 0xff, 0xff, 0xff, 0xff, 0xff, 0xff, 0xff, 0xff, 
	0xff, 0xff, 0xff, 0xff, 0xff, 0xff, 0xff, 0xff, 0xff, 0xff, 0xff, 0xff, 0xff, 0xff, 0xff, 0xff, 
	0xff, 0xff, 0xff, 0xff, 0xff, 0xff, 0xff, 0xff, 0xff, 0xff, 0xff, 0xff, 0xff, 0xff, 0xff, 0xff, 
	0xff, 0xff, 0xff, 0xff, 0xff, 0xff, 0xff, 0xff, 0xff, 0xff, 0xff, 0xff, 0xff, 0xff, 0xff, 0xff
};
#endif


#ifdef ENABLE_SPACE
  const uint8_t SpaceInvaders_Logo_bits[] PROGMEM = {
  0xFF, 0xFF, 0xFF, 0xFF, 0xFF, 0xFF, 0xFF, 0xFF, 0xFF, 0xFF, 0xFF, 0xFF, 0xFF, 0xFF, 0xFF, 0xFF,
  0xFF, 0xFF, 0xFF, 0xFF, 0xFF, 0xFF, 0xFF, 0xFF, 0xFF, 0xFF, 0xFF, 0xFF, 0xFF, 0xFF, 0xFF, 0xFF,
  0xFF, 0xFF, 0xFF, 0xFF, 0xFF, 0xFF, 0xFF, 0xFF, 0xFF, 0xFF, 0xFF, 0xFF, 0xFF, 0xFF, 0xFF, 0xFF,
  0xFF, 0xFF, 0xFF, 0xFF, 0xFF, 0xFF, 0xFF, 0xFF, 0xFF, 0xFF, 0xFF, 0xFF, 0xFF, 0xFF, 0xFF, 0xFF,
  0xFF, 0xFF, 0xFF, 0xFF, 0xFF, 0xFF, 0xFF, 0xFF, 0xFF, 0xFF, 0xFF, 0xFF, 0xFF, 0xFF, 0xFF, 0xFF,
  0xFF, 0xFF, 0xFF, 0xFF, 0xFF, 0xFF, 0xFF, 0xFF, 0xFF, 0xFF, 0xFF, 0xFF, 0xFF, 0xFF, 0xFF, 0xFF,
  0xFF, 0xFF, 0xFF, 0xFF, 0xFF, 0xFF, 0xFF, 0xFF, 0xFF, 0xFF, 0xFF, 0xFF, 0xFF, 0xFF, 0xFF, 0xFF,
  0xFF, 0xFF, 0xFF, 0xFF, 0xFF, 0xFF, 0xFF, 0xFF, 0xFF, 0xFF, 0xFF, 0xFF, 0xFF, 0xFF, 0xFF, 0xFF,
  0xFF, 0xFF, 0xFF, 0xFF, 0xFF, 0xFF, 0xFF, 0xFF, 0xFF, 0xFF, 0xFF, 0xFF, 0xFF, 0xFF, 0xFF, 0xFF,
  0xFF, 0xFF, 0xFF, 0xFF, 0xFF, 0xFF, 0xFF, 0xFF, 0xFF, 0xFF, 0xFF, 0xFF, 0xFF, 0xFF, 0xFF, 0xFF,
  0xFF, 0xFF, 0xFF, 0xFF, 0xFF, 0xFF, 0xFF, 0xFF, 0xFF, 0xFF, 0xFF, 0xFF, 0xFF, 0xFF, 0xFF, 0xFF,
  0xFF, 0xFF, 0xFF, 0xFF, 0xFF, 0xFF, 0xFF, 0xFF, 0xFF, 0xFF, 0xFF, 0xFF, 0xFF, 0xFF, 0xFF, 0xFF,
  0xFF, 0xFF, 0xFF, 0xFF, 0xFF, 0xFF, 0xFF, 0xFF, 0xFF, 0xFF, 0xFF, 0xFF, 0xFF, 0xFF, 0xFF, 0xFF,
  0xFF, 0xFF, 0xFF, 0xFF, 0xFF, 0xFF, 0xFF, 0xFF, 0xFF, 0xFF, 0xFF, 0xFF, 0xFF, 0xFF, 0xFF, 0xFF,
  0xFF, 0xFF, 0xFF, 0xFF, 0xFF, 0x03, 0x03, 0x3C, 0xF0, 0xC0, 0x00, 0xFC, 0xFF, 0xFF, 0xFF, 0xFF,
  0xFF, 0xFF, 0xFF, 0xFF, 0xFF, 0x01, 0x02, 0x18, 0x70, 0x80, 0x00, 0xFE, 0xFF, 0xFF, 0xFF, 0xFF,
  0xFF, 0xFF, 0xFF, 0xFF, 0xFF, 0x01, 0x00, 0x10, 0x30, 0x00, 0x00, 0xF8, 0xFF, 0xFF, 0xFF, 0xFF,
  0xFF, 0xFF, 0xFF, 0xFF, 0xFF, 0x00, 0x00, 0x10, 0x30, 0x00, 0x00, 0xF8, 0xFF, 0xFF, 0xFF, 0xFF,
  0xFF, 0xFF, 0xFF, 0xFF, 0xFF, 0x00, 0x00, 0x10, 0x30, 0x00, 0x00, 0xF0, 0xFF, 0xFF, 0xFF, 0xFF,
  0xFF, 0xFF, 0xFF, 0xFF, 0x7F, 0x3F, 0xFE, 0xF1, 0x3F, 0x7E, 0xFC, 0xF7, 0xFF, 0xFF, 0xFF, 0xFF,
  0xFF, 0xFF, 0xFF, 0xFF, 0xBF, 0x7F, 0xFE, 0xF3, 0x3F, 0xFF, 0xFC, 0xFF, 0xFF, 0xFF, 0xFF, 0xFF,
  0xFF, 0xFF, 0xFF, 0xFF, 0xBF, 0xFF, 0xFC, 0xE7, 0x9F, 0xFF, 0xFC, 0xFB, 0xFF, 0xFF, 0xFF, 0xFF,
  0xFF, 0xFF, 0xFF, 0xFF, 0xFF, 0xF7, 0xBC, 0xE7, 0x9F, 0xF7, 0x3E, 0xFF, 0xFF, 0xFF, 0xFF, 0xFF,
  0xFF, 0xFF, 0xFF, 0xFF, 0xFF, 0xE7, 0xBD, 0xE7, 0x9F, 0xF7, 0xBE, 0xFF, 0xFF, 0xFF, 0xFF, 0xFF,
  0xFF, 0xFF, 0xFF, 0xFF, 0x7F, 0xEF, 0xBC, 0xE7, 0x9F, 0x77, 0x1E, 0xFF, 0xFF, 0xFF, 0xFF, 0xFF,
  0xFF, 0xFF, 0xFF, 0xFF, 0xFF, 0x0F, 0x38, 0xEF, 0x9E, 0x07, 0xFE, 0xFF, 0xFF, 0xFF, 0xFF, 0xFF,
  0xFF, 0xFF, 0xFF, 0xFF, 0xFF, 0xFE, 0x38, 0xEF, 0xCE, 0x03, 0xFE, 0xFF, 0xFF, 0xFF, 0xFF, 0xFF,
  0xFF, 0xFF, 0xFF, 0xFF, 0xFF, 0xFD, 0xF9, 0xE7, 0xDE, 0x03, 0x7F, 0xFF, 0xFF, 0xFF, 0xFF, 0xFF,
  0xFF, 0xFF, 0xFF, 0xFF, 0xFF, 0xFB, 0xFB, 0xF7, 0xDE, 0x7B, 0x8F, 0xFF, 0xFF, 0xFF, 0xFF, 0xFF,
  0xFF, 0xFF, 0xFF, 0xFF, 0xFF, 0xC3, 0xFB, 0xFB, 0xDF, 0x7B, 0xCF, 0xFF, 0xFF, 0xFF, 0xFF, 0xFF,
  0xFF, 0xFF, 0xFF, 0xFF, 0xFF, 0xDD, 0x73, 0xFE, 0xDF, 0x3B, 0xC7, 0xFF, 0xFF, 0xFF, 0xFF, 0xFF,
  0xFF, 0xFF, 0xFF, 0xFF, 0xFF, 0xFF, 0x73, 0xFF, 0xDE, 0xBF, 0x8F, 0xFF, 0xFF, 0xFF, 0xFF, 0xFF,
  0xFF, 0xFF, 0xFF, 0x07, 0x31, 0xF8, 0x73, 0xF0, 0xDE, 0xBF, 0x7F, 0x3C, 0xF0, 0xFF, 0xFF, 0xFF,
  0xFF, 0xFF, 0xFF, 0x07, 0x20, 0xF0, 0x71, 0xF0, 0x9C, 0x8F, 0x3F, 0x18, 0xE0, 0xFF, 0xFF, 0xFF,
  0xFF, 0xFF, 0xFF, 0x01, 0x00, 0x00, 0x00, 0x20, 0x00, 0x00, 0x00, 0x00, 0xC0, 0xFF, 0xFF, 0xFF,
  0xFF, 0xFF, 0xFF, 0x01, 0x00, 0x00, 0x00, 0x60, 0x00, 0x00, 0x00, 0x00, 0x80, 0xFF, 0xFF, 0xFF,
  0xFF, 0xFF, 0xFF, 0x03, 0x00, 0x00, 0x00, 0x20, 0x00, 0x00, 0x00, 0x00, 0x00, 0xFF, 0xFF, 0xFF,
  0xFF, 0xFF, 0xFF, 0xDF, 0xF9, 0x9E, 0xCF, 0xCF, 0x7F, 0xFC, 0xF7, 0x0F, 0xFE, 0xFF, 0xFF, 0xFF,
  0xFF, 0xFF, 0xFF, 0x9E, 0xF3, 0x1E, 0xCF, 0x8F, 0xFF, 0xFC, 0xF7, 0x1F, 0xFF, 0xFE, 0xFF, 0xFF,
  0xFF, 0xFF, 0xFF, 0xBD, 0xE7, 0x3C, 0xCF, 0x8F, 0xF7, 0x3C, 0xF0, 0xDE, 0xF7, 0xFE, 0xFF, 0xFF,
  0xFF, 0xFF, 0xFF, 0x3F, 0xEF, 0x3D, 0xCF, 0x8F, 0xF7, 0x3E, 0x79, 0xCE, 0x7B, 0xFF, 0xFF, 0xFF,
  0xFF, 0xFF, 0xFF, 0x7B, 0xFF, 0x79, 0xCF, 0x9F, 0xF7, 0x1E, 0x78, 0xEF, 0xB9, 0xFF, 0xFF, 0xFF,
  0xFF, 0xFF, 0xFF, 0xF7, 0xFE, 0x7B, 0xCF, 0x9F, 0xF7, 0xFE, 0x38, 0xE7, 0xF1, 0xFF, 0xFF, 0xFF,
  0xFF, 0xFF, 0xFF, 0xFF, 0xFC, 0x73, 0xCF, 0x9D, 0xF7, 0xFE, 0xFC, 0xE3, 0xFF, 0xFF, 0xFF, 0xFF,
  0xFF, 0xFF, 0xFF, 0xEF, 0xFD, 0xF7, 0xCE, 0x9D, 0x77, 0x1E, 0xFC, 0xE1, 0xEF, 0xFF, 0xFF, 0xFF,
  0xFF, 0xFF, 0xFF, 0xDF, 0xF9, 0xE7, 0xCF, 0x9D, 0x77, 0x0E, 0xDC, 0x03, 0xFF, 0xFF, 0xFF, 0xFF,
  0xFF, 0xFF, 0xFF, 0xFF, 0x7B, 0xE7, 0xDF, 0xBF, 0x77, 0x0F, 0xDE, 0xB9, 0xF7, 0xFF, 0xFF, 0xFF,
  0xFF, 0xFF, 0xFF, 0xBF, 0x77, 0xCE, 0xDF, 0xBF, 0x7F, 0x0F, 0xEE, 0xBD, 0xFB, 0xFF, 0xFF, 0xFF,
  0xFF, 0xFF, 0xFF, 0x7F, 0xE7, 0xFE, 0xDF, 0xB9, 0x7F, 0x7F, 0xEF, 0xFD, 0xFD, 0xFF, 0xFF, 0xFF,
  0xFF, 0xFF, 0xFF, 0xFF, 0xEE, 0xAC, 0xCF, 0xBF, 0xDF, 0x7F, 0xE7, 0x7B, 0xFF, 0xFF, 0xFF, 0xFF,
  0xFF, 0xFF, 0xFF, 0xFF, 0xFF, 0xFF, 0xFF, 0xFF, 0xFF, 0xFF, 0xFF, 0xFF, 0xFF, 0xFF, 0xFF, 0xFF,
  0xFF, 0xFF, 0xFF, 0xFF, 0xFF, 0xFF, 0xFF, 0xFF, 0xFF, 0xFF, 0xFF, 0xFF, 0xFF, 0xFF, 0xFF, 0xFF,
  0xFF, 0xFF, 0xFF, 0xFF, 0xFF, 0xFF, 0xFF, 0xFF, 0xFF, 0xFF, 0xFF, 0xFF, 0xFF, 0xFF, 0xFF, 0xFF,
  0xFF, 0xFF, 0xFF, 0xFF, 0xFF, 0xFF, 0xFF, 0xFF, 0xFF, 0xFF, 0xFF, 0xFF, 0xFF, 0xFF, 0xFF, 0xFF,
  0xFF, 0xFF, 0xFF, 0xFF, 0xFF, 0xFF, 0xFF, 0xFF, 0xFF, 0xFF, 0xFF, 0xFF, 0xFF, 0xFF, 0xFF, 0xFF,
  0xFF, 0xFF, 0xFF, 0xFF, 0xFF, 0xFF, 0xFF, 0xFF, 0xFF, 0xFF, 0xFF, 0xFF, 0xFF, 0xFF, 0xFF, 0xFF,
  0xFF, 0xFF, 0xFF, 0xFF, 0xFF, 0xFF, 0xFF, 0xFF, 0xFF, 0xFF, 0xFF, 0xFF, 0xFF, 0xFF, 0xFF, 0xFF,
  0xFF, 0xFF, 0xFF, 0xFF, 0xFF, 0xFF, 0xFF, 0xFF, 0xFF, 0xFF, 0xFF, 0xFF, 0xFF, 0xFF, 0xFF, 0xFF,
  0xFF, 0xFF, 0xFF, 0xFF, 0xFF, 0xFF, 0xFF, 0xFF, 0xFF, 0xFF, 0xFF, 0xFF, 0xFF, 0xFF, 0xFF, 0xFF,
  0xFF, 0xFF, 0xFF, 0xFF, 0xFF, 0xFF, 0xFF, 0xFF, 0xFF, 0xFF, 0xFF, 0xFF, 0xFF, 0xFF, 0xFF, 0xFF,
  0xFF, 0xFF, 0xFF, 0xFF, 0xFF, 0xFF, 0xFF, 0xFF, 0xFF, 0xFF, 0xFF, 0xFF, 0xFF, 0xFF, 0xFF, 0xFF,
  0xFF, 0xFF, 0xFF, 0xFF, 0xFF, 0xFF, 0xFF, 0xFF, 0xFF, 0xFF, 0xFF, 0xFF, 0xFF, 0xFF, 0xFF, 0xFF,
  0xFF, 0xFF, 0xFF, 0xFF, 0xFF, 0xFF, 0xFF, 0xFF, 0xFF, 0xFF, 0xFF, 0xFF, 0xFF, 0xFF, 0xFF, 0xFF,
  0xFF, 0xFF, 0xFF, 0xFF, 0xFF, 0xFF, 0xFF, 0xFF, 0xFF, 0xFF, 0xFF, 0xFF, 0xFF, 0xFF, 0xFF, 0xFF
};
#endif

#ifdef ENABLE_TUTANKHM
const uint8_t Tutankhm_Logo_bits[] PROGMEM = {
  0x00, 0x00, 0x00, 0x00, 0x00, 0x00, 0x00, 0x00, 0x00, 0x00, 0x00, 0x00, 0x00, 0x00, 0x00, 0x00,
  0x00, 0x00, 0x00, 0x00, 0x00, 0x00, 0x00, 0x00, 0x00, 0x00, 0x00, 0x00, 0x00, 0x00, 0x00, 0x00,
  0x00, 0x00, 0x00, 0x00, 0x00, 0x00, 0x00, 0x00, 0x00, 0x00, 0x00, 0x00, 0x00, 0x00, 0x00, 0x00,
  0x00, 0x00, 0x00, 0x00, 0x00, 0x00, 0x00, 0x00, 0x00, 0x00, 0x00, 0x00, 0x00, 0x00, 0x00, 0x00,
  0x00, 0x00, 0x00, 0x00, 0x00, 0x00, 0x00, 0x00, 0x00, 0x00, 0x00, 0x00, 0x00, 0x00, 0x00, 0x00,
  0x00, 0x00, 0x00, 0x00, 0x00, 0x00, 0x00, 0x00, 0x00, 0x00, 0x00, 0x00, 0x00, 0x00, 0x00, 0x00,
  0x00, 0x00, 0x00, 0x00, 0x00, 0x00, 0x00, 0x00, 0x00, 0x00, 0x00, 0x00, 0x00, 0x00, 0x00, 0x00,
  0x00, 0x00, 0x00, 0x00, 0x00, 0x00, 0x00, 0x00, 0x00, 0x00, 0x00, 0x00, 0x00, 0x00, 0x00, 0x00,
  0x00, 0x00, 0x00, 0x00, 0x00, 0x00, 0x00, 0x00, 0x00, 0x00, 0x00, 0x00, 0x00, 0x00, 0x00, 0x00,
  0x00, 0x00, 0x00, 0x00, 0x00, 0x00, 0x00, 0x00, 0x00, 0x00, 0x00, 0x00, 0x00, 0x00, 0x00, 0x00,
  0x00, 0x00, 0x00, 0x00, 0x00, 0x00, 0x00, 0x00, 0x00, 0x00, 0x00, 0x00, 0x00, 0x00, 0x00, 0x00,
  0x00, 0x00, 0x00, 0x00, 0x00, 0x00, 0x00, 0x00, 0x00, 0x00, 0x00, 0x00, 0x00, 0x00, 0x00, 0x00,
  0x00, 0x00, 0x00, 0x00, 0x00, 0x00, 0x00, 0x00, 0x00, 0x00, 0x00, 0x00, 0x00, 0x00, 0x00, 0x00,
  0x00, 0x00, 0x00, 0x00, 0x00, 0x00, 0x00, 0x00, 0x00, 0x00, 0x00, 0x00, 0x00, 0x00, 0x00, 0x00,
  0xff, 0xff, 0xff, 0xff, 0xff, 0xff, 0xff, 0xff, 0xff, 0xff, 0x01, 0x00, 0xf0, 0xff, 0xff, 0xff,
  0xff, 0xff, 0x7f, 0x00, 0x00, 0xfc, 0xff, 0xff, 0xff, 0xff, 0x07, 0x00, 0xf0, 0xff, 0xff, 0xff,
  0xff, 0xff, 0x7f, 0xfc, 0x1f, 0xfe, 0xff, 0xff, 0xff, 0xff, 0x0f, 0x00, 0xf0, 0xff, 0xff, 0xff,
  0xff, 0xff, 0x1f, 0xfc, 0x1f, 0xfe, 0xff, 0xff, 0xff, 0xff, 0x1f, 0xff, 0xf3, 0xff, 0xff, 0xff,
  0xff, 0xff, 0x0f, 0xe4, 0x00, 0x00, 0x00, 0x00, 0x00, 0x00, 0x00, 0x3b, 0xf3, 0xff, 0xff, 0xff,
  0xff, 0xff, 0x07, 0xc0, 0x00, 0x00, 0x00, 0x00, 0x00, 0x00, 0x00, 0x33, 0xf3, 0xff, 0xff, 0xff,
  0xff, 0xff, 0x13, 0xc8, 0xc4, 0xff, 0x00, 0x80, 0x08, 0x00, 0x00, 0x33, 0xf3, 0xff, 0xff, 0xff,
  0xff, 0xff, 0x41, 0xc0, 0xc4, 0x7f, 0x8c, 0x8f, 0x99, 0x19, 0x3f, 0x33, 0xf3, 0xff, 0xff, 0xff,
  0xff, 0xff, 0x6e, 0xc0, 0x04, 0x0c, 0x8e, 0x89, 0x98, 0x19, 0x1b, 0x33, 0xf3, 0xff, 0xff, 0xff,
  0xff, 0xff, 0x6e, 0xc4, 0x04, 0x0c, 0x8f, 0x88, 0x99, 0x19, 0x11, 0x33, 0xf3, 0x8f, 0xff, 0xff,
  0xff, 0xff, 0x6c, 0xc6, 0xc4, 0x8c, 0x8f, 0x88, 0x99, 0x19, 0x31, 0x33, 0xf3, 0x3f, 0xfe, 0xff,
  0xff, 0xff, 0x64, 0xc7, 0xc4, 0xcc, 0x8c, 0x89, 0x99, 0x19, 0x31, 0x33, 0xf3, 0x7f, 0xfe, 0xff,
  0xff, 0x7f, 0xd6, 0xc7, 0xc4, 0xcc, 0x8c, 0x88, 0x99, 0x19, 0x31, 0x33, 0xf3, 0x7f, 0xfe, 0xff,
  0xff, 0x3f, 0x82, 0xc7, 0xc4, 0xcc, 0x8c, 0x89, 0x9d, 0x19, 0x39, 0x33, 0xf3, 0x7f, 0xfe, 0xff,
  0xf3, 0x5f, 0x00, 0xc0, 0xc4, 0xcc, 0x8f, 0x89, 0x8f, 0x1f, 0x3f, 0x33, 0xe3, 0x7f, 0xf0, 0xff,
  0x05, 0x40, 0x00, 0xc2, 0xc4, 0xcc, 0x8c, 0x89, 0x9d, 0x1f, 0x1f, 0x33, 0x02, 0x7f, 0x80, 0xff,
  0x04, 0x00, 0x04, 0xc0, 0xc4, 0xcc, 0x88, 0x99, 0x99, 0x19, 0x11, 0x33, 0x02, 0x30, 0x00, 0xf8,
  0x00, 0x00, 0x04, 0xc0, 0xc4, 0xcc, 0x98, 0x99, 0x99, 0x19, 0x11, 0x33, 0x03, 0x00, 0x02, 0x80,
  0x01, 0x00, 0x00, 0xc0, 0xc4, 0xcc, 0x98, 0x99, 0x99, 0x19, 0x11, 0x33, 0x03, 0x20, 0x00, 0xf8,
  0xe1, 0x1f, 0x00, 0xc1, 0xcc, 0xcc, 0x98, 0x99, 0x99, 0x19, 0x11, 0x33, 0x00, 0x7f, 0x00, 0xff,
  0xfb, 0x3f, 0x02, 0xc0, 0x7c, 0xcc, 0x98, 0x99, 0x99, 0x19, 0x11, 0x33, 0xe0, 0x7f, 0xc0, 0xff,
  0xff, 0x3f, 0xc2, 0xcf, 0x1c, 0xcc, 0x98, 0x99, 0x99, 0x19, 0x11, 0x33, 0xf8, 0x7f, 0xfe, 0xff,
  0xff, 0x7f, 0xc2, 0xcf, 0x0c, 0xc8, 0x98, 0x99, 0x99, 0x19, 0x11, 0x33, 0xfe, 0x7f, 0xfe, 0xff,
  0xff, 0xff, 0xc4, 0xcf, 0x04, 0x8c, 0x88, 0x89, 0x09, 0x19, 0x11, 0x13, 0xff, 0x7f, 0xfe, 0xff,
  0xff, 0xff, 0xcc, 0xcf, 0xc0, 0x00, 0x00, 0x00, 0x00, 0x00, 0x10, 0x83, 0xff, 0x3f, 0xfe, 0xff,
  0xff, 0xff, 0xcc, 0xcf, 0xe0, 0x00, 0x00, 0x00, 0x00, 0x00, 0x10, 0xc3, 0xff, 0x0f, 0xff, 0xff,
  0xff, 0xff, 0xce, 0xcf, 0xf0, 0x30, 0x20, 0x60, 0x60, 0x40, 0x10, 0xe1, 0xff, 0xdf, 0xff, 0xff,
  0xff, 0xff, 0xc4, 0x4f, 0xfc, 0x78, 0xf0, 0xf0, 0xf0, 0xe1, 0x00, 0xf0, 0xff, 0xff, 0xff, 0xff,
  0xff, 0xff, 0x90, 0x0f, 0xfe, 0xfc, 0xf9, 0xf9, 0xf9, 0xf3, 0x01, 0xf8, 0xff, 0xff, 0xff, 0xff,
  0xff, 0xff, 0x03, 0x0f, 0xff, 0xfe, 0xff, 0xff, 0xff, 0xff, 0x07, 0xfc, 0xff, 0xff, 0xff, 0xff,
  0xff, 0xff, 0x07, 0x8e, 0xff, 0xff, 0xff, 0xff, 0xff, 0xff, 0x0f, 0xfe, 0xff, 0xff, 0xff, 0xff,
  0xff, 0xff, 0x1f, 0xc0, 0xff, 0xff, 0xff, 0xff, 0xff, 0xff, 0x1f, 0xff, 0xff, 0xff, 0xff, 0xff,
  0xff, 0xff, 0x7f, 0xe0, 0xff, 0xff, 0xff, 0xff, 0xff, 0xff, 0xbf, 0xff, 0xff, 0xff, 0xff, 0xff,
  0xff, 0xff, 0xff, 0xf8, 0xff, 0xff, 0xff, 0xff, 0xff, 0xff, 0xff, 0xff, 0xff, 0xff, 0xff, 0xff,
  0xff, 0xff, 0xff, 0xff, 0xff, 0xff, 0xff, 0xff, 0xff, 0xff, 0xff, 0xff, 0xff, 0xff, 0xff, 0xff,
  0x00, 0x00, 0x00, 0x00, 0x00, 0x00, 0x00, 0x00, 0x00, 0x00, 0x00, 0x00, 0x00, 0x00, 0x00, 0x00,
  0x00, 0x00, 0x00, 0x00, 0x00, 0x00, 0x00, 0x00, 0x00, 0x00, 0x00, 0x00, 0x00, 0x00, 0x00, 0x00,
  0x00, 0x00, 0x00, 0x00, 0x00, 0x00, 0x00, 0x00, 0x00, 0x00, 0x00, 0x00, 0x00, 0x00, 0x00, 0x00,
  0x00, 0x00, 0x00, 0x00, 0x00, 0x00, 0x00, 0x00, 0x00, 0x00, 0x00, 0x00, 0x00, 0x00, 0x00, 0x00,
  0x00, 0x00, 0x00, 0x00, 0x00, 0x00, 0x00, 0x00, 0x00, 0x00, 0x00, 0x00, 0x00, 0x00, 0x00, 0x00,
  0x00, 0x00, 0x00, 0x00, 0x00, 0x00, 0x00, 0x00, 0x00, 0x00, 0x00, 0x00, 0x00, 0x00, 0x00, 0x00,
  0x00, 0x00, 0x00, 0x00, 0x00, 0x00, 0x00, 0x00, 0x00, 0x00, 0x00, 0x00, 0x00, 0x00, 0x00, 0x00,
  0x00, 0x00, 0x00, 0x00, 0x00, 0x00, 0x00, 0x00, 0x00, 0x00, 0x00, 0x00, 0x00, 0x00, 0x00, 0x00,
  0x00, 0x00, 0x00, 0x00, 0x00, 0x00, 0x00, 0x00, 0x00, 0x00, 0x00, 0x00, 0x00, 0x00, 0x00, 0x00,
  0x00, 0x00, 0x00, 0x00, 0x00, 0x00, 0x00, 0x00, 0x00, 0x00, 0x00, 0x00, 0x00, 0x00, 0x00, 0x00,
  0x00, 0x00, 0x00, 0x00, 0x00, 0x00, 0x00, 0x00, 0x00, 0x00, 0x00, 0x00, 0x00, 0x00, 0x00, 0x00,
  0x00, 0x00, 0x00, 0x00, 0x00, 0x00, 0x00, 0x00, 0x00, 0x00, 0x00, 0x00, 0x00, 0x00, 0x00, 0x00,
  0x00, 0x00, 0x00, 0x00, 0x00, 0x00, 0x00, 0x00, 0x00, 0x00, 0x00, 0x00, 0x00, 0x00, 0x00, 0x00,
  0x00, 0x00, 0x00, 0x00, 0x00, 0x00, 0x00, 0x00, 0x00, 0x00, 0x00, 0x00, 0x00, 0x00, 0x00, 0x00,
  0x00, 0x00, 0x00, 0x00, 0x00, 0x00, 0x00, 0x00, 0x00, 0x00, 0x00, 0x00, 0x00, 0x00, 0x00, 0x00
};
#endif
#ifdef ENABLE_DKONGJR
  const uint8_t Dkongjr_Logo_bits[] PROGMEM = {
  0xff, 0xff, 0xff, 0xff, 0xff, 0xff, 0xff, 0xff, 0xff, 0xff, 0xff, 0xff, 0xff, 0xff, 0xff, 0xff, 
	0xff, 0xff, 0xff, 0xff, 0xff, 0xff, 0xff, 0xff, 0xff, 0xff, 0xff, 0xff, 0xff, 0xff, 0xff, 0xff, 
	0xff, 0xff, 0xff, 0xff, 0xff, 0xff, 0xff, 0xff, 0xff, 0xff, 0xff, 0xff, 0xff, 0xff, 0xff, 0xff, 
	0xff, 0xff, 0xff, 0xff, 0xff, 0xfb, 0xff, 0xff, 0xbf, 0xef, 0xf7, 0xfe, 0xff, 0xff, 0xff, 0xff, 
	0xff, 0xff, 0xff, 0x3f, 0xb8, 0x31, 0xbe, 0xe1, 0x3b, 0x67, 0xe6, 0xcc, 0xff, 0xff, 0xff, 0xff, 
	0xff, 0xff, 0xff, 0x3f, 0x18, 0x31, 0x98, 0xc0, 0x31, 0x27, 0xe6, 0x84, 0xff, 0xff, 0xff, 0xff, 
	0xff, 0xff, 0xff, 0x3f, 0x10, 0x32, 0x98, 0x80, 0x31, 0x27, 0xe4, 0x04, 0xff, 0xff, 0xff, 0xff, 
	0xff, 0xff, 0xff, 0x3f, 0x13, 0x36, 0x18, 0x9e, 0x39, 0x13, 0xc8, 0x30, 0xfe, 0xff, 0xff, 0xff, 
	0xff, 0xff, 0xff, 0x3f, 0x63, 0x24, 0x1c, 0x9e, 0x39, 0x93, 0xc9, 0x30, 0xfc, 0xff, 0xff, 0xff, 
	0xff, 0xff, 0xff, 0x3f, 0xe7, 0x24, 0x4c, 0x9e, 0x39, 0x93, 0xc9, 0x70, 0xfe, 0xff, 0xff, 0xff, 
	0xff, 0xff, 0xff, 0x3f, 0xe7, 0x05, 0x48, 0x10, 0x3c, 0xd0, 0x03, 0xf0, 0xff, 0xff, 0xff, 0xff, 
	0xff, 0xff, 0xff, 0x3f, 0xe7, 0x01, 0x40, 0x10, 0x3c, 0xd8, 0x03, 0xf0, 0xff, 0xff, 0xff, 0xff, 
	0xff, 0xff, 0xff, 0x3f, 0xe7, 0x01, 0x41, 0x30, 0x3c, 0xc8, 0x03, 0xf0, 0xff, 0xff, 0xff, 0xff, 
	0xff, 0xff, 0xff, 0x3f, 0xe7, 0x09, 0x41, 0x30, 0x3c, 0xd0, 0x13, 0x30, 0xfc, 0xff, 0xff, 0xff, 
	0xff, 0xff, 0xff, 0x3f, 0xe7, 0x19, 0x40, 0x3e, 0x3e, 0xd3, 0x33, 0x30, 0xfc, 0xff, 0xff, 0xff, 
	0xff, 0xff, 0xff, 0x3f, 0xb3, 0x19, 0x49, 0x3e, 0x3e, 0xf3, 0x73, 0x30, 0xfc, 0xff, 0xff, 0xff, 
	0xff, 0xff, 0xff, 0x3f, 0x32, 0x3c, 0x4c, 0x7e, 0x3e, 0x63, 0x72, 0x30, 0xfc, 0xff, 0xff, 0xff, 
	0xff, 0xff, 0xff, 0x3f, 0x10, 0x38, 0x9c, 0x60, 0x3e, 0x27, 0x60, 0x00, 0xfc, 0xff, 0xff, 0xff, 
	0xff, 0xff, 0xff, 0x3f, 0x18, 0x32, 0x98, 0x60, 0x3e, 0x07, 0x60, 0x04, 0xfc, 0xff, 0xff, 0xff, 
	0xff, 0xff, 0xff, 0x3f, 0x18, 0x3a, 0x19, 0x61, 0x3e, 0x47, 0xe4, 0x04, 0xfc, 0xff, 0xff, 0xff, 
	0xff, 0xff, 0xff, 0xff, 0x1f, 0xff, 0x19, 0x7f, 0xfe, 0x7f, 0xfe, 0xcf, 0xfc, 0xff, 0xff, 0xff, 
	0xff, 0xff, 0xff, 0xff, 0xff, 0xff, 0xbf, 0x7f, 0xff, 0xff, 0xff, 0xff, 0xfe, 0xff, 0xff, 0xff, 
	0xff, 0xff, 0xff, 0xff, 0xff, 0xff, 0xff, 0xff, 0xff, 0xff, 0xff, 0xff, 0xff, 0xff, 0xff, 0xff, 
	0xff, 0xff, 0xff, 0xff, 0xff, 0xff, 0xff, 0xff, 0xff, 0xff, 0xff, 0xff, 0xff, 0xff, 0xff, 0xff, 
	0xff, 0xff, 0xff, 0xff, 0xff, 0xff, 0xef, 0xff, 0xf3, 0xfd, 0xbf, 0xff, 0xff, 0xff, 0xff, 0xff, 
	0xff, 0xff, 0xff, 0xff, 0xff, 0x61, 0x0c, 0xc3, 0x30, 0x7c, 0x38, 0x00, 0xfe, 0xff, 0xff, 0xff, 
	0xff, 0xff, 0xff, 0xff, 0xff, 0x60, 0x0c, 0xc3, 0x30, 0x38, 0x30, 0x00, 0xfc, 0xff, 0xff, 0xff, 
	0xff, 0xff, 0xff, 0xff, 0xff, 0x60, 0x0c, 0xc3, 0x30, 0x18, 0x60, 0x00, 0xf8, 0xff, 0xff, 0xff, 
	0xff, 0xff, 0xff, 0xff, 0xff, 0x60, 0x0c, 0xc3, 0x30, 0x0c, 0x60, 0x00, 0xf0, 0xff, 0xff, 0xff, 
	0xff, 0xff, 0xff, 0xff, 0xff, 0x60, 0x0c, 0xc3, 0x30, 0x0c, 0xc0, 0x00, 0xf0, 0xff, 0xff, 0xff, 
	0xff, 0xff, 0xff, 0xff, 0xff, 0x60, 0x0c, 0x83, 0x30, 0x0c, 0xc0, 0x30, 0xf0, 0xff, 0xff, 0xff, 
	0xff, 0xff, 0xff, 0xff, 0xff, 0x60, 0x0c, 0x83, 0x30, 0x0c, 0xc0, 0x30, 0xf0, 0xff, 0xff, 0xff, 
	0xff, 0xff, 0xff, 0xff, 0xff, 0x60, 0x0c, 0x03, 0x30, 0x0c, 0x80, 0x70, 0xf0, 0xff, 0xff, 0xff, 
	0xff, 0xff, 0xff, 0xff, 0xff, 0x60, 0x0c, 0x03, 0x30, 0x0c, 0x80, 0x71, 0xf0, 0xff, 0xff, 0xff, 
	0xff, 0xff, 0xff, 0xff, 0xff, 0x60, 0x0c, 0x03, 0x30, 0x0c, 0x81, 0x31, 0xf0, 0xff, 0xff, 0xff, 
	0xff, 0xff, 0xff, 0xff, 0xff, 0x60, 0x0c, 0x03, 0x30, 0x0c, 0x83, 0x11, 0xf0, 0xff, 0xff, 0xff, 
	0xff, 0xff, 0xff, 0xff, 0xff, 0x60, 0x0c, 0x03, 0x30, 0x0c, 0x03, 0x01, 0xf0, 0xff, 0xff, 0xff, 
	0xff, 0xff, 0xff, 0xff, 0xff, 0x60, 0x0c, 0x03, 0x30, 0x0c, 0x03, 0x01, 0xf8, 0xff, 0xff, 0xff, 
	0xff, 0xff, 0xff, 0xff, 0xff, 0x60, 0x0c, 0x03, 0x30, 0xac, 0x17, 0x01, 0xf8, 0xff, 0xff, 0xff, 
	0xff, 0xff, 0xff, 0xff, 0xff, 0x60, 0x0c, 0x03, 0x30, 0xec, 0x1f, 0x01, 0xfc, 0xff, 0xff, 0xff, 
	0xff, 0xff, 0xff, 0x7f, 0xf8, 0x60, 0x0c, 0x03, 0x30, 0xec, 0x1f, 0x01, 0xff, 0xff, 0xff, 0xff, 
	0xff, 0xff, 0xff, 0x7f, 0xf0, 0x60, 0x0c, 0x03, 0x30, 0xec, 0x1f, 0x01, 0xff, 0xff, 0xff, 0xff, 
	0xff, 0xff, 0xff, 0x3f, 0xf0, 0x60, 0x0c, 0x03, 0x30, 0xcc, 0x0f, 0x01, 0xfe, 0xff, 0xff, 0xff, 
	0xff, 0xff, 0xff, 0x3f, 0xf0, 0x60, 0x0c, 0x03, 0x30, 0xcc, 0x0f, 0x01, 0xfe, 0xff, 0xff, 0xff, 
	0xff, 0xff, 0xff, 0x3f, 0xf0, 0x60, 0x0c, 0x03, 0x30, 0xcc, 0x0f, 0x01, 0xfc, 0xff, 0xff, 0xff, 
	0xff, 0xff, 0xff, 0x3f, 0xf0, 0x60, 0x0c, 0x03, 0x30, 0xcc, 0x0f, 0x01, 0xfc, 0xff, 0xff, 0xff, 
	0xff, 0xff, 0xff, 0x3f, 0xf0, 0x60, 0x0c, 0x03, 0x30, 0xcc, 0x0c, 0x01, 0xfc, 0xff, 0xff, 0xff, 
	0xff, 0xff, 0xff, 0x3f, 0xf0, 0x60, 0x0c, 0x03, 0x30, 0xcc, 0x0c, 0x01, 0xfc, 0xff, 0xff, 0xff, 
	0xff, 0xff, 0xff, 0x3f, 0xf0, 0x60, 0x0c, 0x03, 0x30, 0x4c, 0x08, 0x01, 0xf8, 0xff, 0xff, 0xff, 
	0xff, 0xff, 0xff, 0x3f, 0xf0, 0x60, 0x0c, 0x03, 0x30, 0x0c, 0x80, 0x01, 0xf8, 0xff, 0xff, 0xff, 
	0xff, 0xff, 0xff, 0x7f, 0xf0, 0x60, 0x0c, 0x03, 0x30, 0x0c, 0x80, 0x19, 0xf8, 0xff, 0xff, 0xff, 
	0xff, 0xff, 0xff, 0x7f, 0x60, 0x60, 0x0c, 0x03, 0x30, 0x0c, 0x80, 0x19, 0xf8, 0xff, 0xff, 0xff, 
	0xff, 0xff, 0xff, 0x7f, 0x00, 0x20, 0x00, 0x43, 0x30, 0x0c, 0x80, 0x18, 0xf0, 0xff, 0xff, 0xff, 
	0xff, 0xff, 0xff, 0x7f, 0x00, 0x30, 0x00, 0x43, 0x30, 0x0c, 0xc0, 0x18, 0xf0, 0xff, 0xff, 0xff, 
	0xff, 0xff, 0xff, 0xff, 0x00, 0x30, 0x00, 0x43, 0x30, 0x0c, 0xc0, 0x30, 0xf0, 0xff, 0xff, 0xff, 
	0xff, 0xff, 0xff, 0xff, 0x00, 0x30, 0x00, 0xc1, 0x30, 0x0c, 0x60, 0x30, 0xe0, 0xff, 0xff, 0xff, 
	0xff, 0xff, 0xff, 0xff, 0x00, 0x30, 0x80, 0xc1, 0x30, 0x18, 0x60, 0x30, 0xe0, 0xff, 0xff, 0xff, 
	0xff, 0xff, 0xff, 0xff, 0x01, 0x78, 0x80, 0xc1, 0x30, 0x38, 0x30, 0x30, 0xe0, 0xff, 0xff, 0xff, 
	0xff, 0xff, 0xff, 0xff, 0x03, 0xfc, 0xc0, 0xeb, 0x30, 0x7d, 0x78, 0x39, 0xf6, 0xff, 0xff, 0xff, 
	0xff, 0xff, 0xff, 0xff, 0x07, 0xfe, 0xe0, 0xff, 0xff, 0xff, 0xfc, 0xff, 0xff, 0xff, 0xff, 0xff, 
	0xff, 0xff, 0xff, 0xff, 0xff, 0xff, 0xff, 0xff, 0xff, 0xff, 0xff, 0xff, 0xff, 0xff, 0xff, 0xff, 
	0xff, 0xff, 0xff, 0xff, 0xff, 0xff, 0xff, 0xff, 0xff, 0xff, 0xff, 0xff, 0xff, 0xff, 0xff, 0xff, 
	0xff, 0xff, 0xff, 0xff, 0xff, 0xff, 0xff, 0xff, 0xff, 0xff, 0xff, 0xff, 0xff, 0xff, 0xff, 0xff, 
	0xff, 0xff, 0xff, 0xff, 0xff, 0xff, 0xff, 0xff, 0xff, 0xff, 0xff, 0xff, 0xff, 0xff, 0xff, 0xff,
};
#endif

#ifdef ENABLE_XEVIOUS
  const uint8_t Xevious_Logo_bits[] PROGMEM = {
	0xff, 0xff, 0xff, 0xff, 0xff, 0xff, 0xff, 0xff, 0xff, 0xff, 0xff, 0xff, 0xff, 0xff, 0xff, 0xff, 
	0xff, 0xff, 0xff, 0xff, 0xff, 0xff, 0xff, 0xff, 0xff, 0xff, 0xff, 0xff, 0xff, 0xff, 0xff, 0xff, 
	0xff, 0xff, 0xff, 0x00, 0x00, 0x00, 0x00, 0x00, 0x00, 0x00, 0x00, 0x00, 0x00, 0x00, 0xf8, 0xff, 
	0xff, 0xff, 0xff, 0x00, 0x00, 0x00, 0x00, 0x00, 0x00, 0x00, 0x00, 0x00, 0x00, 0x00, 0xf8, 0xff, 
	0xff, 0xff, 0x7f, 0x00, 0x00, 0x00, 0x00, 0x00, 0x00, 0x00, 0x00, 0x00, 0x00, 0x00, 0xf0, 0xff, 
	0xff, 0xff, 0x7f, 0x00, 0x00, 0x00, 0x00, 0x00, 0x00, 0x00, 0x00, 0x00, 0x00, 0x00, 0xf0, 0xff, 
	0xff, 0xff, 0x3f, 0x03, 0x6c, 0x30, 0x8f, 0x20, 0xfe, 0x80, 0x0c, 0xfc, 0xf0, 0x41, 0xe0, 0xff, 
	0xff, 0xff, 0x3f, 0xff, 0xef, 0x3f, 0xcf, 0x7f, 0xfe, 0xff, 0xfd, 0xff, 0xff, 0xff, 0xe0, 0xff, 
	0xff, 0xff, 0x1f, 0xff, 0xef, 0x3f, 0xcf, 0x7f, 0xbe, 0xff, 0xfc, 0x87, 0x1f, 0x7f, 0xe0, 0xff, 
	0xff, 0xff, 0x0f, 0xff, 0xc7, 0x3f, 0x87, 0x7f, 0x80, 0xff, 0xf8, 0x87, 0x1f, 0x7e, 0xf0, 0xff, 
	0xff, 0xff, 0x0f, 0xfe, 0x87, 0x1f, 0x82, 0x7f, 0x80, 0xff, 0xf8, 0x87, 0x0f, 0x3e, 0xf0, 0xff, 
	0xff, 0xff, 0x0f, 0xfc, 0x83, 0x0f, 0x82, 0x3f, 0x00, 0x7f, 0xf0, 0x87, 0x0f, 0x3e, 0xf8, 0xff, 
	0xff, 0xff, 0x1f, 0xfc, 0x83, 0x0f, 0x86, 0x3f, 0x00, 0x3f, 0xf0, 0x87, 0x0f, 0x1e, 0xf8, 0xff, 
	0xff, 0xff, 0x1f, 0xf8, 0x81, 0x07, 0x86, 0x3f, 0x00, 0x3f, 0xe0, 0x87, 0x0f, 0x1e, 0xfc, 0xff, 
	0xff, 0xff, 0x3f, 0xf8, 0xc1, 0x07, 0x86, 0x3f, 0x04, 0x1f, 0xe0, 0x87, 0x0f, 0x0e, 0xfe, 0xff, 
	0xff, 0xff, 0x3f, 0xf0, 0xc0, 0x03, 0x87, 0x3f, 0x04, 0x1f, 0xc0, 0x87, 0x0f, 0x0e, 0xfe, 0xff, 
	0xff, 0xff, 0x7f, 0xf0, 0xe0, 0x03, 0x87, 0x3f, 0x04, 0x0f, 0xc0, 0x87, 0x0f, 0x06, 0xff, 0xff, 
	0xff, 0xff, 0x7f, 0x60, 0xf0, 0x81, 0x07, 0x1f, 0x04, 0x0f, 0x80, 0x87, 0x0f, 0x06, 0xff, 0xff, 
	0xff, 0xff, 0xff, 0x60, 0xf0, 0x81, 0x07, 0x1f, 0x04, 0x07, 0x80, 0x87, 0x0f, 0x86, 0xff, 0xff, 
	0xff, 0xff, 0xff, 0x00, 0xf0, 0xc0, 0x07, 0x1f, 0x06, 0x07, 0x03, 0x87, 0x0f, 0x82, 0xff, 0xff, 
	0xff, 0xff, 0xff, 0x01, 0xf8, 0xc0, 0x07, 0x1f, 0x86, 0x03, 0x03, 0x87, 0x0f, 0x80, 0xff, 0xff, 
	0xff, 0xff, 0xff, 0x01, 0x78, 0xe0, 0x0f, 0x1f, 0x86, 0x03, 0x07, 0x86, 0x0f, 0x80, 0xff, 0xff, 
	0xff, 0xff, 0xff, 0x03, 0x7c, 0xf0, 0x0f, 0x1f, 0x86, 0x81, 0x07, 0x86, 0x0f, 0x80, 0xff, 0xff, 
	0xff, 0xff, 0xff, 0x03, 0x3e, 0xf0, 0x0f, 0x0f, 0x86, 0x81, 0x0f, 0x84, 0x0f, 0x02, 0xff, 0xff, 
	0xff, 0xff, 0xff, 0x07, 0x3e, 0x00, 0x08, 0x0f, 0x06, 0xc0, 0x0f, 0x80, 0x0f, 0x06, 0xff, 0xff, 
	0xff, 0xff, 0xff, 0x07, 0x1e, 0x00, 0x08, 0x0e, 0x06, 0xc0, 0x1f, 0x80, 0x0f, 0x06, 0xfe, 0xff, 
	0xff, 0xff, 0xff, 0x07, 0x1e, 0x00, 0x08, 0x0e, 0x07, 0xe0, 0x1f, 0x80, 0x0f, 0x06, 0xfe, 0xff, 
	0xff, 0xff, 0xff, 0x03, 0x1c, 0x00, 0x08, 0x0e, 0x07, 0xe0, 0x1f, 0x80, 0x0f, 0x0e, 0xfc, 0xff, 
	0xff, 0xff, 0xff, 0x01, 0x1c, 0x00, 0x18, 0x0e, 0x07, 0xc0, 0x1f, 0x80, 0x0f, 0x0e, 0xfc, 0xff, 
	0xff, 0xff, 0xff, 0x01, 0x18, 0x00, 0x18, 0x0e, 0x07, 0xc0, 0x0f, 0x84, 0x0f, 0x1e, 0xf8, 0xff, 
	0xff, 0xff, 0xff, 0x00, 0x38, 0x00, 0x18, 0x06, 0x87, 0x81, 0x0f, 0x86, 0x0f, 0x1e, 0xf8, 0xff, 
	0xff, 0xff, 0xff, 0x00, 0x70, 0x30, 0x18, 0x06, 0x87, 0x81, 0x07, 0x86, 0x0f, 0x3e, 0xf0, 0xff, 
	0xff, 0xff, 0x7f, 0x60, 0x70, 0xf0, 0x1f, 0x06, 0x87, 0x03, 0x07, 0x87, 0x0f, 0x3e, 0xf0, 0xff, 
	0xff, 0xff, 0x7f, 0x70, 0x60, 0xe0, 0x1f, 0x86, 0x07, 0x03, 0x07, 0x07, 0x0f, 0x7e, 0xe0, 0xff, 
	0xff, 0xff, 0x7f, 0x70, 0xe0, 0xe0, 0x1f, 0x84, 0x07, 0x07, 0x83, 0x07, 0x0f, 0x7e, 0xe0, 0xff, 
	0xff, 0xff, 0x3f, 0xf8, 0xc0, 0xc0, 0x3f, 0x84, 0x07, 0x07, 0x80, 0x07, 0x07, 0x3e, 0xe0, 0xff, 
	0xff, 0xff, 0x1f, 0xf8, 0xc0, 0x81, 0x3f, 0x80, 0x07, 0x0f, 0xc0, 0x07, 0x06, 0x3e, 0xe0, 0xff, 
	0xff, 0xff, 0x1f, 0xfc, 0x81, 0x81, 0x3f, 0x80, 0x07, 0x0f, 0xc0, 0x07, 0x00, 0x1e, 0xf0, 0xff, 
	0xff, 0xff, 0x0f, 0xfc, 0x81, 0x03, 0x3f, 0x80, 0x07, 0x1f, 0xe0, 0x07, 0x00, 0x1f, 0xf0, 0xff, 
	0xff, 0xff, 0x0f, 0xfe, 0x03, 0x07, 0x3f, 0x80, 0x07, 0x1f, 0xe0, 0x0f, 0x80, 0x0f, 0xf8, 0xff, 
	0xff, 0xff, 0x07, 0xfe, 0x03, 0x07, 0x3e, 0xc0, 0x07, 0x3f, 0xf0, 0x1f, 0x80, 0x0f, 0xf8, 0xff, 
	0xff, 0xff, 0x07, 0xff, 0x07, 0x0f, 0x7e, 0xc0, 0x07, 0x7f, 0xf0, 0x1f, 0xc0, 0x07, 0xfc, 0xff, 
	0xff, 0xff, 0x03, 0xff, 0x07, 0x0f, 0x7c, 0xc0, 0x07, 0x7f, 0xf8, 0x3f, 0xc0, 0x07, 0xfc, 0xff, 
	0xff, 0xff, 0x83, 0xff, 0x8f, 0x0f, 0x7e, 0xc0, 0x07, 0xff, 0xf8, 0x7f, 0xe0, 0x07, 0xfe, 0xff, 
	0xff, 0xff, 0xc1, 0xff, 0x8f, 0x1f, 0x7f, 0xc0, 0x07, 0xff, 0xfc, 0x7f, 0xf0, 0x03, 0xfe, 0xff, 
	0xff, 0xff, 0xc1, 0xff, 0xdf, 0x3f, 0x7f, 0xe0, 0x87, 0xff, 0xfc, 0xff, 0xf0, 0x03, 0xff, 0xff, 
	0xff, 0xff, 0xc0, 0xff, 0xdf, 0x3f, 0xff, 0xff, 0xff, 0xff, 0xfc, 0xff, 0xf0, 0x01, 0xff, 0xff, 
	0xff, 0xff, 0x00, 0x00, 0x00, 0x00, 0xc0, 0xff, 0xff, 0x1f, 0x00, 0x00, 0x00, 0x80, 0xff, 0xff, 
	0xff, 0x7f, 0x00, 0x00, 0x00, 0x00, 0x80, 0xff, 0xff, 0x1f, 0x00, 0x00, 0x00, 0x80, 0xff, 0xff, 
	0xff, 0x7f, 0x00, 0x00, 0x00, 0x00, 0x80, 0xff, 0xff, 0x0f, 0x00, 0x00, 0x00, 0xc0, 0xff, 0xff, 
	0xff, 0x3f, 0x00, 0x00, 0x00, 0x00, 0x00, 0xff, 0xff, 0x8f, 0x00, 0x00, 0x00, 0xc0, 0xff, 0xff, 
	0xff, 0x3f, 0xf8, 0xff, 0xff, 0xff, 0x3f, 0x00, 0x00, 0xc0, 0xff, 0xff, 0xff, 0xff, 0xff, 0xff, 
	0xff, 0x1f, 0xfc, 0xff, 0xff, 0xff, 0x3f, 0x00, 0x00, 0xc0, 0xff, 0xff, 0xff, 0xff, 0xff, 0xff, 
	0xff, 0x1f, 0xfc, 0xff, 0xff, 0xff, 0x7f, 0x00, 0x00, 0xe0, 0xff, 0xff, 0xff, 0xff, 0xff, 0xff, 
	0xff, 0x0f, 0xfe, 0xff, 0xff, 0xff, 0x7f, 0x00, 0x00, 0xe0, 0xff, 0xff, 0xff, 0xff, 0xff, 0xff, 
	0xff, 0x0f, 0xfe, 0xff, 0xff, 0xff, 0xff, 0xff, 0xff, 0xff, 0xff, 0xff, 0xff, 0xff, 0xff, 0xff, 
	0xff, 0x07, 0xff, 0xff, 0xff, 0xff, 0xff, 0xff, 0xff, 0xff, 0xff, 0xff, 0xff, 0xff, 0xff, 0xff, 
	0xff, 0x07, 0xff, 0xff, 0xff, 0xff, 0xff, 0xff, 0xff, 0xff, 0xff, 0xff, 0xff, 0xff, 0xff, 0xff, 
	0xff, 0x87, 0xff, 0xff, 0xff, 0xff, 0xff, 0xff, 0xff, 0xff, 0xff, 0xff, 0xff, 0xff, 0xff, 0xff, 
	0xff, 0x87, 0xff, 0xff, 0xff, 0xff, 0xff, 0xff, 0xff, 0xff, 0xff, 0xff, 0xff, 0xff, 0xff, 0xff, 
	0xff, 0xcf, 0xff, 0xff, 0xff, 0xff, 0xff, 0xff, 0xff, 0xff, 0xff, 0xff, 0xff, 0xff, 0xff, 0xff, 
	0xff, 0xcf, 0xff, 0xff, 0xff, 0xff, 0xff, 0xff, 0xff, 0xff, 0xff, 0xff, 0xff, 0xff, 0xff, 0xff, 
	0xff, 0xff, 0xff, 0xff, 0xff, 0xff, 0xff, 0xff, 0xff, 0xff, 0xff, 0xff, 0xff, 0xff, 0xff, 0xff, 
	0xff, 0xff, 0xff, 0xff, 0xff, 0xff, 0xff, 0xff, 0xff, 0xff, 0xff, 0xff, 0xff, 0xff, 0xff, 0xff
};
#endif

#ifdef ENABLE_AMIDAR
  const uint8_t Amidar_Logo_bits[] PROGMEM = {
	0xff, 0xff, 0xff, 0xff, 0xff, 0xff, 0xff, 0xff, 0xff, 0xff, 0xff, 0xff, 0xff, 0xff, 0xff, 0xff, 
	0xff, 0xff, 0xff, 0xff, 0xff, 0xff, 0xff, 0xff, 0xff, 0xff, 0xff, 0xff, 0xff, 0xff, 0xff, 0xff, 
	0xff, 0xff, 0xff, 0x7f, 0xfc, 0xf9, 0xcb, 0x6f, 0x7f, 0xfe, 0xec, 0xff, 0xe3, 0xf3, 0xff, 0xff, 
	0xff, 0xff, 0xff, 0x7f, 0xfc, 0xf9, 0xcb, 0x6f, 0x7f, 0xfe, 0xec, 0xff, 0xe3, 0xf3, 0xff, 0xff, 
	0xff, 0xff, 0xff, 0x9f, 0x79, 0xfe, 0xa7, 0xf3, 0x80, 0x7f, 0xe3, 0xff, 0x1b, 0xf8, 0xff, 0xff, 
	0xff, 0xff, 0xff, 0x9f, 0x79, 0xfe, 0xa7, 0xf3, 0x80, 0x7f, 0xe3, 0xff, 0x1b, 0xf8, 0xff, 0xff, 
	0xff, 0xff, 0xff, 0x7f, 0xfb, 0xf5, 0xdd, 0xff, 0xff, 0xbd, 0xfe, 0xff, 0xe3, 0xff, 0xff, 0xff, 
	0xff, 0xff, 0xff, 0x7f, 0xfb, 0xf5, 0xdd, 0xff, 0xff, 0xbd, 0xfe, 0xff, 0xe3, 0xff, 0xff, 0xff, 
	0xff, 0xff, 0xff, 0xff, 0xfa, 0xf3, 0xff, 0xff, 0xff, 0xbf, 0xfe, 0xff, 0xf3, 0xff, 0xff, 0xff, 
	0xff, 0xff, 0xff, 0xff, 0xfa, 0xf3, 0xff, 0xff, 0xff, 0xbf, 0xfe, 0xff, 0xf3, 0xff, 0xff, 0xff, 
	0xff, 0xff, 0xff, 0xff, 0xfd, 0xef, 0xff, 0xff, 0xff, 0xff, 0xff, 0xff, 0xfb, 0xff, 0xff, 0xff, 
	0xff, 0xff, 0xff, 0xff, 0xfd, 0xef, 0xff, 0xff, 0xff, 0xff, 0xff, 0xff, 0xfb, 0xff, 0xff, 0xff, 
	0xff, 0xff, 0xff, 0xff, 0xff, 0xff, 0xff, 0xff, 0xff, 0xff, 0xff, 0xff, 0xfb, 0xff, 0xff, 0xff, 
	0xff, 0xff, 0xff, 0xff, 0xff, 0xff, 0xff, 0xff, 0xff, 0xff, 0xff, 0xff, 0xfb, 0xff, 0xff, 0xff, 
	0xff, 0xff, 0xff, 0xff, 0xff, 0xdf, 0xff, 0xfb, 0xc1, 0xff, 0xdf, 0xff, 0xfb, 0xff, 0xff, 0xff, 
	0xff, 0xff, 0xff, 0xff, 0xff, 0xdf, 0xff, 0xfb, 0xc1, 0xff, 0xdf, 0xff, 0xfb, 0xff, 0xff, 0xff, 
	0xff, 0xff, 0xff, 0xe7, 0xaf, 0xcf, 0xf5, 0x75, 0xff, 0xfc, 0xb3, 0xff, 0x7b, 0x7e, 0xfe, 0xff, 
	0xff, 0xff, 0xff, 0xe7, 0xaf, 0xcf, 0xf5, 0x75, 0xff, 0xfc, 0xb3, 0xff, 0x7b, 0x7e, 0xfe, 0xff, 
	0xff, 0xff, 0xff, 0xf0, 0xcf, 0xfe, 0xd9, 0xf9, 0x00, 0xfe, 0x85, 0xff, 0xfb, 0x01, 0xfe, 0xff, 
	0xff, 0xff, 0xff, 0xf0, 0xcf, 0xfe, 0xd9, 0xf9, 0x00, 0xfe, 0x85, 0xff, 0xfb, 0x01, 0xfe, 0xff, 
	0xff, 0xff, 0x3f, 0xa0, 0x03, 0x7f, 0xe0, 0x61, 0x00, 0xf8, 0x03, 0xfe, 0x7b, 0x00, 0xf8, 0xff, 
	0xff, 0xff, 0x3f, 0xa0, 0x03, 0x7f, 0xe0, 0x61, 0x00, 0xf8, 0x03, 0xfe, 0x7b, 0x00, 0xf8, 0xff, 
	0xff, 0xff, 0x1f, 0xc0, 0x03, 0x7e, 0xc0, 0x61, 0x00, 0xe0, 0x01, 0xfc, 0x7b, 0x00, 0xe0, 0xff, 
	0xff, 0xff, 0x1f, 0xc0, 0x03, 0x7e, 0xc0, 0x61, 0x00, 0xe0, 0x01, 0xfc, 0x7b, 0x00, 0xe0, 0xff, 
	0xff, 0xff, 0x1f, 0xc0, 0x03, 0x3e, 0xc0, 0x61, 0x00, 0xe0, 0x01, 0xfc, 0x7b, 0x00, 0xe0, 0xff, 
	0xff, 0xff, 0x1f, 0xc0, 0x03, 0x3e, 0xc0, 0x61, 0x00, 0xe0, 0x01, 0xfc, 0x7b, 0x00, 0xe0, 0xff, 
	0xff, 0xff, 0x0f, 0x86, 0x01, 0x3e, 0xc0, 0x61, 0xf8, 0xc0, 0x21, 0xf8, 0x7b, 0xf8, 0xc0, 0xff, 
	0xff, 0xff, 0x0f, 0x86, 0x01, 0x3e, 0xc0, 0x61, 0xf8, 0xc0, 0x21, 0xf8, 0x7b, 0xf8, 0xc0, 0xff, 
	0xff, 0xff, 0x07, 0x86, 0x01, 0x3c, 0xc0, 0x61, 0xf8, 0xc1, 0x61, 0xf0, 0x7b, 0xf8, 0xc3, 0xff, 
	0xff, 0xff, 0x07, 0x86, 0x01, 0x3c, 0xc0, 0x61, 0xf8, 0xc1, 0x61, 0xf0, 0x7b, 0xf8, 0xc3, 0xff, 
	0xff, 0xff, 0x83, 0x87, 0x01, 0x1c, 0xc0, 0x61, 0xf8, 0xc3, 0x61, 0xe0, 0x7b, 0xf8, 0xc3, 0xff, 
	0xff, 0xff, 0x83, 0x87, 0x01, 0x1c, 0xc0, 0x61, 0xf8, 0xc3, 0x61, 0xe0, 0x7b, 0xf8, 0xc3, 0xff, 
	0xff, 0xff, 0x83, 0x87, 0x01, 0x18, 0xc2, 0x61, 0xf8, 0xc3, 0xe1, 0xe0, 0x7b, 0xf8, 0xc3, 0xff, 
	0xff, 0xff, 0x83, 0x87, 0x01, 0x18, 0xc2, 0x61, 0xf8, 0xc3, 0xe1, 0xe0, 0x7b, 0xf8, 0xc3, 0xff, 
	0xff, 0xff, 0xc1, 0x87, 0x41, 0x08, 0xc2, 0x61, 0xf8, 0xc3, 0xe1, 0xc1, 0x7b, 0xf8, 0xc3, 0xff, 
	0xff, 0xff, 0xc1, 0x87, 0x41, 0x08, 0xc2, 0x61, 0xf8, 0xc3, 0xe1, 0xc1, 0x7b, 0xf8, 0xc3, 0xff, 
	0xff, 0xff, 0x41, 0x86, 0x41, 0x00, 0x43, 0x61, 0xf8, 0xc3, 0x61, 0x82, 0x7c, 0xf8, 0xc3, 0xff, 
	0xff, 0xff, 0x41, 0x86, 0x41, 0x00, 0x43, 0x61, 0xf8, 0xc3, 0x61, 0x82, 0x7c, 0xf8, 0xc3, 0xff, 
	0xff, 0xff, 0x00, 0x84, 0x41, 0x80, 0xc3, 0x61, 0xf8, 0xc3, 0x01, 0x80, 0x7f, 0xf8, 0xc0, 0xff, 
	0xff, 0xff, 0x00, 0x84, 0x41, 0x80, 0xc3, 0x61, 0xf8, 0xc3, 0x01, 0x80, 0x7f, 0xf8, 0xc0, 0xff, 
	0xff, 0x7f, 0x00, 0x84, 0xc1, 0x80, 0xc3, 0x61, 0xf8, 0xc3, 0x01, 0x00, 0x7f, 0xf8, 0xe0, 0xff, 
	0xff, 0x7f, 0x00, 0x84, 0xc1, 0x80, 0xc3, 0x61, 0xf8, 0xc3, 0x01, 0x00, 0x7f, 0xf8, 0xe0, 0xff, 
	0xff, 0x5e, 0x18, 0x80, 0xc1, 0x81, 0xc3, 0x61, 0xf8, 0xc3, 0x01, 0x00, 0x7e, 0x78, 0x20, 0xff, 
	0xff, 0x5e, 0x18, 0x80, 0xc1, 0x81, 0xc3, 0x61, 0xf8, 0xc3, 0x01, 0x00, 0x7e, 0x78, 0x20, 0xff, 
	0xff, 0x3f, 0x18, 0x80, 0xc1, 0xc1, 0xc3, 0x61, 0xf8, 0xc3, 0x01, 0x18, 0x7c, 0x38, 0xf8, 0xff, 
	0xff, 0x3f, 0x18, 0x80, 0xc1, 0xc1, 0xc3, 0x61, 0xf8, 0xc3, 0x01, 0x18, 0x7c, 0x38, 0xf8, 0xff, 
	0xff, 0x1f, 0x1c, 0x84, 0xc1, 0xc3, 0xc3, 0x61, 0xf8, 0xc3, 0x01, 0x1c, 0x7c, 0x38, 0xf8, 0xff, 
	0xff, 0x1f, 0x1c, 0x84, 0xc1, 0xc3, 0xc3, 0x61, 0xf8, 0xc3, 0x01, 0x1c, 0x7c, 0x38, 0xf8, 0xff, 
	0xff, 0x1f, 0x3c, 0x86, 0xc1, 0xc3, 0xc3, 0x61, 0xf8, 0xc3, 0x21, 0x3c, 0x78, 0x38, 0xf8, 0xff, 
	0xff, 0x1f, 0x3c, 0x86, 0xc1, 0xc3, 0xc3, 0x61, 0xf8, 0xc3, 0x21, 0x3c, 0x78, 0x38, 0xf8, 0xff, 
	0xff, 0x0f, 0xfe, 0x07, 0xc1, 0xe3, 0xc3, 0x61, 0xf8, 0xc3, 0xe1, 0x3f, 0x38, 0x38, 0xf8, 0xff, 
	0xff, 0x0f, 0xfe, 0x07, 0xc1, 0xe3, 0xc3, 0x61, 0xf8, 0xc3, 0xe1, 0x3f, 0x38, 0x38, 0xf8, 0xff, 
	0xff, 0x07, 0xff, 0x87, 0xc1, 0xe7, 0xc3, 0x61, 0xf8, 0xc1, 0xe1, 0x7f, 0x60, 0x38, 0x18, 0xe0, 
	0xff, 0x07, 0xff, 0x87, 0xc1, 0xe7, 0xc3, 0x61, 0xf8, 0xc1, 0xe1, 0x7f, 0x60, 0x38, 0x18, 0xe0, 
	0x01, 0x80, 0xff, 0x07, 0xc0, 0xff, 0x03, 0x00, 0x18, 0x20, 0xe0, 0xff, 0x00, 0x78, 0xe0, 0xff, 
	0x01, 0x80, 0xff, 0x07, 0xc0, 0xff, 0x03, 0x00, 0x18, 0x20, 0xe0, 0xff, 0x00, 0x78, 0xe0, 0xff, 
	0x01, 0x80, 0xff, 0x07, 0xc0, 0xff, 0x03, 0x00, 0x18, 0x20, 0xe0, 0xff, 0x01, 0x78, 0x00, 0x80, 
	0x01, 0x80, 0xff, 0x07, 0xc0, 0xff, 0x03, 0x00, 0x18, 0x20, 0xe0, 0xff, 0x01, 0x78, 0x00, 0x80, 
	0x01, 0xc0, 0xff, 0x07, 0xe0, 0xff, 0x03, 0x10, 0x18, 0x10, 0xf0, 0xff, 0x01, 0xf8, 0x00, 0x00, 
	0x01, 0xc0, 0xff, 0x07, 0xe0, 0xff, 0x03, 0x10, 0x18, 0x10, 0xf0, 0xff, 0x01, 0xf8, 0x00, 0x00, 
	0x01, 0xe0, 0xff, 0x0f, 0xe0, 0xff, 0x07, 0x08, 0x1c, 0x04, 0xf8, 0xff, 0x03, 0xfc, 0x01, 0x80, 
	0x01, 0xe0, 0xff, 0x0f, 0xe0, 0xff, 0x07, 0x08, 0x1c, 0x04, 0xf8, 0xff, 0x03, 0xfc, 0x01, 0x80, 
	0x03, 0xfc, 0xff, 0x3f, 0xf8, 0xff, 0x1f, 0x06, 0xff, 0x03, 0xfe, 0xff, 0x1f, 0xfe, 0x0f, 0xc0, 
	0x03, 0xfc, 0xff, 0x3f, 0xf8, 0xff, 0x1f, 0x06, 0xff, 0x03, 0xfe, 0xff, 0x1f, 0xfe, 0x0f, 0xc0
};
#endif

#ifdef ENABLE_SCRAMBLE
const uint8_t Scramble_Logo_bits[] PROGMEM = {
	0xff, 0xff, 0xff, 0xff, 0xff, 0xff, 0xff, 0xff, 0xff, 0xff, 0xff, 0xff, 0xff, 0xff, 0xff, 0xff, 
	0xff, 0xff, 0xff, 0xff, 0xff, 0xff, 0xff, 0xff, 0xff, 0xff, 0xff, 0xff, 0xff, 0xff, 0xff, 0xff, 
	0xff, 0xff, 0xff, 0xff, 0xff, 0xff, 0xff, 0xff, 0xff, 0xff, 0xff, 0xff, 0xff, 0xff, 0xff, 0xff, 
	0xff, 0xff, 0xff, 0xff, 0xff, 0xff, 0xff, 0xff, 0xff, 0xff, 0xff, 0xff, 0xff, 0xff, 0xff, 0xff, 
	0xff, 0xff, 0xff, 0xff, 0xff, 0xff, 0xff, 0xff, 0xff, 0xff, 0xff, 0xff, 0xff, 0xff, 0xff, 0xff, 
	0xff, 0xff, 0xff, 0xff, 0xff, 0xff, 0xff, 0xff, 0xff, 0xff, 0xff, 0xff, 0xff, 0xff, 0xff, 0xff, 
	0xff, 0xff, 0xff, 0xff, 0xff, 0xff, 0xff, 0xff, 0xff, 0xff, 0xff, 0xff, 0xff, 0xff, 0xff, 0xff, 
	0xff, 0xff, 0xff, 0xff, 0xff, 0xff, 0xff, 0xff, 0xff, 0xff, 0xff, 0xff, 0xff, 0xff, 0xff, 0xff, 
	0xff, 0xff, 0xff, 0xff, 0xff, 0xff, 0xff, 0xff, 0xff, 0xff, 0xff, 0xff, 0xff, 0xff, 0xff, 0xff, 
	0xff, 0xff, 0xff, 0xff, 0xff, 0xff, 0xff, 0xff, 0xff, 0xff, 0xff, 0xff, 0xff, 0xff, 0xff, 0xff, 
	0xff, 0xff, 0xff, 0xff, 0xff, 0xff, 0xff, 0xff, 0xff, 0xff, 0xff, 0xff, 0x3f, 0xfe, 0xff, 0xff, 
	0xff, 0xff, 0xff, 0xff, 0xff, 0xff, 0xff, 0xff, 0xff, 0xff, 0xff, 0xff, 0x3f, 0xfe, 0xff, 0xff, 
	0xff, 0xff, 0xff, 0xff, 0xff, 0xff, 0xff, 0xff, 0xff, 0xff, 0xff, 0xff, 0x3f, 0xfc, 0xff, 0xff, 
	0xff, 0xf1, 0xff, 0xc3, 0xff, 0xff, 0xff, 0xff, 0xff, 0xff, 0xff, 0xff, 0x7f, 0xfc, 0xff, 0xff, 
	0x7f, 0xc0, 0xff, 0x00, 0xff, 0xff, 0x7f, 0xfc, 0x7f, 0x3e, 0xff, 0x01, 0x7e, 0xfc, 0x03, 0xf8, 
	0x7f, 0xc0, 0x7f, 0x00, 0x1f, 0xfc, 0x7f, 0xfc, 0x7f, 0x3e, 0xfe, 0x01, 0x7e, 0xfc, 0x01, 0xf8, 
	0x3f, 0x80, 0x3f, 0x00, 0x0e, 0xf0, 0x7f, 0xfc, 0x3f, 0x3e, 0xfe, 0x01, 0x7c, 0xfc, 0x01, 0xf8, 
	0x3f, 0x80, 0x3f, 0x00, 0x0e, 0xf0, 0x3f, 0xfc, 0x3f, 0x3e, 0xfe, 0x01, 0x7c, 0xfc, 0x01, 0xf8, 
	0x3f, 0x80, 0x1f, 0x00, 0x0e, 0xe0, 0x3f, 0xfc, 0x3f, 0x1c, 0xfe, 0x01, 0x7c, 0xfc, 0x03, 0xf8, 
	0x3f, 0xc4, 0x1f, 0x1c, 0x0f, 0xe1, 0x3f, 0xf8, 0x3f, 0x1c, 0xfe, 0x71, 0x7c, 0xfc, 0x83, 0xfc, 
	0x1f, 0xde, 0x0f, 0xfe, 0x8f, 0xc3, 0x3f, 0xf8, 0x3f, 0x1c, 0xfc, 0x71, 0x7c, 0xfc, 0xc7, 0xff, 
	0x1f, 0xfe, 0x0f, 0xff, 0x1f, 0xc7, 0x3f, 0xf8, 0x3f, 0x1c, 0xfc, 0x71, 0x7c, 0xfc, 0x87, 0xff, 
	0x1f, 0xfe, 0x8f, 0xff, 0x1f, 0xc7, 0x3f, 0xf8, 0x1f, 0x1c, 0xfc, 0x71, 0x7c, 0xfc, 0x8f, 0xff, 
	0x1f, 0xfe, 0x87, 0xff, 0x1f, 0xc7, 0x1f, 0xf8, 0x1f, 0x1c, 0xfc, 0x71, 0x7e, 0xfc, 0x0f, 0xff, 
	0x1f, 0xfe, 0x87, 0xff, 0x3f, 0xc6, 0x1f, 0xf8, 0x1f, 0x18, 0xfc, 0x31, 0x7e, 0xfc, 0x1f, 0xfe, 
	0x3f, 0xfc, 0xc7, 0xff, 0x3f, 0xc6, 0x1f, 0xf1, 0x1f, 0x08, 0xf8, 0x31, 0x7e, 0xfc, 0x3f, 0xfe, 
	0x3f, 0xf8, 0xc7, 0xff, 0x7f, 0xc6, 0x9f, 0xf1, 0x1f, 0x08, 0xf8, 0x31, 0x7c, 0xfc, 0x3f, 0xfc, 
	0x3f, 0xf0, 0xc7, 0xff, 0x7f, 0xc6, 0x9f, 0xf1, 0x9f, 0x88, 0xf8, 0x19, 0x7c, 0xfc, 0x17, 0xfc, 
	0x3f, 0xe0, 0xc7, 0xff, 0x3f, 0xc0, 0x9f, 0xf1, 0x8f, 0x8d, 0xf8, 0x19, 0x78, 0xfc, 0x03, 0xf8, 
	0x3f, 0xc0, 0xc7, 0xff, 0x1f, 0xc0, 0x8f, 0xf3, 0x8f, 0xcd, 0xf8, 0x09, 0x78, 0xfc, 0x03, 0xf8, 
	0x3f, 0x80, 0xc7, 0xff, 0x0f, 0xe0, 0x8f, 0xf3, 0x8f, 0xcf, 0xf1, 0x01, 0x78, 0xfc, 0x03, 0xf8, 
	0x3f, 0x81, 0xc7, 0xff, 0x0f, 0xe0, 0xcf, 0xf3, 0x8f, 0xc7, 0xf1, 0x81, 0x70, 0xfc, 0x03, 0xfc, 
	0x1f, 0x03, 0xc7, 0xff, 0x0f, 0xf0, 0x0f, 0x00, 0xcc, 0xc0, 0xf1, 0x81, 0x70, 0xfc, 0xc3, 0xff, 
	0x1f, 0x07, 0xc7, 0xff, 0x0f, 0xf0, 0x0f, 0x00, 0xcc, 0xc0, 0xf1, 0xc1, 0x71, 0xfc, 0xe3, 0xff, 
	0x1f, 0x0f, 0xc7, 0xff, 0x0f, 0xf0, 0x0f, 0x00, 0xcc, 0xc0, 0xf1, 0xc1, 0x71, 0xfc, 0xe3, 0xff, 
	0x0f, 0x1f, 0xc7, 0xff, 0x8f, 0xf1, 0x0f, 0x00, 0xcc, 0xc0, 0xe3, 0xe1, 0x71, 0xfc, 0xe3, 0xff, 
	0x0f, 0x1f, 0x87, 0xff, 0x8f, 0xf3, 0x07, 0x0c, 0xc6, 0xfe, 0xe3, 0xf1, 0x71, 0xfc, 0xe3, 0xff, 
	0x8f, 0x1f, 0x8e, 0xff, 0x8f, 0xe3, 0x07, 0xfc, 0xc7, 0xff, 0xe3, 0xf9, 0x71, 0xfc, 0xe3, 0xff, 
	0x8f, 0x1f, 0x8e, 0xff, 0x8f, 0xe3, 0x07, 0xcc, 0xc7, 0xff, 0xe3, 0xf1, 0x71, 0xfc, 0xe3, 0xff, 
	0x8f, 0x1f, 0x0f, 0xff, 0x8f, 0xe3, 0x67, 0xcc, 0xe7, 0xe7, 0xe3, 0xf1, 0x71, 0xfc, 0xe3, 0xff, 
	0x8f, 0x1f, 0x1f, 0x7e, 0x8f, 0xc7, 0x67, 0xc0, 0xe7, 0xc7, 0xc7, 0xf1, 0x71, 0xf8, 0xe3, 0xff, 
	0x0f, 0x1f, 0x1f, 0x3c, 0x8e, 0xc7, 0xe3, 0xc0, 0xe7, 0xc7, 0xc3, 0xf1, 0x70, 0xf8, 0xe3, 0xff, 
	0x0f, 0x0f, 0x1f, 0x00, 0x8e, 0xc7, 0xe3, 0xc1, 0xe3, 0x07, 0xc0, 0x01, 0x70, 0xc0, 0x03, 0xf8, 
	0x1f, 0x0e, 0x3f, 0x00, 0x8e, 0x8f, 0xe3, 0x81, 0xe3, 0x07, 0xc0, 0x01, 0x78, 0x80, 0x03, 0xf8, 
	0x1f, 0x80, 0x3f, 0x00, 0x8e, 0x8f, 0xe3, 0x83, 0xe3, 0x07, 0xc0, 0x01, 0x78, 0x80, 0x03, 0xf8, 
	0x1f, 0x80, 0x7f, 0x00, 0x8e, 0x8f, 0xe3, 0x87, 0xe3, 0x0f, 0xc0, 0x01, 0x7c, 0x80, 0x03, 0xf8, 
	0x3f, 0xc0, 0xff, 0x00, 0x8f, 0x0f, 0xe3, 0x8f, 0xf3, 0x0f, 0xc0, 0x01, 0x7c, 0x80, 0x03, 0xf8, 
	0x7f, 0xe0, 0xff, 0x81, 0x8f, 0x1f, 0xf7, 0x8f, 0xf3, 0x0f, 0xe0, 0x01, 0xfe, 0xc0, 0x07, 0xf8, 
	0xff, 0xf1, 0xff, 0xff, 0x0f, 0x1f, 0xff, 0xdf, 0xf1, 0xff, 0xff, 0xff, 0xff, 0xff, 0xff, 0xff, 
	0xff, 0xff, 0xff, 0xff, 0x0f, 0x1f, 0xfe, 0xff, 0xf1, 0xff, 0xff, 0xff, 0xff, 0xff, 0xff, 0xff, 
	0xff, 0xff, 0xff, 0xff, 0x1f, 0x3f, 0xfe, 0xff, 0xf1, 0xff, 0xff, 0xff, 0xff, 0xff, 0xff, 0xff, 
	0xff, 0xff, 0xff, 0xff, 0x1f, 0x3f, 0xfe, 0xff, 0xf1, 0xff, 0xff, 0xff, 0xff, 0xff, 0xff, 0xff, 
	0xff, 0xff, 0xff, 0xff, 0xff, 0xff, 0xff, 0xff, 0xff, 0xff, 0xff, 0xff, 0xff, 0xff, 0xff, 0xff, 
	0xff, 0xff, 0xff, 0xff, 0xff, 0xff, 0xff, 0xff, 0xff, 0xff, 0xff, 0xff, 0xff, 0xff, 0xff, 0xff, 
	0xff, 0xff, 0xff, 0xff, 0xff, 0xff, 0xff, 0xff, 0xff, 0xff, 0xff, 0xff, 0xff, 0xff, 0xff, 0xff, 
	0xff, 0xff, 0xff, 0xff, 0xff, 0xff, 0xff, 0xff, 0xff, 0xff, 0xff, 0xff, 0xff, 0xff, 0xff, 0xff, 
	0xff, 0xff, 0xff, 0xff, 0xff, 0xff, 0xff, 0xff, 0xff, 0xff, 0xff, 0xff, 0xff, 0xff, 0xff, 0xff, 
	0xff, 0xff, 0xff, 0xff, 0xff, 0xff, 0xff, 0xff, 0xff, 0xff, 0xff, 0xff, 0xff, 0xff, 0xff, 0xff, 
	0xff, 0xff, 0xff, 0xff, 0xff, 0xff, 0xff, 0xff, 0xff, 0xff, 0xff, 0xff, 0xff, 0xff, 0xff, 0xff, 
	0xff, 0xff, 0xff, 0xff, 0xff, 0xff, 0xff, 0xff, 0xff, 0xff, 0xff, 0xff, 0xff, 0xff, 0xff, 0xff, 
	0xff, 0xff, 0xff, 0xff, 0xff, 0xff, 0xff, 0xff, 0xff, 0xff, 0xff, 0xff, 0xff, 0xff, 0xff, 0xff, 
	0xff, 0xff, 0xff, 0xff, 0xff, 0xff, 0xff, 0xff, 0xff, 0xff, 0xff, 0xff, 0xff, 0xff, 0xff, 0xff, 
	0xff, 0xff, 0xff, 0xff, 0xff, 0xff, 0xff, 0xff, 0xff, 0xff, 0xff, 0xff, 0xff, 0xff, 0xff, 0xff, 
	0xff, 0xff, 0xff, 0xff, 0xff, 0xff, 0xff, 0xff, 0xff, 0xff, 0xff, 0xff, 0xff, 0xff, 0xff, 0xff
	};
#endif

#ifdef ENABLE_TURTLES
const uint8_t Turtles_Logo_bits[] PROGMEM = {
  0x00, 0x00, 0x00, 0x00, 0x00, 0x00, 0x00, 0x00, 0x00, 0x00, 0x00, 0x00, 0x00, 0x00, 0x00, 0x00,
  0x00, 0x00, 0x00, 0x00, 0x00, 0x00, 0x00, 0x00, 0x00, 0x00, 0x00, 0x00, 0x00, 0x00, 0x00, 0x00,
  0x00, 0x00, 0x00, 0x00, 0x00, 0x00, 0x00, 0x00, 0x00, 0x00, 0x00, 0x00, 0x00, 0x00, 0x00, 0x00,
  0x00, 0x00, 0x00, 0x00, 0x00, 0x00, 0x00, 0x00, 0x00, 0x00, 0x00, 0x00, 0x00, 0x00, 0x00, 0x00,
  0x00, 0x00, 0x00, 0x00, 0x00, 0x00, 0x00, 0x00, 0x00, 0x00, 0x00, 0x00, 0x00, 0x00, 0x00, 0x00,
  0x00, 0x00, 0x00, 0x00, 0x00, 0x00, 0x00, 0x00, 0x00, 0x00, 0x00, 0x00, 0x00, 0x00, 0x00, 0x00,
  0x00, 0x00, 0x00, 0x00, 0x00, 0x00, 0x00, 0x00, 0x00, 0x00, 0x00, 0x00, 0x00, 0x00, 0x00, 0x00,
  0x00, 0x00, 0x00, 0x00, 0x00, 0x00, 0x00, 0x00, 0x00, 0x00, 0x00, 0x00, 0x00, 0x00, 0x00, 0x00,
  0x00, 0x00, 0x00, 0x00, 0x00, 0x00, 0x00, 0x00, 0x00, 0x00, 0x00, 0x00, 0x00, 0x00, 0x00, 0x00,
  0x00, 0x00, 0x00, 0x00, 0x00, 0x00, 0x00, 0x00, 0x00, 0x00, 0x00, 0x00, 0x00, 0x00, 0x00, 0x00,
  0x00, 0x00, 0x00, 0x00, 0x00, 0x00, 0x00, 0x00, 0x00, 0x00, 0x00, 0x00, 0x00, 0x00, 0x00, 0x00,
  0x00, 0x00, 0x00, 0x00, 0x00, 0x00, 0x00, 0x00, 0x00, 0x00, 0x00, 0x00, 0x00, 0x00, 0x00, 0x00,
  0x00, 0x00, 0x00, 0x00, 0x00, 0x00, 0x00, 0x00, 0x00, 0x00, 0x00, 0x00, 0x00, 0x00, 0x00, 0x00,
  0x00, 0x00, 0x00, 0x00, 0x00, 0x00, 0x00, 0x00, 0x00, 0x00, 0x00, 0x00, 0x00, 0x00, 0x00, 0x00,
  0x00, 0x00, 0x00, 0x00, 0x00, 0x00, 0x00, 0x00, 0x00, 0x00, 0x00, 0x00, 0x00, 0x00, 0x00, 0x00,
  0x00, 0x00, 0x00, 0x00, 0x00, 0x00, 0x00, 0x00, 0x00, 0x00, 0x00, 0x00, 0x00, 0x00, 0x00, 0x00,
  0x00, 0x00, 0x00, 0x00, 0x00, 0x00, 0x00, 0xf0, 0x00, 0x00, 0x00, 0x00, 0x00, 0x00, 0x00, 0x00,
  0x00, 0x00, 0x00, 0x00, 0x00, 0x00, 0x00, 0xf8, 0x03, 0x00, 0x00, 0x00, 0x00, 0x00, 0x00, 0x00,
  0x00, 0x00, 0x00, 0x00, 0x00, 0x00, 0x00, 0xf8, 0x0f, 0x00, 0x00, 0x00, 0x00, 0x00, 0xf0, 0x07,
  0xc0, 0x1f, 0xf0, 0xc7, 0x07, 0x00, 0x00, 0xf8, 0x3f, 0x00, 0x3c, 0x00, 0xf8, 0x01, 0xfc, 0x0f,
  0xf0, 0xff, 0xff, 0xef, 0x1f, 0x00, 0xfe, 0xf1, 0xff, 0xff, 0x7c, 0xc0, 0xff, 0x07, 0xfe, 0x0f,
  0xf8, 0xff, 0xff, 0xef, 0x1f, 0xcf, 0xff, 0xcf, 0xff, 0xff, 0xff, 0xe0, 0xff, 0x87, 0xff, 0x0f,
  0xf8, 0xff, 0xff, 0xef, 0x9f, 0xef, 0xff, 0x9f, 0xff, 0xff, 0xff, 0xe0, 0xff, 0xc7, 0xff, 0x07,
  0xf8, 0xff, 0xff, 0xff, 0xff, 0xef, 0xff, 0xbf, 0xff, 0xff, 0xff, 0xe0, 0xff, 0xe7, 0xff, 0x03,
  0xf8, 0xff, 0xff, 0xff, 0xff, 0xff, 0xff, 0xbf, 0xff, 0xff, 0xff, 0xf0, 0xff, 0xf7, 0xff, 0x01,
  0xf8, 0xff, 0xff, 0xff, 0xdf, 0xff, 0xff, 0xbf, 0xff, 0xff, 0xff, 0xf0, 0xff, 0xf3, 0x7f, 0x00,
  0xf8, 0xff, 0xff, 0xff, 0xcf, 0xff, 0xff, 0x3f, 0xff, 0xff, 0xfb, 0xf0, 0x03, 0xf8, 0x3f, 0x00,
  0xf0, 0xe0, 0x0f, 0xf7, 0xcf, 0xff, 0xef, 0x3f, 0xfc, 0xff, 0xfb, 0xf0, 0xf7, 0xf8, 0x3f, 0x00,
  0x00, 0xe0, 0x0f, 0xf0, 0xcf, 0xff, 0xc7, 0x3f, 0xf8, 0x3f, 0xfc, 0xf0, 0xff, 0xf9, 0xff, 0x00,
  0x00, 0xe0, 0x0f, 0xf0, 0xc7, 0xff, 0xc7, 0x3f, 0xf8, 0x83, 0x7f, 0xf0, 0xff, 0xf1, 0xff, 0x03,
  0x00, 0xe0, 0x0f, 0xf0, 0xc7, 0xff, 0xff, 0x1f, 0xfc, 0x81, 0x7f, 0xf0, 0xff, 0xe1, 0xff, 0x07,
  0x00, 0xe0, 0x0f, 0xf8, 0xc7, 0xff, 0xff, 0x1f, 0xfc, 0x81, 0x7f, 0xf0, 0xff, 0x81, 0xff, 0x0f,
  0x00, 0xe0, 0x0f, 0xf8, 0xc3, 0xff, 0xff, 0x0f, 0xfc, 0xc1, 0x3f, 0xf0, 0xff, 0x00, 0xfc, 0x0f,
  0x00, 0xe0, 0x0f, 0xfc, 0xc3, 0xff, 0xff, 0x0f, 0xfc, 0xc1, 0x1f, 0xf0, 0x71, 0x08, 0xf0, 0x0f,
  0x00, 0xe0, 0x0f, 0xfc, 0xe3, 0xff, 0xc7, 0x3f, 0xfe, 0xc1, 0xdf, 0xe3, 0x0f, 0x1f, 0xf0, 0x0f,
  0x00, 0xe0, 0x1f, 0xfc, 0xff, 0xff, 0xc7, 0x7f, 0xfe, 0xe1, 0xff, 0xff, 0xff, 0x3f, 0xf8, 0x0f,
  0x00, 0xe0, 0x1f, 0xfc, 0xff, 0xff, 0x87, 0x7f, 0xfe, 0xe1, 0xff, 0xff, 0xff, 0x3f, 0xfc, 0x0f,
  0x00, 0xe0, 0x1f, 0xfc, 0xff, 0xff, 0x87, 0xff, 0xfe, 0xf3, 0xff, 0xff, 0xff, 0x3f, 0xfe, 0x07,
  0x00, 0xf0, 0x0f, 0xf8, 0xff, 0xff, 0x0f, 0xff, 0xfe, 0xf3, 0xff, 0xff, 0xff, 0x3f, 0xff, 0x07,
  0x00, 0xf0, 0x0f, 0xf0, 0xff, 0xff, 0x0f, 0xff, 0xfe, 0xf3, 0xff, 0xff, 0xff, 0xbf, 0xff, 0x03,
  0x00, 0xf0, 0x0f, 0xc0, 0xff, 0xf7, 0x0f, 0xff, 0xfc, 0xf3, 0xff, 0xbf, 0xff, 0xff, 0xff, 0x01,
  0x00, 0xf0, 0x07, 0x00, 0xff, 0xf0, 0x07, 0x7e, 0xfc, 0xc3, 0xff, 0x1f, 0xfe, 0xff, 0xff, 0x00,
  0x00, 0xf0, 0x03, 0x00, 0x00, 0xf0, 0x03, 0x38, 0xf8, 0x01, 0xfe, 0x0f, 0xe0, 0xf1, 0x7f, 0x00,
  0x00, 0x00, 0x00, 0x00, 0x00, 0x00, 0x00, 0x00, 0x00, 0x00, 0x00, 0x00, 0x00, 0xf0, 0x3f, 0x00,
  0x00, 0x00, 0x00, 0x00, 0x00, 0x00, 0x00, 0x00, 0x00, 0x00, 0x00, 0x00, 0x00, 0xe0, 0x1f, 0x00,
  0x00, 0x00, 0x00, 0x00, 0x00, 0x00, 0x00, 0x00, 0x00, 0x00, 0x00, 0x00, 0x00, 0xc0, 0x07, 0x00,
  0x00, 0x00, 0x00, 0x00, 0x00, 0x00, 0x00, 0x00, 0x00, 0x00, 0x00, 0x00, 0x00, 0x00, 0x00, 0x00,
  0x00, 0x00, 0x00, 0x00, 0x00, 0x00, 0x00, 0x00, 0x00, 0x00, 0x00, 0x00, 0x00, 0x00, 0x00, 0x00,
  0x00, 0x00, 0x00, 0x00, 0x00, 0x00, 0x00, 0x00, 0x00, 0x00, 0x00, 0x00, 0x00, 0x00, 0x00, 0x00,
  0x00, 0x00, 0x00, 0x00, 0x00, 0x00, 0x00, 0x00, 0x00, 0x00, 0x00, 0x00, 0x00, 0x00, 0x00, 0x00,
  0x00, 0x00, 0x00, 0x00, 0x00, 0x00, 0x00, 0x00, 0x00, 0x00, 0x00, 0x00, 0x00, 0x00, 0x00, 0x00,
  0x00, 0x00, 0x00, 0x00, 0x00, 0x00, 0x00, 0x00, 0x00, 0x00, 0x00, 0x00, 0x00, 0x00, 0x00, 0x00,
  0x00, 0x00, 0x00, 0x00, 0x00, 0x00, 0x00, 0x00, 0x00, 0x00, 0x00, 0x00, 0x00, 0x00, 0x00, 0x00,
  0x00, 0x00, 0x00, 0x00, 0x00, 0x00, 0x00, 0x00, 0x00, 0x00, 0x00, 0x00, 0x00, 0x00, 0x00, 0x00,
  0x00, 0x00, 0x00, 0x00, 0x00, 0x00, 0x00, 0x00, 0x00, 0x00, 0x00, 0x00, 0x00, 0x00, 0x00, 0x00,
  0x00, 0x00, 0x00, 0x00, 0x00, 0x00, 0x00, 0x00, 0x00, 0x00, 0x00, 0x00, 0x00, 0x00, 0x00, 0x00,
  0x00, 0x00, 0x00, 0x00, 0x00, 0x00, 0x00, 0x00, 0x00, 0x00, 0x00, 0x00, 0x00, 0x00, 0x00, 0x00,
  0x00, 0x00, 0x00, 0x00, 0x00, 0x00, 0x00, 0x00, 0x00, 0x00, 0x00, 0x00, 0x00, 0x00, 0x00, 0x00,
  0x00, 0x00, 0x00, 0x00, 0x00, 0x00, 0x00, 0x00, 0x00, 0x00, 0x00, 0x00, 0x00, 0x00, 0x00, 0x00,
  0x00, 0x00, 0x00, 0x00, 0x00, 0x00, 0x00, 0x00, 0x00, 0x00, 0x00, 0x00, 0x00, 0x00, 0x00, 0x00,
  0x00, 0x00, 0x00, 0x00, 0x00, 0x00, 0x00, 0x00, 0x00, 0x00, 0x00, 0x00, 0x00, 0x00, 0x00, 0x00,
  0x00, 0x00, 0x00, 0x00, 0x00, 0x00, 0x00, 0x00, 0x00, 0x00, 0x00, 0x00, 0x00, 0x00, 0x00, 0x00,
  0x00, 0x00, 0x00, 0x00, 0x00, 0x00, 0x00, 0x00, 0x00, 0x00, 0x00, 0x00, 0x00, 0x00, 0x00, 0x00,
  0x00, 0x00, 0x00, 0x00, 0x00, 0x00, 0x00, 0x00, 0x00, 0x00, 0x00, 0x00, 0x00, 0x00, 0x00, 0x00
};
#endif

#ifdef ENABLE_BTIME
  const uint8_t Btime_Logo_bits[] PROGMEM = {
	0xff, 0xff, 0xff, 0xff, 0xff, 0xff, 0xff, 0xff, 0xff, 0xff, 0xff, 0xff, 0xff, 0xff, 0xff, 0xff, 
	0xff, 0xff, 0xff, 0xff, 0xff, 0xff, 0xff, 0xf3, 0xff, 0xff, 0xff, 0xff, 0xff, 0xff, 0xff, 0xff, 
	0xff, 0xff, 0xff, 0xff, 0xff, 0xff, 0x7f, 0x00, 0xff, 0xff, 0xff, 0xff, 0xff, 0xff, 0xff, 0xff, 
	0xff, 0xff, 0xff, 0xff, 0xff, 0xff, 0x3f, 0x00, 0xfe, 0xff, 0xff, 0xff, 0xff, 0xff, 0xff, 0xff, 
	0xff, 0xff, 0xff, 0xff, 0xff, 0xff, 0x1f, 0x00, 0xfc, 0xff, 0xff, 0xff, 0xff, 0xff, 0xff, 0xff, 
	0xff, 0xff, 0xff, 0xff, 0xff, 0xff, 0x0f, 0x00, 0xfc, 0xff, 0xff, 0xff, 0xff, 0xff, 0xff, 0xff, 
	0xff, 0xff, 0xff, 0xff, 0xff, 0xff, 0x0f, 0x00, 0xf8, 0xff, 0xff, 0xff, 0xff, 0xff, 0xff, 0xff, 
	0xff, 0xff, 0xff, 0xff, 0xff, 0xff, 0x0f, 0x00, 0xf8, 0xff, 0xff, 0xff, 0xff, 0xff, 0xff, 0xff, 
	0xff, 0xff, 0xff, 0xff, 0xff, 0xff, 0x0f, 0x00, 0xf8, 0xff, 0xff, 0xff, 0xff, 0xff, 0xff, 0xff, 
	0xff, 0xff, 0xff, 0xff, 0xff, 0xff, 0x0f, 0x00, 0xf8, 0xff, 0xff, 0xff, 0xff, 0xff, 0xff, 0xff, 
	0xff, 0xff, 0xff, 0xff, 0xff, 0xff, 0x3f, 0x00, 0xfe, 0xff, 0xff, 0xff, 0xff, 0xff, 0xff, 0xff, 
	0xff, 0xff, 0xff, 0xff, 0xff, 0xff, 0xff, 0xff, 0xff, 0xff, 0xff, 0xff, 0xff, 0xff, 0xff, 0xff, 
	0xff, 0xff, 0xff, 0xff, 0xff, 0xff, 0xff, 0xff, 0xff, 0xff, 0xff, 0xff, 0xff, 0xff, 0xff, 0xff, 
	0xff, 0xff, 0xff, 0xff, 0xff, 0xff, 0x07, 0xc9, 0xff, 0xff, 0xff, 0xff, 0xff, 0xff, 0xff, 0xff, 
	0xff, 0xff, 0xff, 0xff, 0xff, 0xff, 0x07, 0x00, 0xf8, 0xff, 0xff, 0xff, 0xff, 0xff, 0xff, 0xff, 
	0xff, 0xff, 0xff, 0xff, 0xff, 0x7f, 0x0f, 0x00, 0xf8, 0xff, 0xff, 0xff, 0xff, 0xff, 0xff, 0xff, 
	0xff, 0xff, 0xff, 0xff, 0xff, 0xff, 0x0e, 0x00, 0xf8, 0xff, 0xff, 0xff, 0xff, 0xff, 0xff, 0xff, 
	0xff, 0xff, 0xff, 0xff, 0xff, 0x8f, 0x3e, 0x3e, 0xff, 0xff, 0xff, 0xff, 0xff, 0xff, 0xff, 0xff, 
	0xff, 0xff, 0xff, 0xff, 0xbf, 0x87, 0xff, 0xff, 0xff, 0xff, 0xff, 0xff, 0xff, 0xff, 0xff, 0xff, 
	0xff, 0xff, 0xff, 0xff, 0xbf, 0x06, 0xfd, 0xff, 0xff, 0xff, 0xff, 0xff, 0xff, 0xff, 0xff, 0xff, 
	0xff, 0xff, 0xff, 0xff, 0x5f, 0x00, 0xef, 0xff, 0xfd, 0xff, 0xff, 0xff, 0xff, 0xff, 0xff, 0xff, 
	0xff, 0xff, 0xff, 0xff, 0x5f, 0x00, 0xcf, 0xff, 0xf8, 0xff, 0xff, 0xfe, 0xff, 0xff, 0xff, 0xff, 
	0xff, 0xff, 0xff, 0xff, 0x4f, 0x18, 0x0f, 0x00, 0x98, 0x0e, 0x1c, 0xfe, 0xff, 0xff, 0xff, 0xff, 
	0xff, 0xff, 0xff, 0xff, 0x4f, 0x18, 0x0f, 0x00, 0x18, 0x00, 0x00, 0xfe, 0xff, 0xff, 0xff, 0xff, 
	0xff, 0xff, 0xff, 0xff, 0xdf, 0x1c, 0x0f, 0x00, 0x1c, 0x00, 0x00, 0xfe, 0xff, 0xff, 0xff, 0xff, 
	0xff, 0xff, 0xff, 0xff, 0xdf, 0x1c, 0x1f, 0x00, 0x1c, 0x00, 0x00, 0xff, 0xff, 0xff, 0xff, 0xff, 
	0xff, 0xff, 0xff, 0xff, 0xdf, 0x1c, 0x7f, 0x80, 0x1f, 0x00, 0x80, 0xff, 0xff, 0xff, 0xff, 0xff, 
	0xff, 0xff, 0xff, 0xff, 0x7f, 0x8c, 0xff, 0xff, 0x3f, 0x00, 0x80, 0xff, 0xff, 0xff, 0xff, 0xff, 
	0xff, 0xff, 0xff, 0xff, 0x7f, 0x8e, 0xfe, 0xff, 0x2f, 0x00, 0xc0, 0xff, 0xff, 0xff, 0xff, 0xff, 
	0xff, 0xff, 0xff, 0xff, 0x7f, 0x86, 0xfe, 0xff, 0xe7, 0x9f, 0x3f, 0xff, 0xff, 0xff, 0xff, 0xff, 
	0xff, 0xff, 0xff, 0xff, 0x7f, 0x42, 0x96, 0xff, 0xec, 0x9f, 0xbf, 0xff, 0xff, 0xff, 0xff, 0xff, 
	0xff, 0xff, 0xff, 0xff, 0x7f, 0x42, 0xfe, 0xff, 0xfc, 0x9f, 0xbf, 0xff, 0xff, 0xff, 0xff, 0xff, 
	0xff, 0xff, 0xff, 0xff, 0x7f, 0xc2, 0xff, 0xff, 0xfe, 0x9f, 0xbf, 0xff, 0xff, 0xff, 0xff, 0xff, 
	0xff, 0xff, 0xff, 0xff, 0x6f, 0xc2, 0xed, 0x1c, 0xf7, 0x9a, 0xff, 0xde, 0xff, 0xff, 0xff, 0xff, 
	0xff, 0xff, 0xff, 0xff, 0x3f, 0x8e, 0x6c, 0x08, 0x67, 0xd8, 0x06, 0x8c, 0xff, 0xff, 0xff, 0xff, 
	0xff, 0xff, 0xff, 0xff, 0x3f, 0x8f, 0x6c, 0x08, 0x63, 0xc8, 0x06, 0x8c, 0xff, 0xff, 0xff, 0xff, 
	0xff, 0xff, 0xff, 0xff, 0x3f, 0x8f, 0x64, 0x08, 0x63, 0xc8, 0x06, 0xc6, 0xff, 0xff, 0xff, 0xff, 
	0xff, 0xff, 0xff, 0xff, 0x3f, 0x8f, 0x64, 0x24, 0x61, 0x48, 0x06, 0xc6, 0xff, 0xff, 0xff, 0xff, 
	0xff, 0xff, 0xff, 0xff, 0x1f, 0x8f, 0x64, 0x27, 0x71, 0x4f, 0x06, 0xc6, 0xff, 0xff, 0xff, 0xff, 
	0xff, 0xff, 0xff, 0xff, 0x1f, 0x87, 0x64, 0x27, 0x71, 0x4f, 0x06, 0xc2, 0xff, 0xff, 0xff, 0xff, 
	0xff, 0xff, 0xff, 0xff, 0x1f, 0x87, 0x34, 0xa7, 0x39, 0x4f, 0x06, 0xe2, 0xff, 0xff, 0xff, 0xff, 
	0xff, 0xff, 0xff, 0xff, 0x1f, 0x87, 0x34, 0x87, 0x39, 0x6f, 0x02, 0xb2, 0xff, 0xff, 0xff, 0xff, 
	0xff, 0xff, 0xff, 0xff, 0x0b, 0xc3, 0x20, 0x87, 0x39, 0x6f, 0x02, 0xb3, 0xff, 0xff, 0xff, 0xff, 
	0xff, 0xff, 0xff, 0xff, 0x0b, 0xc0, 0x20, 0x87, 0x31, 0x67, 0x02, 0xbb, 0xff, 0xff, 0xff, 0xff, 
	0xff, 0xff, 0xff, 0xff, 0x0b, 0xc0, 0x20, 0x8f, 0x31, 0x67, 0x02, 0xb3, 0xff, 0xff, 0xff, 0xff, 
	0xff, 0xff, 0xff, 0xff, 0x05, 0xe0, 0x30, 0x9f, 0x31, 0x67, 0x03, 0xa3, 0xff, 0xff, 0xff, 0xff, 
	0xff, 0xff, 0xff, 0xff, 0x05, 0xe0, 0xb4, 0x8f, 0x33, 0x64, 0x43, 0xa3, 0xff, 0xff, 0xff, 0xff, 
	0xff, 0xff, 0xff, 0xff, 0x05, 0xb0, 0xff, 0x87, 0x3b, 0x70, 0x7b, 0x87, 0xff, 0xff, 0xff, 0xff, 
	0xff, 0xff, 0xff, 0xff, 0x04, 0x30, 0x7f, 0x82, 0xfe, 0xfb, 0xff, 0xd7, 0xff, 0xff, 0xff, 0xff, 
	0xff, 0xff, 0xff, 0xff, 0x0c, 0x38, 0x5f, 0x82, 0xde, 0xfb, 0xff, 0xdf, 0xff, 0xff, 0xff, 0xff, 
	0xff, 0xff, 0xff, 0xff, 0x19, 0xfe, 0xff, 0x91, 0xfe, 0xff, 0xff, 0xff, 0xff, 0xff, 0xff, 0xff, 
	0xff, 0xff, 0xff, 0xff, 0x7b, 0xff, 0xff, 0x99, 0xff, 0xff, 0xff, 0xff, 0xff, 0xff, 0xff, 0xff, 
	0xff, 0xff, 0xff, 0xff, 0xf7, 0xfb, 0xff, 0x99, 0xff, 0xff, 0xff, 0xff, 0xff, 0xff, 0xff, 0xff, 
	0xff, 0xff, 0xff, 0xff, 0xff, 0xf9, 0xff, 0x89, 0xff, 0xff, 0xff, 0xbf, 0xff, 0xff, 0xff, 0xff, 
	0xff, 0xff, 0xff, 0xff, 0xff, 0x09, 0xf0, 0x81, 0x64, 0xfc, 0xff, 0xa4, 0xff, 0xff, 0xff, 0xff, 
	0xff, 0xff, 0xff, 0xff, 0xff, 0x04, 0xc0, 0xc1, 0x00, 0x00, 0x00, 0xa0, 0xff, 0xff, 0xff, 0xff, 
	0xff, 0xff, 0xff, 0xff, 0xff, 0x00, 0xc0, 0xc1, 0x01, 0x00, 0x00, 0xa0, 0xff, 0xff, 0xff, 0xff, 
	0xff, 0xff, 0xff, 0xff, 0xff, 0x03, 0x40, 0x63, 0x03, 0x00, 0x00, 0x80, 0xff, 0xff, 0xff, 0xff, 
	0xff, 0xff, 0xff, 0xff, 0x7f, 0x03, 0x40, 0x73, 0x03, 0x00, 0x00, 0xc0, 0xff, 0xff, 0xff, 0xff, 
	0xff, 0xff, 0xff, 0xff, 0x7f, 0x03, 0x20, 0x77, 0x02, 0x00, 0x00, 0xc0, 0xff, 0xff, 0xff, 0xff, 
	0xff, 0xff, 0xff, 0xff, 0x7f, 0xff, 0xff, 0x7f, 0xfe, 0xff, 0xff, 0xcf, 0xff, 0xff, 0xff, 0xff, 
	0xff, 0xff, 0xff, 0xff, 0xff, 0xff, 0xff, 0xff, 0xfe, 0xff, 0xff, 0xff, 0xff, 0xff, 0xff, 0xff, 
	0xff, 0xff, 0xff, 0xff, 0xff, 0xff, 0xff, 0xff, 0xff, 0xff, 0xff, 0xff, 0xff, 0xff, 0xff, 0xff, 
	0xff, 0xff, 0xff, 0xff, 0xff, 0xff, 0xff, 0xff, 0xff, 0xff, 0xff, 0xff, 0xff, 0xff, 0xff, 0xff
  };
#endif

#ifdef ENABLE_BNJ
  const uint8_t Bnj_Logo_bits[] PROGMEM = {
	0xff, 0xff, 0xff, 0xff, 0xff, 0xff, 0xff, 0xff, 0xff, 0xff, 0xff, 0xff, 0xff, 0xff, 0xff, 0xff, 
	0xff, 0xff, 0xff, 0xff, 0xff, 0xff, 0xff, 0xff, 0xf7, 0xfb, 0xff, 0xff, 0xff, 0xff, 0xff, 0xff, 
	0xff, 0xff, 0xff, 0xff, 0xff, 0xff, 0xff, 0xbf, 0xb3, 0xf3, 0xff, 0xff, 0xff, 0xff, 0xff, 0xff, 
	0xff, 0xff, 0xff, 0xff, 0xff, 0xff, 0xff, 0x3f, 0xb3, 0xf1, 0xff, 0xff, 0xff, 0xff, 0xff, 0xff, 
	0xff, 0xff, 0xff, 0xff, 0xff, 0xff, 0xff, 0x3d, 0xf3, 0xf1, 0xff, 0xff, 0xff, 0xff, 0xff, 0xff, 
	0xff, 0xff, 0xff, 0xff, 0xff, 0xff, 0xff, 0x79, 0xde, 0xf0, 0xff, 0xff, 0xff, 0xff, 0xff, 0xff, 
	0xff, 0xff, 0xff, 0xff, 0xff, 0xff, 0x9f, 0x1c, 0x8e, 0xf1, 0xff, 0xff, 0xff, 0xff, 0xff, 0xff, 
	0xff, 0xff, 0xff, 0xff, 0xff, 0xff, 0x1b, 0x8e, 0x07, 0xfb, 0xff, 0xff, 0xff, 0xff, 0xff, 0xff, 
	0xff, 0xff, 0xff, 0xff, 0xff, 0xff, 0x52, 0x03, 0x27, 0xfb, 0xff, 0xff, 0xff, 0xff, 0xff, 0xff, 
	0xff, 0xff, 0xff, 0xff, 0xff, 0x3f, 0x53, 0x03, 0x3f, 0xfb, 0xff, 0xff, 0xff, 0xff, 0xff, 0xff, 
	0xff, 0xff, 0xff, 0xff, 0xff, 0x19, 0x5f, 0x33, 0x3f, 0xf8, 0xff, 0x7f, 0xff, 0xe7, 0xff, 0xff, 
	0xff, 0xff, 0xff, 0xff, 0xff, 0x18, 0xcf, 0x33, 0x3e, 0xf8, 0xfe, 0x73, 0xb8, 0xe7, 0xff, 0xff, 
	0xff, 0xff, 0xff, 0xff, 0x79, 0x38, 0x8d, 0x73, 0x3e, 0xf9, 0xcc, 0x31, 0x89, 0xcf, 0xff, 0xff, 
	0xff, 0xff, 0xff, 0xff, 0x33, 0xef, 0x88, 0x73, 0xbe, 0xf9, 0x84, 0x30, 0x03, 0xc8, 0xff, 0xff, 
	0xff, 0xff, 0xff, 0xff, 0xe7, 0xef, 0x88, 0x33, 0xfe, 0xff, 0xb1, 0x37, 0x27, 0xd0, 0xff, 0xff, 
	0xff, 0xff, 0xff, 0xff, 0x44, 0xce, 0x88, 0x33, 0xff, 0x9f, 0xb1, 0xfe, 0x37, 0xf0, 0xff, 0xff, 
	0xff, 0xff, 0xff, 0xff, 0x48, 0xce, 0x88, 0x03, 0xfd, 0x0e, 0xf7, 0xce, 0x34, 0xf0, 0xff, 0xff, 
	0xff, 0xff, 0xff, 0x7b, 0x48, 0xce, 0x80, 0x03, 0x7d, 0x06, 0x77, 0xce, 0x34, 0xf3, 0xff, 0xff, 
	0xff, 0xff, 0xff, 0x1d, 0x58, 0xce, 0x80, 0x83, 0x7c, 0x80, 0x67, 0xce, 0x3c, 0xf7, 0xff, 0xff, 
	0xff, 0xff, 0xff, 0x0c, 0x50, 0xce, 0x00, 0x63, 0x7c, 0x80, 0x66, 0xce, 0x3c, 0xa7, 0xff, 0xff, 
	0xff, 0xff, 0xff, 0x06, 0x50, 0xce, 0x00, 0x73, 0x7e, 0xc1, 0x66, 0xce, 0x28, 0xb3, 0xff, 0xff, 
	0xff, 0xff, 0xff, 0xc6, 0x50, 0xce, 0x00, 0x73, 0xff, 0x41, 0x76, 0x8e, 0x28, 0xf0, 0xff, 0xff, 
	0xff, 0xff, 0xff, 0xc2, 0x50, 0xce, 0x00, 0xf7, 0xff, 0x63, 0x76, 0x0e, 0x28, 0xf0, 0xff, 0xff, 
	0xff, 0xff, 0xff, 0xe2, 0x51, 0xce, 0x20, 0xd7, 0x7f, 0x67, 0x73, 0x0e, 0x28, 0xd0, 0xff, 0xff, 
	0xff, 0xff, 0xff, 0xe3, 0x59, 0xce, 0x24, 0xd7, 0x7f, 0xe6, 0x73, 0x0e, 0x38, 0xcc, 0xff, 0xff, 
	0xff, 0xff, 0xff, 0xe3, 0x48, 0xce, 0x3c, 0xb6, 0x7f, 0xe6, 0x73, 0x0e, 0x38, 0xcf, 0xff, 0xff, 
	0xff, 0xff, 0xff, 0xe3, 0x48, 0xc6, 0x3c, 0x96, 0x7f, 0xe6, 0x73, 0x0c, 0x38, 0xe7, 0xff, 0xff, 
	0xff, 0xff, 0xff, 0xe3, 0x68, 0xc6, 0x7c, 0x96, 0xff, 0xe6, 0x73, 0x0c, 0x30, 0xf3, 0xff, 0xff, 
	0xff, 0xff, 0xff, 0x63, 0x6c, 0xc6, 0x5c, 0x9e, 0xff, 0xe7, 0x73, 0x0e, 0x31, 0xff, 0xff, 0xff, 
	0xff, 0xff, 0xff, 0x63, 0x6c, 0xc6, 0xc4, 0x8e, 0xff, 0xe7, 0x73, 0x4e, 0x31, 0xfd, 0xff, 0xff, 
	0xff, 0xff, 0xff, 0x03, 0x6c, 0xc6, 0x86, 0xc0, 0xff, 0xe7, 0x73, 0xe6, 0x33, 0xff, 0xff, 0xff, 
	0xff, 0xff, 0xff, 0x03, 0x6c, 0xe0, 0x96, 0xe0, 0xff, 0xe7, 0x73, 0xe6, 0x33, 0xff, 0xff, 0xff, 
	0xff, 0xff, 0xff, 0x03, 0x78, 0xe0, 0xb3, 0xf9, 0xff, 0xe7, 0x73, 0xe6, 0x33, 0xfd, 0xff, 0xff, 
	0xff, 0xff, 0xff, 0x03, 0x70, 0xb0, 0xb9, 0xff, 0xff, 0x67, 0x23, 0xe6, 0x32, 0xfc, 0xff, 0xff, 
	0xff, 0xff, 0xff, 0x03, 0x70, 0x30, 0xf8, 0xff, 0xff, 0x63, 0x03, 0x66, 0xf6, 0xfc, 0xff, 0xff, 
	0xff, 0xff, 0xff, 0x83, 0x70, 0x10, 0xfc, 0xff, 0xff, 0x63, 0x03, 0x27, 0xe4, 0xfc, 0xff, 0xff, 
	0xff, 0xff, 0xff, 0xc3, 0xe1, 0x0f, 0xff, 0xff, 0xff, 0x61, 0x03, 0x9f, 0x04, 0xfc, 0xff, 0xff, 
	0xff, 0xff, 0xff, 0xe3, 0xa1, 0xc7, 0xff, 0xff, 0xcf, 0xe1, 0x02, 0x9d, 0x09, 0xfe, 0xff, 0xff, 
	0xff, 0xff, 0xff, 0x63, 0x23, 0xe1, 0xff, 0xff, 0xdf, 0xe1, 0x86, 0x88, 0x9d, 0xff, 0xff, 0xff, 
	0xff, 0xff, 0xff, 0x63, 0x23, 0xf0, 0xff, 0xff, 0xdb, 0xe1, 0xc4, 0xc0, 0xff, 0xff, 0xff, 0xff, 
	0xff, 0xff, 0xff, 0xe3, 0xa3, 0xfc, 0xff, 0xff, 0xd9, 0xe4, 0x79, 0xf8, 0xff, 0xff, 0xff, 0xff, 
	0xff, 0xff, 0xff, 0xe3, 0xa3, 0xff, 0xff, 0xff, 0x9d, 0xe2, 0x19, 0xff, 0xff, 0xff, 0xff, 0xff, 
	0xff, 0xff, 0xff, 0xe3, 0xa3, 0xff, 0xff, 0xff, 0x87, 0xa3, 0x03, 0xff, 0xff, 0xff, 0xff, 0xff, 
	0xff, 0xff, 0xff, 0xf3, 0xa3, 0xff, 0xff, 0xff, 0xa7, 0xa3, 0xc7, 0xff, 0xff, 0xff, 0xff, 0xff, 
	0xff, 0xff, 0xff, 0xf3, 0xa1, 0xff, 0xff, 0xff, 0xe7, 0xa1, 0xff, 0xff, 0xff, 0xff, 0xff, 0xff, 
	0xff, 0xff, 0xff, 0xf3, 0xb1, 0xff, 0xff, 0xff, 0x62, 0xb0, 0xff, 0xff, 0xff, 0xff, 0xff, 0xff, 
	0xff, 0xff, 0xff, 0xf3, 0xb1, 0xff, 0xff, 0xff, 0x62, 0x98, 0xff, 0xff, 0xff, 0xff, 0xff, 0xff, 
	0xff, 0xff, 0xff, 0xf3, 0x90, 0xff, 0xff, 0xff, 0x06, 0x98, 0xff, 0xff, 0xff, 0xff, 0xff, 0xff, 
	0xff, 0xff, 0xff, 0x73, 0x98, 0xff, 0xff, 0xff, 0x04, 0xce, 0xff, 0xff, 0xff, 0xff, 0xff, 0xff, 
	0xff, 0xff, 0xff, 0x21, 0xd8, 0xff, 0xff, 0xff, 0x04, 0xe7, 0xff, 0xff, 0xff, 0xff, 0xff, 0xff, 
	0xff, 0xff, 0xff, 0x01, 0xce, 0xff, 0xff, 0xff, 0x85, 0xf3, 0xff, 0xff, 0xff, 0xff, 0xff, 0xff, 
	0xff, 0xff, 0xff, 0x01, 0xe7, 0xff, 0xff, 0xff, 0x8d, 0xf9, 0xff, 0xff, 0xff, 0xff, 0xff, 0xff, 
	0xff, 0xff, 0xff, 0x81, 0xe3, 0xff, 0xff, 0xff, 0xf9, 0xfc, 0xff, 0xff, 0xff, 0xff, 0xff, 0xff, 
	0xff, 0xff, 0xff, 0xc1, 0xf0, 0xff, 0xff, 0xff, 0x7b, 0xfc, 0xff, 0xff, 0xff, 0xff, 0xff, 0xff, 
	0xff, 0xff, 0xff, 0x70, 0xfc, 0xff, 0xff, 0xff, 0x13, 0xff, 0xff, 0xff, 0xff, 0xff, 0xff, 0xff, 
	0xff, 0xff, 0xff, 0x38, 0xfe, 0xff, 0xff, 0xff, 0x87, 0xff, 0xff, 0xff, 0xff, 0xff, 0xff, 0xff, 
	0xff, 0xff, 0xff, 0x1f, 0xff, 0xff, 0xff, 0xff, 0xe7, 0xff, 0xff, 0xff, 0xff, 0xff, 0xff, 0xff, 
	0xff, 0xff, 0x7f, 0x8f, 0xff, 0xff, 0xff, 0xff, 0xff, 0xff, 0xff, 0xff, 0xff, 0xff, 0xff, 0xff, 
	0xff, 0xff, 0x7f, 0xc7, 0xff, 0xff, 0xff, 0xff, 0xff, 0xff, 0xff, 0xff, 0xff, 0xff, 0xff, 0xff, 
	0xff, 0xff, 0x7f, 0xf0, 0xff, 0xff, 0xff, 0xff, 0xff, 0xff, 0xff, 0xff, 0xff, 0xff, 0xff, 0xff, 
	0xff, 0xff, 0x7f, 0xf8, 0xff, 0xff, 0xff, 0xff, 0xff, 0xff, 0xff, 0xff, 0xff, 0xff, 0xff, 0xff, 
	0xff, 0xff, 0xff, 0xfc, 0xff, 0xff, 0xff, 0xff, 0xff, 0xff, 0xff, 0xff, 0xff, 0xff, 0xff, 0xff, 
	0xff, 0xff, 0xff, 0xfe, 0xff, 0xff, 0xff, 0xff, 0xff, 0xff, 0xff, 0xff, 0xff, 0xff, 0xff, 0xff, 
	0xff, 0xff, 0xff, 0xff, 0xff, 0xff, 0xff, 0xff, 0xff, 0xff, 0xff, 0xff, 0xff, 0xff, 0xff, 0xff};
#endif

#ifdef ENABLE_CIRCUSC
  const uint8_t Circusc_Logo_bits[] PROGMEM = {
	0xff, 0xff, 0xff, 0xff, 0xff, 0xff, 0xff, 0xff, 0xff, 0xff, 0xff, 0xff, 0xff, 0xff, 0xff, 0xff, 
	0xff, 0xff, 0xff, 0xff, 0x7f, 0xfc, 0xff, 0xff, 0xff, 0xff, 0xff, 0xff, 0xff, 0xff, 0xff, 0xff, 
	0xff, 0xff, 0xff, 0xff, 0x3f, 0xf8, 0xff, 0xff, 0xff, 0xff, 0xff, 0xff, 0xff, 0xff, 0xff, 0xff, 
	0xff, 0xff, 0xff, 0xff, 0x1f, 0xf0, 0xff, 0xff, 0xff, 0xff, 0xff, 0xff, 0xff, 0xff, 0xff, 0xff, 
	0xff, 0xff, 0xff, 0xff, 0x8f, 0xf3, 0xff, 0xff, 0xff, 0xff, 0xff, 0xff, 0xff, 0xff, 0xff, 0xff, 
	0xff, 0xff, 0xff, 0xff, 0xc7, 0xe7, 0xff, 0xff, 0xff, 0xff, 0xff, 0xff, 0xff, 0xff, 0xff, 0xff, 
	0xff, 0xff, 0xff, 0xff, 0xe7, 0xe7, 0xff, 0xff, 0xff, 0xff, 0xff, 0xff, 0xff, 0xff, 0xff, 0xff, 
	0xff, 0xff, 0xff, 0xff, 0x77, 0xee, 0xff, 0xff, 0xff, 0xff, 0xff, 0xff, 0xff, 0xff, 0xff, 0xff, 
	0xff, 0xff, 0xff, 0xff, 0x33, 0xee, 0xff, 0xff, 0xff, 0xff, 0xff, 0xff, 0xff, 0xff, 0xff, 0xff, 
	0xff, 0xff, 0xff, 0xff, 0x13, 0xcf, 0xff, 0xff, 0xff, 0xfd, 0xff, 0xff, 0xff, 0xff, 0xff, 0xff, 
	0xff, 0xff, 0xff, 0xff, 0x9b, 0x0f, 0x83, 0xc7, 0xc0, 0xe0, 0xff, 0xff, 0xff, 0xff, 0xff, 0xff, 
	0xff, 0xff, 0xff, 0xff, 0x99, 0x27, 0x02, 0x03, 0x00, 0xe0, 0xff, 0xfb, 0xff, 0xff, 0xff, 0xff, 
	0xff, 0xff, 0xff, 0xff, 0xc9, 0x27, 0x03, 0x03, 0x00, 0xe0, 0xf7, 0xf9, 0xff, 0xff, 0xff, 0xff, 
	0xff, 0xff, 0xff, 0xff, 0xc9, 0x24, 0x33, 0x11, 0x03, 0xf6, 0x37, 0xf8, 0xff, 0xff, 0xff, 0xff, 
	0xff, 0xff, 0xff, 0xff, 0xcd, 0x30, 0x33, 0x98, 0x03, 0xf6, 0x33, 0xfc, 0xff, 0xff, 0xff, 0xff, 
	0xff, 0xff, 0xff, 0xff, 0xcd, 0x30, 0x33, 0x88, 0x0b, 0xf6, 0x63, 0xfc, 0xff, 0xff, 0xff, 0xff, 
	0xff, 0xff, 0xff, 0xff, 0xcd, 0x39, 0x33, 0x88, 0x09, 0xf6, 0x61, 0xfc, 0xff, 0xff, 0xff, 0xff, 
	0xff, 0xff, 0xff, 0xff, 0xcd, 0x3f, 0x33, 0x88, 0x48, 0xf0, 0x21, 0xf8, 0xff, 0xff, 0xff, 0xff, 
	0xff, 0xff, 0xff, 0xff, 0xcd, 0x3f, 0x83, 0xd8, 0x4c, 0xf0, 0x30, 0xf8, 0xff, 0xff, 0xff, 0xff, 
	0xff, 0xff, 0xff, 0xff, 0xcd, 0x3f, 0x83, 0xf8, 0xcc, 0xf0, 0x30, 0xf8, 0xff, 0xff, 0xff, 0xff, 
	0xff, 0xff, 0xff, 0xff, 0xc9, 0x3f, 0x83, 0xf8, 0xcc, 0x61, 0x70, 0xcc, 0xff, 0xff, 0xff, 0xff, 
	0xff, 0xff, 0xff, 0xff, 0xc9, 0x3f, 0x93, 0x78, 0xcc, 0x63, 0x70, 0xce, 0xff, 0xff, 0xff, 0xff, 
	0xff, 0xff, 0xff, 0xff, 0x89, 0x3f, 0x33, 0x78, 0xce, 0x67, 0x70, 0x8e, 0xf7, 0xff, 0xff, 0xff, 
	0xff, 0xff, 0xff, 0xff, 0x99, 0x37, 0x33, 0x79, 0xcc, 0x47, 0xf8, 0x0a, 0xf3, 0xff, 0xff, 0xff, 
	0xff, 0xff, 0xff, 0x7f, 0x99, 0x27, 0x33, 0x31, 0x4c, 0x44, 0x98, 0x43, 0xf0, 0xff, 0xff, 0xff, 
	0xff, 0xff, 0xff, 0x7f, 0x12, 0x23, 0x33, 0x11, 0x40, 0x4c, 0x8c, 0x43, 0xf8, 0xff, 0xff, 0xff, 
	0xff, 0xff, 0xff, 0x7f, 0x32, 0x20, 0x33, 0x03, 0x00, 0x4c, 0x8e, 0x43, 0xf8, 0xff, 0xff, 0xff, 
	0xff, 0xff, 0xff, 0x37, 0x77, 0x28, 0x33, 0x81, 0x00, 0x0c, 0x86, 0x41, 0xf8, 0xff, 0xff, 0xff, 
	0xff, 0xff, 0xff, 0x07, 0x67, 0x2c, 0x33, 0xc8, 0x09, 0x06, 0x83, 0x20, 0xf8, 0xff, 0xff, 0xff, 
	0xff, 0xff, 0xff, 0x0f, 0xcd, 0xf7, 0x37, 0xe8, 0x3f, 0xa6, 0x41, 0x30, 0xf8, 0xff, 0xff, 0xff, 
	0xff, 0xff, 0xff, 0x0f, 0x99, 0xf7, 0x3f, 0xf8, 0x7f, 0xe2, 0x20, 0x38, 0xf0, 0xff, 0xff, 0xff, 
	0xff, 0xff, 0xff, 0x0f, 0x19, 0xb0, 0x3f, 0xf9, 0x7f, 0xf0, 0x00, 0x38, 0xf0, 0xff, 0xff, 0xff, 
	0xff, 0xff, 0xff, 0x0f, 0x72, 0x00, 0x3e, 0xfb, 0xff, 0x70, 0x00, 0x73, 0xf4, 0xff, 0xff, 0xff, 
	0xff, 0xff, 0xff, 0x07, 0xe6, 0x00, 0x7c, 0xf0, 0xff, 0x39, 0x04, 0xc3, 0xfe, 0xff, 0xff, 0xff, 
	0xff, 0xff, 0xff, 0x03, 0xc6, 0xe1, 0x4c, 0x00, 0x81, 0x19, 0x0e, 0xc3, 0xfe, 0xff, 0xff, 0xff, 
	0xff, 0xff, 0xff, 0x03, 0x87, 0xf1, 0xc9, 0x00, 0x00, 0x99, 0x0d, 0x82, 0xfe, 0xff, 0xff, 0xff, 
	0xff, 0xff, 0xff, 0x9b, 0x07, 0xb8, 0xc9, 0x03, 0x00, 0x89, 0x18, 0x84, 0xff, 0xff, 0xff, 0xff, 
	0xff, 0xff, 0xff, 0xbf, 0x0f, 0x98, 0xc3, 0x07, 0x13, 0x89, 0x18, 0x84, 0xff, 0xff, 0xff, 0xff, 
	0xff, 0xff, 0xff, 0x3f, 0x3c, 0x8c, 0x03, 0x0f, 0x33, 0x89, 0x88, 0x88, 0xfb, 0xff, 0xff, 0xff, 
	0xff, 0xff, 0xff, 0x7f, 0x78, 0xcc, 0x03, 0x4e, 0x33, 0xc9, 0xc8, 0x88, 0xf9, 0xff, 0xff, 0xff, 
	0xff, 0xff, 0xff, 0xff, 0x60, 0xe6, 0x03, 0x6c, 0x33, 0xf9, 0xcc, 0x04, 0xf8, 0xff, 0xff, 0xff, 
	0xff, 0xff, 0xff, 0xff, 0x00, 0xe6, 0x01, 0x6c, 0x33, 0xf9, 0x4c, 0x04, 0xf8, 0xff, 0xff, 0xff, 
	0xff, 0xff, 0xff, 0xff, 0x00, 0xf6, 0xc9, 0x64, 0x83, 0xf9, 0x44, 0x03, 0xfd, 0xff, 0xff, 0xff, 
	0xff, 0xff, 0xff, 0xff, 0x04, 0x36, 0xc8, 0x64, 0x83, 0xf9, 0x00, 0x83, 0xff, 0xff, 0xff, 0xff, 
	0xff, 0xff, 0xff, 0xff, 0x06, 0x36, 0xc8, 0x64, 0x83, 0xf9, 0x00, 0xff, 0xfb, 0xff, 0xff, 0xff, 
	0xff, 0xff, 0xff, 0xff, 0x06, 0x76, 0xcc, 0x04, 0x83, 0xf9, 0x00, 0xc3, 0xf8, 0xff, 0xff, 0xff, 
	0xff, 0xff, 0xff, 0x3f, 0x07, 0x77, 0xce, 0x04, 0x93, 0xf9, 0x40, 0xc0, 0xf8, 0xff, 0xff, 0xff, 
	0xff, 0xff, 0xff, 0x3f, 0x44, 0xf7, 0x4f, 0x06, 0x93, 0xb9, 0x40, 0xc0, 0xf8, 0xff, 0xff, 0xff, 
	0xff, 0xff, 0xff, 0x3f, 0x44, 0xf6, 0x4f, 0x26, 0x93, 0x39, 0xc4, 0x40, 0xf0, 0xff, 0xff, 0xff, 
	0xff, 0xff, 0xff, 0x3f, 0x4c, 0xf6, 0x0f, 0x66, 0x93, 0xb9, 0xcc, 0x41, 0xf0, 0xff, 0xff, 0xff, 
	0xff, 0xff, 0xff, 0x3f, 0x4c, 0xf6, 0x0f, 0x67, 0x92, 0x99, 0xcc, 0x79, 0xf0, 0xff, 0xff, 0xff, 
	0xff, 0xff, 0xff, 0x3f, 0x88, 0xf6, 0x0f, 0x66, 0x92, 0x81, 0x88, 0x79, 0xf0, 0xff, 0xff, 0xff, 
	0xff, 0xff, 0xff, 0x1f, 0x98, 0xe6, 0x0f, 0x70, 0x02, 0x80, 0x08, 0xf8, 0xfc, 0xff, 0xff, 0xff, 
	0xff, 0xff, 0xff, 0x0f, 0x98, 0xe6, 0x3f, 0x78, 0x0f, 0x80, 0x18, 0x8c, 0xfc, 0xff, 0xff, 0xff, 
	0xff, 0xff, 0xff, 0x0f, 0x9e, 0xe4, 0x39, 0xf8, 0x0f, 0xfc, 0x18, 0x84, 0xfd, 0xff, 0xff, 0xff, 
	0xff, 0xff, 0xff, 0x7f, 0x06, 0xcc, 0x39, 0xf9, 0x4f, 0xfe, 0x3f, 0x06, 0xfd, 0xff, 0xff, 0xff, 
	0xff, 0xff, 0xff, 0x7f, 0x02, 0x09, 0x30, 0xf9, 0xcf, 0xfe, 0xff, 0x07, 0xff, 0xff, 0xff, 0xff, 
	0xff, 0xff, 0xff, 0xff, 0x02, 0x09, 0x32, 0xf9, 0x4f, 0xfe, 0xff, 0x07, 0xff, 0xff, 0xff, 0xff, 
	0xff, 0xff, 0xff, 0xff, 0x03, 0x1b, 0x73, 0xf8, 0x1f, 0xfe, 0xff, 0x1f, 0xfe, 0xff, 0xff, 0xff, 
	0xff, 0xff, 0xff, 0xff, 0xc1, 0x33, 0x73, 0xf8, 0x1f, 0xfe, 0xff, 0x7f, 0xff, 0xff, 0xff, 0xff, 
	0xff, 0xff, 0xff, 0xff, 0xf1, 0xe7, 0xf9, 0xfc, 0x3f, 0xff, 0xff, 0xff, 0xff, 0xff, 0xff, 0xff, 
	0xff, 0xff, 0xff, 0xff, 0xf9, 0xc7, 0xf8, 0xff, 0xff, 0xff, 0xff, 0xff, 0xff, 0xff, 0xff, 0xff, 
	0xff, 0xff, 0xff, 0xff, 0xff, 0x0f, 0xfc, 0xff, 0xff, 0xff, 0xff, 0xff, 0xff, 0xff, 0xff, 0xff, 
	0xff, 0xff, 0xff, 0xff, 0xff, 0x0f, 0xfc, 0xff, 0xff, 0xff, 0xff, 0xff, 0xff, 0xff, 0xff, 0xff  };
#endif

#ifdef ENABLE_DKONG3
  const uint8_t Dkong3_Logo_bits[] PROGMEM = {
	0xff, 0xff, 0xff, 0xff, 0xff, 0xff, 0xff, 0xff, 0xff, 0xff, 0xff, 0xff, 0xff, 0xff, 0xff, 0xff, 
	0xff, 0xff, 0xff, 0xff, 0xff, 0xff, 0xff, 0xff, 0xff, 0xff, 0xff, 0xff, 0xff, 0xff, 0xff, 0xff, 
	0xff, 0xff, 0xff, 0xff, 0xff, 0xff, 0xff, 0xff, 0xff, 0xff, 0xff, 0xff, 0xff, 0xff, 0xff, 0xff, 
	0xff, 0xff, 0xff, 0xff, 0xff, 0xff, 0xff, 0xff, 0xff, 0xff, 0xff, 0xff, 0xff, 0xff, 0xff, 0xff, 
	0xff, 0xff, 0xff, 0xff, 0xff, 0xff, 0xff, 0xff, 0xff, 0xfb, 0xfb, 0xff, 0xff, 0xff, 0xff, 0xff, 
	0xff, 0xff, 0x7f, 0xc0, 0x1f, 0x0e, 0x0f, 0x0c, 0x00, 0x78, 0xf8, 0xff, 0xff, 0xff, 0xff, 0xff, 
	0xff, 0xff, 0x7f, 0x80, 0x0f, 0x0c, 0x0e, 0x0c, 0x00, 0x70, 0xf8, 0xff, 0xff, 0xff, 0xff, 0xff, 
	0xff, 0xff, 0x7f, 0x00, 0x07, 0x08, 0x0e, 0x0c, 0x00, 0x70, 0xf8, 0xff, 0xff, 0xff, 0xff, 0xff, 
	0xff, 0xff, 0x7f, 0x00, 0x07, 0x08, 0x0c, 0x0c, 0x01, 0x30, 0xf8, 0xff, 0xff, 0xff, 0xff, 0xff, 
	0xff, 0xff, 0x7f, 0x00, 0x02, 0x00, 0x0c, 0x04, 0x01, 0x30, 0xfc, 0xc7, 0xff, 0xff, 0xff, 0xff, 
	0xff, 0xff, 0x7f, 0x00, 0x02, 0x00, 0x0c, 0x04, 0x00, 0x30, 0xfc, 0x00, 0xfe, 0xff, 0xff, 0xff, 
	0xff, 0xff, 0x7f, 0x08, 0x00, 0x00, 0x0c, 0x04, 0xf0, 0x31, 0x7c, 0x00, 0xfc, 0xff, 0xff, 0xff, 
	0xff, 0xff, 0x7f, 0x18, 0x40, 0x10, 0x08, 0x00, 0xf0, 0x01, 0x3e, 0x00, 0xf8, 0xff, 0xff, 0xff, 
	0xff, 0xff, 0x7f, 0x38, 0xc0, 0x10, 0x08, 0x80, 0xf0, 0x01, 0x1e, 0x00, 0xf0, 0xff, 0xff, 0xff, 
	0xff, 0xff, 0x7f, 0x38, 0xc0, 0x00, 0x00, 0x80, 0xa0, 0x03, 0x0e, 0x00, 0xf0, 0xff, 0xff, 0xff, 
	0xff, 0xff, 0x7f, 0x38, 0xf0, 0x03, 0x00, 0xc0, 0x00, 0x03, 0x0e, 0x00, 0xe0, 0xff, 0xff, 0xff, 
	0xff, 0xff, 0x7f, 0x38, 0xf0, 0x03, 0x00, 0xc0, 0x00, 0x03, 0x07, 0x00, 0xe0, 0xff, 0xff, 0xff, 
	0xff, 0xff, 0x7f, 0x38, 0xf0, 0x03, 0x00, 0xc0, 0x00, 0x03, 0x07, 0x00, 0xe0, 0xff, 0xff, 0xff, 
	0xff, 0xff, 0x7f, 0x38, 0xe0, 0x01, 0x00, 0xc0, 0x00, 0x07, 0x07, 0x18, 0xc0, 0xff, 0xff, 0xff, 
	0xff, 0xff, 0x7f, 0x38, 0xe0, 0x01, 0x00, 0xc0, 0x00, 0x07, 0x03, 0x3c, 0xc0, 0xff, 0xff, 0xff, 
	0xff, 0xff, 0x7f, 0x38, 0xe0, 0x01, 0x00, 0xc0, 0xe0, 0x87, 0x03, 0x7c, 0xc0, 0xff, 0xff, 0xff, 
	0xff, 0xff, 0x7f, 0x38, 0xe0, 0x01, 0x00, 0x80, 0xf0, 0x87, 0x03, 0x7e, 0x80, 0xff, 0xff, 0xff, 
	0xff, 0xff, 0x7f, 0x18, 0xf0, 0x11, 0x00, 0x80, 0xf0, 0x87, 0x03, 0x7e, 0x80, 0xff, 0xff, 0xff, 
	0xff, 0xff, 0x7f, 0x08, 0x30, 0x11, 0x01, 0x04, 0xf0, 0x87, 0x07, 0x7e, 0xa0, 0xff, 0xff, 0xff, 
	0xff, 0xff, 0x7f, 0x00, 0x12, 0x00, 0x01, 0x04, 0x00, 0x86, 0x07, 0x7e, 0xa0, 0xff, 0xff, 0xff, 
	0xff, 0xff, 0x7f, 0x00, 0x02, 0x00, 0x03, 0x04, 0x01, 0x86, 0x0f, 0x3e, 0xb0, 0xff, 0xff, 0xff, 
	0xff, 0xff, 0x7f, 0x00, 0x07, 0x08, 0x03, 0x0c, 0x01, 0x86, 0x0f, 0x1c, 0xb0, 0xff, 0xff, 0xff, 
	0xff, 0xff, 0x7f, 0x00, 0x07, 0x08, 0x03, 0x0c, 0x00, 0x86, 0x4f, 0x06, 0x98, 0xff, 0xff, 0xff, 
	0xff, 0xff, 0x7f, 0x00, 0x07, 0x0c, 0x03, 0x0c, 0x00, 0x86, 0xff, 0x03, 0x98, 0xff, 0xff, 0xff, 
	0xff, 0xff, 0x7f, 0x80, 0x0f, 0x0c, 0x07, 0x0c, 0x00, 0x86, 0xff, 0x03, 0xc8, 0xff, 0xff, 0xff, 
	0xff, 0xff, 0x7f, 0xc0, 0x1f, 0x8f, 0x07, 0x1e, 0x00, 0xce, 0xff, 0x03, 0xc8, 0xff, 0xff, 0xff, 
	0xff, 0xff, 0xff, 0xff, 0xff, 0xff, 0xff, 0xff, 0xff, 0xff, 0xff, 0x03, 0xf0, 0xff, 0xff, 0xff, 
	0xff, 0xff, 0xff, 0xff, 0xff, 0xff, 0xff, 0xff, 0xff, 0xff, 0xff, 0x07, 0xf0, 0xff, 0xff, 0xff, 
	0xff, 0xff, 0xff, 0xff, 0xff, 0xff, 0xff, 0xff, 0xff, 0xff, 0xff, 0x1f, 0xe0, 0xff, 0xff, 0xff, 
	0xff, 0xff, 0xff, 0xff, 0xff, 0xfe, 0xbc, 0xef, 0xef, 0xf1, 0xff, 0x3f, 0xe0, 0xff, 0xff, 0xff, 
	0xff, 0xff, 0xff, 0xff, 0x3f, 0x1c, 0x0c, 0x07, 0xc7, 0xc0, 0x07, 0x7f, 0x80, 0xff, 0xff, 0xff, 
	0xff, 0xff, 0xff, 0xff, 0x3f, 0x1c, 0x04, 0x06, 0xc7, 0x80, 0x07, 0x7e, 0x80, 0xff, 0xff, 0xff, 
	0xff, 0xff, 0xff, 0xff, 0x3f, 0x1c, 0x00, 0x04, 0x07, 0x80, 0x03, 0x7e, 0x80, 0xff, 0xff, 0xff, 
	0xff, 0xff, 0xff, 0xff, 0x3f, 0x0c, 0x02, 0x00, 0x06, 0x00, 0x03, 0x7e, 0x80, 0xff, 0xff, 0xff, 
	0xff, 0xff, 0xff, 0xff, 0x3f, 0x0c, 0x02, 0x00, 0x06, 0x00, 0x03, 0x7e, 0x80, 0xff, 0xff, 0xff, 
	0xff, 0xff, 0xff, 0xff, 0x3f, 0x0c, 0x00, 0x08, 0x06, 0x00, 0x07, 0x7c, 0xa0, 0xff, 0xff, 0xff, 
	0xff, 0xff, 0xff, 0xff, 0x3f, 0x0c, 0x41, 0x08, 0x06, 0x00, 0x07, 0x3c, 0xa0, 0xff, 0xff, 0xff, 
	0xff, 0xff, 0xff, 0xff, 0x3f, 0x0c, 0x61, 0x00, 0x04, 0x0c, 0x06, 0x18, 0xa0, 0xff, 0xff, 0xff, 
	0xff, 0xff, 0xff, 0xff, 0x3f, 0x04, 0x61, 0x00, 0x00, 0x1e, 0x06, 0x00, 0xa0, 0xff, 0xff, 0xff, 
	0xff, 0xff, 0xff, 0xff, 0x3f, 0x00, 0xf0, 0x00, 0x00, 0xfe, 0x07, 0x00, 0xb0, 0xff, 0xff, 0xff, 
	0xff, 0xff, 0xff, 0xff, 0x3f, 0x80, 0xf8, 0x01, 0x00, 0xfe, 0x0f, 0x00, 0x90, 0xff, 0xff, 0xff, 
	0xff, 0xff, 0xff, 0xff, 0x3f, 0x80, 0xf8, 0x01, 0x00, 0xfe, 0x0f, 0x00, 0x90, 0xff, 0xff, 0xff, 
	0xff, 0xff, 0xff, 0xff, 0x3f, 0x80, 0xf8, 0x01, 0x00, 0x4e, 0x0f, 0x00, 0x98, 0xff, 0xff, 0xff, 
	0xff, 0xff, 0xff, 0xff, 0x3f, 0x80, 0xf0, 0x00, 0x00, 0x0e, 0x1e, 0x00, 0xc8, 0xff, 0xff, 0xff, 
	0xff, 0xff, 0xff, 0xff, 0x3f, 0x80, 0xf0, 0x00, 0x00, 0x0e, 0x3e, 0x00, 0xcc, 0xff, 0xff, 0xff, 
	0xff, 0xff, 0xff, 0xff, 0x3f, 0x80, 0xf0, 0x00, 0x00, 0x0e, 0x5e, 0x00, 0xe6, 0xff, 0xff, 0xff, 
	0xff, 0xff, 0xff, 0xff, 0x3f, 0x04, 0xf0, 0x00, 0x00, 0x1e, 0x9e, 0x00, 0xe7, 0xff, 0xff, 0xff, 
	0xff, 0xff, 0xff, 0xff, 0x3f, 0x0c, 0x91, 0x00, 0x00, 0x1c, 0x3e, 0x87, 0xf3, 0xff, 0xff, 0xff, 
	0xff, 0xff, 0xff, 0xff, 0x3f, 0x0c, 0x91, 0x81, 0x00, 0x08, 0x3e, 0xfe, 0xf1, 0xff, 0xff, 0xff, 
	0xff, 0xff, 0xff, 0xff, 0x3f, 0x0c, 0x01, 0x88, 0x00, 0x00, 0x7e, 0x38, 0xf8, 0xff, 0xff, 0xff, 
	0xff, 0xff, 0xff, 0xff, 0x3f, 0x0c, 0x02, 0x80, 0x01, 0x00, 0x7e, 0x00, 0xf8, 0xff, 0xff, 0xff, 
	0xff, 0xff, 0xff, 0xff, 0x3f, 0x0c, 0x02, 0x80, 0x01, 0x00, 0xfe, 0x01, 0xfe, 0xff, 0xff, 0xff, 
	0xff, 0xff, 0xff, 0xff, 0x3f, 0x1c, 0x00, 0x84, 0x01, 0x00, 0xfe, 0x03, 0xff, 0xff, 0xff, 0xff, 
	0xff, 0xff, 0xff, 0xff, 0x3f, 0x1c, 0x04, 0x86, 0x81, 0x00, 0xfe, 0xff, 0xff, 0xff, 0xff, 0xff, 
	0xff, 0xff, 0xff, 0xff, 0x3f, 0x1c, 0x0c, 0x86, 0xc3, 0x20, 0xfe, 0xff, 0xff, 0xff, 0xff, 0xff, 
	0xff, 0xff, 0xff, 0xff, 0xff, 0xff, 0xff, 0xff, 0xff, 0xff, 0xff, 0xff, 0xff, 0xff, 0xff, 0xff, 
	0xff, 0xff, 0xff, 0xff, 0xff, 0xff, 0xff, 0xff, 0xff, 0xff, 0xff, 0xff, 0xff, 0xff, 0xff, 0xff, 
	0xff, 0xff, 0xff, 0xff, 0xff, 0xff, 0xff, 0xff, 0xff, 0xff, 0xff, 0xff, 0xff, 0xff, 0xff, 0xff, 
	0xff, 0xff, 0xff, 0xff, 0xff, 0xff, 0xff, 0xff, 0xff, 0xff, 0xff, 0xff, 0xff, 0xff, 0xff, 0xff};
#endif

#ifdef ENABLE_MAPPY
const uint8_t Mappy_Logo_bits[] PROGMEM = {
	0xff, 0xff, 0xff, 0xff, 0xff, 0xff, 0xff, 0xff, 0xff, 0xff, 0xff, 0xff, 0xff, 0xff, 0xff, 0xff, 
	0xff, 0xff, 0xff, 0xff, 0xff, 0xff, 0xff, 0xff, 0xff, 0xff, 0xff, 0xff, 0xff, 0xff, 0xff, 0xff, 
	0xff, 0xff, 0xff, 0xff, 0xff, 0xff, 0xff, 0xff, 0xff, 0xff, 0xff, 0xff, 0xff, 0xff, 0xff, 0xff, 
	0xff, 0xff, 0xff, 0xff, 0xff, 0xff, 0xff, 0xff, 0xff, 0xff, 0xff, 0xff, 0xff, 0xff, 0xff, 0xff, 
	0xff, 0xff, 0xff, 0xff, 0xff, 0xff, 0xff, 0xff, 0xff, 0xff, 0xff, 0xff, 0xff, 0xff, 0xff, 0xff, 
	0xff, 0xff, 0xff, 0xff, 0xff, 0xff, 0xff, 0xff, 0xff, 0xff, 0xff, 0xff, 0x07, 0x80, 0xff, 0xdf, 
	0xff, 0xff, 0xff, 0xff, 0xff, 0xff, 0xff, 0x3f, 0x00, 0xf8, 0x07, 0x80, 0x07, 0x00, 0xff, 0xc3, 
	0xff, 0x7f, 0xff, 0xdf, 0xff, 0xff, 0xfd, 0x3f, 0x00, 0xf0, 0x07, 0x00, 0x07, 0x00, 0xff, 0xc1, 
	0xff, 0x3f, 0xff, 0x9f, 0xff, 0xff, 0xf9, 0x3f, 0x00, 0xe0, 0x07, 0x00, 0x0c, 0x00, 0xff, 0xe1, 
	0xff, 0x3f, 0xff, 0x9f, 0xff, 0xff, 0xf8, 0x3f, 0x00, 0xc0, 0x03, 0x00, 0x08, 0x00, 0xfe, 0xe0, 
	0xff, 0x3f, 0xfe, 0x8f, 0xff, 0xff, 0xf8, 0x3f, 0x00, 0x80, 0x07, 0x00, 0x18, 0x00, 0xfe, 0xe0, 
	0xff, 0x3f, 0xfe, 0x8f, 0xff, 0xff, 0xf8, 0x3f, 0x00, 0x80, 0x07, 0x00, 0x18, 0x00, 0xfc, 0xf0, 
	0xff, 0x3f, 0xfc, 0x8f, 0xff, 0xff, 0xf0, 0x7f, 0x00, 0x80, 0x0f, 0x00, 0x78, 0x00, 0x7c, 0xf0, 
	0xff, 0x3f, 0xfc, 0x87, 0xff, 0x7f, 0xf0, 0xff, 0x07, 0xf8, 0xff, 0xf0, 0xff, 0x00, 0x7c, 0xf0, 
	0xff, 0x3f, 0xfc, 0x87, 0xff, 0x7f, 0xf0, 0xff, 0x0f, 0xff, 0xff, 0xf3, 0xff, 0x01, 0x7c, 0xf8, 
	0xff, 0x1f, 0xf8, 0x87, 0xff, 0x7f, 0x70, 0x80, 0x1c, 0x7f, 0xc8, 0x73, 0x8f, 0x01, 0x76, 0xf8, 
	0xff, 0x1f, 0xf8, 0x03, 0xff, 0x3f, 0x60, 0x00, 0x30, 0x0f, 0x00, 0x37, 0x00, 0x03, 0x36, 0xf8, 
	0xff, 0x1f, 0xf0, 0x03, 0xff, 0x3f, 0x60, 0x00, 0x70, 0x07, 0x00, 0x7e, 0x00, 0x03, 0x32, 0xfc, 
	0xff, 0x1f, 0xf0, 0x01, 0xff, 0x1f, 0x60, 0x00, 0xe1, 0x07, 0x20, 0x7c, 0x00, 0x02, 0x13, 0xfc, 
	0xff, 0x1f, 0xf0, 0x01, 0xff, 0x1f, 0x60, 0x80, 0xc7, 0x0f, 0xf0, 0x78, 0x00, 0x06, 0x1b, 0xfc, 
	0xff, 0x1f, 0xe0, 0x00, 0xff, 0x1f, 0x40, 0x80, 0x8f, 0x0f, 0xf8, 0xf1, 0x00, 0x86, 0x09, 0xfe, 
	0x7f, 0x0e, 0xf0, 0x00, 0xff, 0x09, 0x40, 0x80, 0x9d, 0x0f, 0xb8, 0xf3, 0x00, 0x84, 0x09, 0xfe, 
	0x7f, 0x0e, 0xb0, 0x00, 0xff, 0x09, 0x40, 0x80, 0x38, 0x0f, 0x18, 0xf3, 0x00, 0x8c, 0x0c, 0xff, 
	0x7f, 0x0e, 0x90, 0x00, 0xfe, 0x09, 0x40, 0x80, 0x30, 0x0f, 0x18, 0xe6, 0x01, 0xcc, 0x0c, 0xff, 
	0x7f, 0x0c, 0x98, 0x00, 0xfe, 0x18, 0x40, 0x80, 0x60, 0x0f, 0x18, 0xe4, 0x01, 0xc8, 0x04, 0xff, 
	0x7f, 0x0c, 0x98, 0x00, 0xfe, 0x10, 0x40, 0x80, 0x60, 0x0f, 0x18, 0xe4, 0x01, 0x48, 0x86, 0xff, 
	0x7f, 0x08, 0x88, 0x00, 0xfe, 0x10, 0x40, 0x80, 0x40, 0x0e, 0x18, 0xcc, 0x03, 0x78, 0x86, 0xff, 
	0x7f, 0x08, 0x8c, 0x01, 0x7e, 0x30, 0x40, 0x80, 0x40, 0x0e, 0x18, 0xc8, 0x03, 0x70, 0x83, 0xff, 
	0x7f, 0x18, 0x84, 0x01, 0x7e, 0x30, 0x40, 0x80, 0x40, 0x0e, 0x18, 0xc8, 0x03, 0x30, 0xc3, 0xff, 
	0x3f, 0x10, 0x06, 0x01, 0x7c, 0x20, 0x40, 0x80, 0x40, 0x0e, 0x18, 0xc8, 0x07, 0x30, 0xc3, 0xff, 
	0x3f, 0x30, 0x06, 0x01, 0x7c, 0x60, 0x40, 0x80, 0xc0, 0x0e, 0x18, 0xc8, 0x07, 0x80, 0xc1, 0xff, 
	0x3f, 0x30, 0x02, 0x01, 0x3c, 0x60, 0x40, 0x80, 0xc0, 0x0e, 0x18, 0xc8, 0x07, 0x80, 0xe1, 0xff, 
	0x3f, 0x60, 0x03, 0x03, 0x3c, 0x40, 0x40, 0x80, 0xc0, 0x0e, 0x18, 0xc8, 0x0f, 0x80, 0xe0, 0xff, 
	0x3f, 0x60, 0x01, 0x03, 0x1c, 0x40, 0x40, 0x80, 0xc0, 0x0e, 0x18, 0xc8, 0x0f, 0x80, 0xe0, 0xff, 
	0x3f, 0xc0, 0x01, 0x03, 0x18, 0xc0, 0x40, 0x80, 0x40, 0x0e, 0x18, 0xc8, 0x0b, 0xc0, 0xf0, 0xff, 
	0x1f, 0xc0, 0x01, 0x02, 0x18, 0x80, 0x40, 0x80, 0x40, 0x0e, 0x18, 0xc8, 0x19, 0x40, 0xf0, 0xff, 
	0x1f, 0x80, 0x00, 0x02, 0x08, 0x80, 0x40, 0x80, 0x40, 0x0e, 0x18, 0xc8, 0x11, 0x60, 0xf0, 0xff, 
	0x1f, 0x00, 0x00, 0x02, 0x08, 0x80, 0x40, 0x80, 0x40, 0x0e, 0x18, 0xcc, 0x30, 0x60, 0xf8, 0xff, 
	0x1f, 0x00, 0x00, 0x06, 0x08, 0x80, 0x41, 0x80, 0x60, 0x0e, 0x18, 0x6c, 0x30, 0x20, 0xf8, 0xff, 
	0x1f, 0x00, 0x00, 0x06, 0x0c, 0x00, 0x41, 0x80, 0x60, 0x0f, 0x18, 0x64, 0x30, 0x30, 0xf8, 0xff, 
	0x1f, 0x00, 0x00, 0x04, 0x64, 0x00, 0x41, 0x80, 0x20, 0x09, 0x18, 0x26, 0x70, 0x30, 0xfc, 0xff, 
	0x0f, 0x00, 0x00, 0x04, 0x64, 0x00, 0x43, 0x80, 0x30, 0x09, 0x18, 0x26, 0x78, 0x10, 0xfc, 0xff, 
	0xcf, 0x00, 0x03, 0x04, 0x66, 0x00, 0x43, 0x80, 0x18, 0x09, 0x18, 0x33, 0x78, 0x18, 0xfe, 0xff, 
	0xcf, 0x00, 0x03, 0x04, 0x76, 0x00, 0x42, 0x80, 0x9c, 0x0d, 0x98, 0x33, 0xfc, 0x18, 0xfe, 0xff, 
	0xcf, 0x00, 0x03, 0x0c, 0xf3, 0x00, 0x46, 0x80, 0x8f, 0x0d, 0xf8, 0x11, 0xff, 0x08, 0xfe, 0xff, 
	0xcf, 0x81, 0x03, 0x0c, 0xf3, 0x00, 0x46, 0x80, 0xc7, 0x0f, 0xf0, 0xf8, 0xff, 0x0c, 0xff, 0xff, 
	0xcf, 0x81, 0x03, 0x08, 0xf9, 0x00, 0x44, 0x00, 0xc0, 0x0f, 0x00, 0xf8, 0xff, 0x0c, 0xff, 0xff, 
	0xcf, 0x83, 0x06, 0x08, 0xf9, 0x01, 0x44, 0x00, 0xe0, 0x07, 0x00, 0xfc, 0xff, 0x04, 0xff, 0xff, 
	0xe7, 0xc3, 0x06, 0x88, 0xf9, 0x01, 0x4c, 0x00, 0x30, 0x0f, 0x00, 0xf7, 0x7f, 0x86, 0xff, 0xff, 
	0xe7, 0x46, 0x06, 0x88, 0x98, 0x00, 0x48, 0x00, 0x3c, 0x0f, 0x80, 0xf7, 0x7f, 0x86, 0xff, 0xff, 
	0xe7, 0x66, 0x04, 0x98, 0x00, 0x00, 0x48, 0x80, 0x0f, 0x0f, 0xf0, 0xf3, 0x7f, 0x83, 0xff, 0xff, 
	0xe7, 0x64, 0x04, 0xd8, 0x00, 0x00, 0x48, 0x80, 0x07, 0x0f, 0xf8, 0xf0, 0x3f, 0xc3, 0xff, 0xff, 
	0xe7, 0x2c, 0x04, 0xd0, 0x00, 0x00, 0x58, 0x80, 0x00, 0x0f, 0x18, 0xf0, 0x3f, 0xc3, 0xff, 0xff, 
	0xe7, 0x3c, 0x04, 0x70, 0x00, 0x00, 0x50, 0x80, 0x00, 0x0f, 0x18, 0xf0, 0x1f, 0xff, 0xff, 0xff, 
	0xf7, 0xff, 0x0f, 0x70, 0xfe, 0x07, 0x70, 0x80, 0xff, 0x0f, 0xf8, 0xff, 0x9f, 0xff, 0xff, 0xff, 
	0xf3, 0xff, 0x0f, 0x30, 0xff, 0x07, 0x70, 0x80, 0xff, 0x07, 0xf0, 0xff, 0x8f, 0xff, 0xff, 0xff, 
	0xf3, 0xff, 0x0f, 0x30, 0xff, 0x07, 0x60, 0x80, 0xff, 0x07, 0xf0, 0xff, 0x8f, 0xff, 0xff, 0xff, 
	0xf3, 0xff, 0x0f, 0x30, 0xff, 0x07, 0x60, 0x80, 0xff, 0x07, 0xf0, 0xff, 0xcf, 0xff, 0xff, 0xff, 
	0xff, 0xff, 0x1f, 0xf0, 0xff, 0x0f, 0x64, 0x80, 0xff, 0x0f, 0xf8, 0xff, 0xef, 0xff, 0xff, 0xff, 
	0xff, 0xff, 0xff, 0xff, 0xff, 0xff, 0xff, 0xff, 0xff, 0xff, 0xff, 0xff, 0xff, 0xff, 0xff, 0xff, 
	0xff, 0xff, 0xff, 0xff, 0xff, 0xff, 0xff, 0xff, 0xff, 0xff, 0xff, 0xff, 0xff, 0xff, 0xff, 0xff, 
	0xff, 0xff, 0xff, 0xff, 0xff, 0xff, 0xff, 0xff, 0xff, 0xff, 0xff, 0xff, 0xff, 0xff, 0xff, 0xff, 
	0xff, 0xff, 0xff, 0xff, 0xff, 0xff, 0xff, 0xff, 0xff, 0xff, 0xff, 0xff, 0xff, 0xff, 0xff, 0xff, 
	0xff, 0xff, 0xff, 0xff, 0xff, 0xff, 0xff, 0xff, 0xff, 0xff, 0xff, 0xff, 0xff, 0xff, 0xff, 0xff
};
#endif

#ifdef ENABLE_MOONCRESTA
const uint8_t Mooncresta_Logo_bits[] PROGMEM = {
  0xff, 0xff, 0xff, 0xff, 0xff, 0xff, 0xff, 0xff, 0xff, 0xff, 0xff, 0xff, 0xff, 0xff, 0xff, 0xff, 
	0xff, 0xff, 0xff, 0xff, 0xff, 0xff, 0xff, 0xff, 0xff, 0xff, 0xff, 0xff, 0xff, 0xff, 0xff, 0xff, 
	0xff, 0xff, 0xff, 0xff, 0xff, 0xff, 0xff, 0xff, 0xff, 0xff, 0xff, 0xff, 0xff, 0xff, 0xff, 0xff, 
	0xff, 0xff, 0xff, 0xff, 0xff, 0xff, 0xff, 0xff, 0xff, 0xff, 0xff, 0xff, 0xff, 0xff, 0xff, 0xff, 
	0xff, 0xff, 0xff, 0xff, 0xcf, 0xff, 0xff, 0x3f, 0xfe, 0xff, 0xff, 0xfb, 0xff, 0xff, 0xff, 0xff, 
	0xff, 0xff, 0xff, 0xff, 0x8f, 0xff, 0xff, 0x1f, 0xfc, 0xff, 0xff, 0xf1, 0xff, 0xff, 0xff, 0xff, 
	0xff, 0xff, 0xff, 0xff, 0x0f, 0xff, 0xff, 0x1f, 0xfc, 0xff, 0xff, 0xf8, 0xff, 0xff, 0xff, 0xff, 
	0xff, 0xff, 0xff, 0xff, 0x0f, 0xff, 0xff, 0x8f, 0xf8, 0xff, 0x7f, 0xf8, 0xff, 0xff, 0xff, 0xff, 
	0xff, 0xff, 0xff, 0xff, 0x6f, 0xfc, 0xff, 0x8f, 0xf8, 0xff, 0x3f, 0xfa, 0xff, 0xff, 0xff, 0xff, 
	0xff, 0xff, 0xff, 0xff, 0x6e, 0xfc, 0xff, 0x87, 0xf0, 0xff, 0x1f, 0xfb, 0xff, 0xff, 0xff, 0xff, 
	0xff, 0xff, 0xff, 0xff, 0xdc, 0xf8, 0xff, 0x05, 0xc2, 0xff, 0x0f, 0x3b, 0xff, 0xff, 0xff, 0xff, 
	0xff, 0xff, 0xff, 0xff, 0xd8, 0xf1, 0xff, 0x00, 0x82, 0xff, 0x87, 0x1f, 0xff, 0xff, 0xff, 0xff, 
	0xff, 0xff, 0xff, 0xff, 0x90, 0xe3, 0xff, 0x14, 0x82, 0xff, 0xc3, 0x0d, 0xff, 0xff, 0xff, 0xff, 
	0xff, 0xff, 0xff, 0xff, 0x80, 0xc7, 0xff, 0x14, 0x82, 0xff, 0xe1, 0x04, 0xff, 0xff, 0xff, 0xff, 
	0xff, 0xff, 0xff, 0xe7, 0x00, 0x8f, 0xcf, 0x14, 0x02, 0xf9, 0xf0, 0x80, 0xf7, 0xff, 0xff, 0xff, 
	0xff, 0xff, 0xff, 0xc7, 0x04, 0x1e, 0x8f, 0x14, 0x12, 0xf9, 0x78, 0xa0, 0xf3, 0xff, 0xff, 0xff, 
	0xff, 0xff, 0xff, 0x87, 0x09, 0x3c, 0x0e, 0x14, 0x12, 0x39, 0x7c, 0x90, 0xf1, 0xff, 0xff, 0xff, 
	0xff, 0xff, 0xff, 0x87, 0x19, 0x78, 0x0c, 0x14, 0x10, 0x38, 0x1e, 0xd8, 0xf0, 0xff, 0xff, 0xff, 
	0xff, 0xff, 0xff, 0x0f, 0x38, 0xf0, 0x08, 0x84, 0x10, 0x08, 0x0f, 0x58, 0xf0, 0xff, 0xff, 0xff, 
	0xff, 0xff, 0xff, 0x2f, 0x70, 0xf0, 0x01, 0xc2, 0x10, 0x88, 0x07, 0x0e, 0xf6, 0xff, 0xff, 0xff, 
	0xff, 0xff, 0xff, 0x6f, 0xf0, 0xe0, 0x03, 0xc2, 0x91, 0xc0, 0x07, 0x0f, 0xf3, 0xff, 0xff, 0xff, 
	0xff, 0xff, 0xff, 0xcf, 0xe0, 0x80, 0x07, 0xe2, 0x97, 0xe0, 0x81, 0x07, 0xfb, 0xff, 0xff, 0xff, 
	0xff, 0xff, 0xff, 0x8f, 0xc1, 0x81, 0x07, 0x9e, 0x9f, 0xf1, 0xc0, 0x83, 0xf9, 0xff, 0xff, 0xff, 
	0xff, 0xff, 0xff, 0x1f, 0x83, 0x03, 0x07, 0x8e, 0xb8, 0x71, 0xc0, 0xe0, 0xfc, 0xff, 0xff, 0xff, 
	0xff, 0xff, 0xff, 0x3f, 0x07, 0x0f, 0xe6, 0x86, 0xf0, 0x71, 0xf8, 0x70, 0xfc, 0xff, 0xff, 0xff, 
	0xff, 0xff, 0xff, 0x7f, 0x0e, 0x0e, 0xf0, 0x83, 0xf0, 0x03, 0x78, 0x70, 0xfe, 0xff, 0xff, 0xff, 
	0xff, 0xff, 0xff, 0xff, 0x1c, 0x04, 0xf0, 0xc1, 0x30, 0x07, 0x38, 0x18, 0xff, 0xff, 0xff, 0xff, 
	0xff, 0xff, 0xff, 0xff, 0x39, 0x04, 0xf0, 0xf1, 0x00, 0x0e, 0x10, 0x8c, 0xff, 0xff, 0xff, 0xff, 
	0xff, 0xff, 0xff, 0xff, 0x73, 0x00, 0x8c, 0xf1, 0x1c, 0x1c, 0x00, 0xc7, 0xff, 0xff, 0xff, 0xff, 
	0xff, 0xff, 0xff, 0xff, 0xe7, 0x20, 0x0c, 0x79, 0x1c, 0x38, 0x00, 0xe7, 0xff, 0xff, 0xff, 0xff, 
	0xff, 0xff, 0xff, 0xff, 0xcf, 0x21, 0x06, 0x79, 0x3c, 0x70, 0x80, 0xf3, 0xff, 0xff, 0xff, 0xff, 
	0xff, 0xff, 0xff, 0xff, 0x8f, 0x63, 0x03, 0x81, 0xfc, 0x70, 0xc2, 0xf8, 0xff, 0xff, 0xff, 0xff, 
	0xff, 0xff, 0xff, 0xff, 0x1f, 0x67, 0x32, 0x81, 0xf8, 0x74, 0xf2, 0xfc, 0xff, 0xff, 0xff, 0xff, 
	0xff, 0xff, 0xff, 0xff, 0x3f, 0x72, 0x32, 0x81, 0xf0, 0x74, 0x72, 0xfc, 0xff, 0xff, 0xff, 0xff, 
	0xff, 0xff, 0xff, 0xff, 0x7f, 0x72, 0x32, 0x81, 0xf1, 0x7c, 0x37, 0xff, 0xff, 0xff, 0xff, 0xff, 
	0xff, 0xff, 0xff, 0xff, 0xff, 0x70, 0x32, 0xe1, 0xe1, 0x3c, 0x27, 0xff, 0xff, 0xff, 0xff, 0xff, 
	0xff, 0xff, 0xff, 0xff, 0xff, 0x71, 0x00, 0xf9, 0xc3, 0x3c, 0xc7, 0xff, 0xff, 0xff, 0xff, 0xff, 
	0xff, 0xff, 0xff, 0xff, 0xff, 0x73, 0x81, 0xf9, 0xc7, 0x3c, 0xe3, 0xff, 0xff, 0xff, 0xff, 0xff, 
	0xff, 0xff, 0xff, 0xff, 0xff, 0x33, 0x81, 0xf8, 0xce, 0x9c, 0xe0, 0xff, 0xff, 0xff, 0xff, 0xff, 
	0xff, 0xff, 0xff, 0xff, 0xff, 0x31, 0xc1, 0x78, 0xcc, 0x9c, 0xe0, 0xff, 0xff, 0xff, 0xff, 0xff, 
	0xff, 0xff, 0xff, 0xff, 0xff, 0x91, 0xc9, 0x88, 0xc0, 0x9c, 0xc0, 0xff, 0xff, 0xff, 0xff, 0xff, 
	0xff, 0xff, 0xff, 0xff, 0xff, 0xb9, 0x89, 0x80, 0xc0, 0x8c, 0xc4, 0xff, 0xff, 0xff, 0xff, 0xff, 
	0xff, 0xff, 0xff, 0xff, 0xff, 0xf9, 0x98, 0x80, 0xc0, 0xcc, 0xcf, 0xff, 0xff, 0xff, 0xff, 0xff, 
	0xff, 0xff, 0xff, 0xff, 0xff, 0xf9, 0x9c, 0x00, 0xe0, 0xcc, 0xcf, 0xff, 0xff, 0xff, 0xff, 0xff, 
	0xff, 0xff, 0xff, 0xff, 0xff, 0xf9, 0xfd, 0x1f, 0xfe, 0xed, 0x8f, 0xff, 0xff, 0xff, 0xff, 0xff, 
	0xff, 0xff, 0xff, 0xff, 0xff, 0xf8, 0xff, 0x7f, 0xfe, 0xff, 0x8f, 0xff, 0xff, 0xff, 0xff, 0xff, 
	0xff, 0xff, 0xff, 0xff, 0xff, 0x00, 0x00, 0xe0, 0x07, 0x00, 0x80, 0xff, 0xff, 0xff, 0xff, 0xff, 
	0xff, 0xff, 0xff, 0xff, 0xff, 0x00, 0x00, 0xc0, 0x01, 0x00, 0x80, 0xff, 0xff, 0xff, 0xff, 0xff, 
	0xff, 0xff, 0xff, 0xff, 0xff, 0x00, 0x00, 0x80, 0x01, 0x00, 0x80, 0xff, 0xff, 0xff, 0xff, 0xff, 
	0xff, 0xff, 0xff, 0xff, 0xff, 0x00, 0x00, 0x80, 0x00, 0x00, 0x80, 0xff, 0xff, 0xff, 0xff, 0xff, 
	0xff, 0xff, 0xff, 0xff, 0xff, 0xff, 0x7f, 0x1e, 0x3c, 0xff, 0xff, 0xff, 0xff, 0xff, 0xff, 0xff, 
	0xff, 0xff, 0xff, 0xff, 0xff, 0xff, 0xff, 0x3c, 0xbe, 0xff, 0xff, 0xff, 0xff, 0xff, 0xff, 0xff, 
	0xff, 0xff, 0xff, 0xff, 0xff, 0xff, 0xff, 0x38, 0x8e, 0xff, 0xff, 0xff, 0xff, 0xff, 0xff, 0xff, 
	0xff, 0xff, 0xff, 0xff, 0xff, 0xff, 0xff, 0x71, 0xc7, 0xff, 0xff, 0xff, 0xff, 0xff, 0xff, 0xff, 
	0xff, 0xff, 0xff, 0xff, 0xff, 0xff, 0xff, 0xe3, 0xe3, 0xff, 0xff, 0xff, 0xff, 0xff, 0xff, 0xff, 
	0xff, 0xff, 0xff, 0xff, 0xff, 0xff, 0xff, 0xc7, 0xf1, 0xff, 0xff, 0xff, 0xff, 0xff, 0xff, 0xff, 
	0xff, 0xff, 0xff, 0xff, 0xff, 0xff, 0xff, 0x8f, 0xf8, 0xff, 0xff, 0xff, 0xff, 0xff, 0xff, 0xff, 
	0xff, 0xff, 0xff, 0xff, 0xff, 0xff, 0xff, 0x1f, 0xf8, 0xff, 0xff, 0xff, 0xff, 0xff, 0xff, 0xff, 
	0xff, 0xff, 0xff, 0xff, 0xff, 0xff, 0xff, 0x3f, 0xfe, 0xff, 0xff, 0xff, 0xff, 0xff, 0xff, 0xff, 
	0xff, 0xff, 0xff, 0xff, 0xff, 0xff, 0xff, 0x7f, 0xff, 0xff, 0xff, 0xff, 0xff, 0xff, 0xff, 0xff, 
	0xff, 0xff, 0xff, 0xff, 0xff, 0xff, 0xff, 0xff, 0xff, 0xff, 0xff, 0xff, 0xff, 0xff, 0xff, 0xff, 
	0xff, 0xff, 0xff, 0xff, 0xff, 0xff, 0xff, 0xff, 0xff, 0xff, 0xff, 0xff, 0xff, 0xff, 0xff, 0xff, 
	0xff, 0xff, 0xff, 0xff, 0xff, 0xff, 0xff, 0xff, 0xff, 0xff, 0xff, 0xff, 0xff, 0xff, 0xff, 0xff, 
	0xff, 0xff, 0xff, 0xff, 0xff, 0xff, 0xff, 0xff, 0xff, 0xff, 0xff, 0xff, 0xff, 0xff, 0xff, 0xff
	};
#endif

#ifdef ENABLE_NIBBLER
  const uint8_t Nibbler_Logo_bits[] PROGMEM = {
	0xff, 0xff, 0xff, 0xff, 0xff, 0xff, 0xff, 0xff, 0xff, 0xff, 0xff, 0xff, 0xff, 0xff, 0xff, 0xff, 
	0xff, 0xff, 0xff, 0xff, 0xff, 0xfc, 0xff, 0xff, 0xff, 0xff, 0xff, 0xff, 0xff, 0xff, 0xff, 0xff, 
	0xff, 0xff, 0xff, 0xff, 0x7f, 0xf8, 0xff, 0xff, 0xff, 0xff, 0xff, 0xff, 0xff, 0xff, 0xff, 0xff, 
	0xff, 0xff, 0xff, 0xff, 0x3f, 0xf8, 0xff, 0xff, 0xff, 0xff, 0xff, 0xff, 0xff, 0xff, 0xff, 0xff, 
	0xff, 0xff, 0xff, 0xff, 0x3f, 0xf0, 0xff, 0xff, 0xff, 0xff, 0xff, 0xff, 0xff, 0xff, 0xff, 0xff, 
	0xff, 0xff, 0xff, 0xff, 0x3f, 0xf0, 0xff, 0xff, 0xff, 0xff, 0xff, 0xff, 0xff, 0xff, 0xff, 0xff, 
	0xff, 0xff, 0xff, 0xff, 0x3f, 0xf0, 0xff, 0xff, 0xff, 0xff, 0xff, 0xff, 0xff, 0xff, 0xff, 0xff, 
	0xff, 0xff, 0xff, 0xff, 0x3f, 0xf0, 0xff, 0xff, 0xff, 0xff, 0xff, 0xff, 0xff, 0xff, 0xff, 0xff, 
	0xff, 0xff, 0xff, 0xff, 0x3f, 0xf0, 0xff, 0xff, 0xff, 0xff, 0xff, 0xff, 0xff, 0xff, 0xff, 0xff, 
	0xff, 0xff, 0xff, 0xff, 0x3f, 0xf0, 0xff, 0xff, 0xff, 0xff, 0xff, 0xff, 0xff, 0xff, 0xff, 0xff, 
	0xff, 0xff, 0xff, 0xff, 0x3f, 0xf8, 0xff, 0xff, 0xff, 0xff, 0xff, 0xff, 0xff, 0xff, 0xff, 0xff, 
	0xff, 0xff, 0xff, 0xff, 0x7f, 0xf8, 0xff, 0xff, 0xff, 0xff, 0xff, 0xff, 0xff, 0xff, 0xff, 0xff, 
	0xff, 0xff, 0xff, 0xff, 0xff, 0xfc, 0xff, 0xff, 0xff, 0xff, 0xff, 0xff, 0xff, 0xff, 0xff, 0xff, 
	0xff, 0xff, 0xff, 0xff, 0xff, 0xff, 0xff, 0xff, 0xff, 0xff, 0xff, 0xff, 0xff, 0xff, 0xff, 0xff, 
	0xff, 0xff, 0xff, 0xff, 0xff, 0xff, 0xff, 0xff, 0xff, 0xff, 0xff, 0xff, 0xff, 0xff, 0xff, 0xff, 
	0xff, 0xff, 0x3f, 0xf8, 0x60, 0x18, 0xc0, 0x07, 0xf0, 0x83, 0x0f, 0xe0, 0x0f, 0xff, 0xff, 0xff, 
	0xff, 0xff, 0x0f, 0xf0, 0x20, 0x18, 0x80, 0x07, 0xc0, 0x83, 0x0f, 0xc0, 0x07, 0xfc, 0xff, 0xff, 
	0xff, 0xff, 0x07, 0xf0, 0x20, 0x18, 0x00, 0x07, 0xc0, 0x83, 0x0f, 0xc0, 0x03, 0xf8, 0xff, 0xff, 
	0xff, 0xff, 0x07, 0xe0, 0x20, 0x18, 0x00, 0x07, 0x80, 0x83, 0x0f, 0xc0, 0x01, 0xf8, 0xff, 0xff, 
	0xff, 0xff, 0x03, 0xe0, 0x60, 0x18, 0x00, 0x07, 0x80, 0x83, 0x0f, 0xc0, 0x01, 0xf0, 0xff, 0xff, 
	0xff, 0xff, 0x03, 0xc0, 0x60, 0x18, 0x00, 0x06, 0x80, 0x83, 0x0f, 0xc0, 0x00, 0xf0, 0xff, 0xff, 
	0xff, 0xff, 0x01, 0xc0, 0x60, 0x18, 0x00, 0x06, 0x80, 0x83, 0x0f, 0xc0, 0x00, 0xe0, 0xff, 0xff, 
	0xff, 0xff, 0x01, 0x80, 0x60, 0x18, 0x00, 0x06, 0x00, 0x83, 0x0f, 0x40, 0x00, 0xe0, 0xff, 0xff, 
	0xff, 0xff, 0x01, 0x80, 0x60, 0x18, 0x00, 0x06, 0x00, 0x83, 0x0f, 0x60, 0x00, 0xe0, 0xff, 0xff, 
	0xff, 0xff, 0x00, 0x80, 0x61, 0x18, 0x0c, 0x06, 0x03, 0x83, 0x0f, 0x7e, 0x40, 0xc0, 0xff, 0xff, 
	0xff, 0xff, 0x40, 0x00, 0x60, 0x18, 0x0e, 0x06, 0x07, 0x83, 0x0f, 0x7f, 0xe0, 0xc0, 0xff, 0xff, 
	0xff, 0xff, 0x60, 0x00, 0x60, 0x18, 0x0e, 0x06, 0x87, 0x83, 0x0f, 0x7f, 0xf0, 0xc0, 0xff, 0xff, 
	0xff, 0xff, 0x60, 0x00, 0x60, 0x18, 0x0c, 0x07, 0x87, 0x83, 0x0f, 0x7f, 0xf0, 0xc0, 0xff, 0xff, 
	0xff, 0xff, 0x70, 0x00, 0x60, 0x18, 0x06, 0x07, 0x83, 0x83, 0x0f, 0x7e, 0xf0, 0xc1, 0xff, 0xff, 
	0xff, 0xff, 0x70, 0x00, 0x60, 0x18, 0x06, 0x07, 0x81, 0x83, 0x0f, 0x60, 0xf8, 0xc1, 0xff, 0xff, 
	0xff, 0xff, 0x70, 0x00, 0x60, 0x18, 0x06, 0x07, 0xc1, 0x83, 0x0f, 0x60, 0xf0, 0xc1, 0xff, 0xff, 
	0xff, 0xff, 0x70, 0x00, 0x60, 0x18, 0x06, 0x07, 0x81, 0x83, 0x0f, 0x60, 0xf0, 0xc1, 0xff, 0xff, 
	0xff, 0xff, 0x60, 0x10, 0x60, 0x18, 0x06, 0x06, 0x01, 0x83, 0x0f, 0x60, 0xf0, 0xc0, 0xff, 0xff, 
	0xff, 0xff, 0x60, 0x10, 0x60, 0x18, 0x06, 0x04, 0x03, 0x83, 0x0f, 0x60, 0xf0, 0xc0, 0xff, 0xff, 
	0xff, 0xff, 0x40, 0x30, 0x60, 0x18, 0x06, 0x0c, 0x03, 0x82, 0x0f, 0x60, 0x60, 0xe0, 0xff, 0xff, 
	0xff, 0xff, 0x40, 0x30, 0x60, 0x18, 0x06, 0x0c, 0x03, 0x82, 0x0f, 0x60, 0x00, 0xe0, 0xff, 0xff, 
	0xff, 0xff, 0x41, 0x70, 0x60, 0x18, 0x0c, 0x08, 0x07, 0x82, 0x0f, 0x60, 0x00, 0xe0, 0xff, 0xff, 
	0xff, 0xff, 0x41, 0x70, 0x60, 0x18, 0x1c, 0x00, 0x0f, 0x82, 0x0f, 0x74, 0x00, 0xf0, 0xff, 0xff, 
	0xff, 0xff, 0x41, 0xf0, 0x60, 0x18, 0x1c, 0x00, 0x0f, 0x82, 0x0f, 0x7e, 0x08, 0xf0, 0xff, 0xff, 
	0xff, 0xff, 0x43, 0xf0, 0x60, 0x18, 0x3c, 0x00, 0x0f, 0x80, 0x0f, 0x7f, 0x08, 0xf8, 0xff, 0xff, 
	0xff, 0xff, 0x43, 0xf0, 0x60, 0x18, 0x3c, 0x00, 0x0f, 0x82, 0x0f, 0x7f, 0x08, 0xf8, 0xff, 0xff, 
	0xff, 0xff, 0x47, 0xf0, 0x60, 0x18, 0x1c, 0x00, 0x0f, 0x82, 0x0f, 0x7f, 0x18, 0xf8, 0xff, 0xff, 
	0xff, 0xff, 0x07, 0xf0, 0x60, 0x18, 0x1c, 0x08, 0x0e, 0x82, 0x0f, 0x7e, 0x18, 0xf8, 0xff, 0xff, 
	0xff, 0xff, 0x4f, 0xf0, 0x60, 0x18, 0x08, 0x0c, 0x04, 0x82, 0x0f, 0x7e, 0x18, 0xf0, 0xff, 0xff, 
	0xff, 0xff, 0x5f, 0xf0, 0x60, 0x18, 0x00, 0x0c, 0x00, 0x02, 0x0c, 0x60, 0x30, 0xf0, 0xff, 0xff, 
	0xff, 0xff, 0x7f, 0xf0, 0x60, 0x18, 0x00, 0x0c, 0x00, 0x02, 0x08, 0x60, 0x70, 0xe0, 0xff, 0xff, 
	0xff, 0xff, 0x7f, 0xf0, 0x60, 0x18, 0x00, 0x0c, 0x00, 0x03, 0x08, 0x60, 0x70, 0xe0, 0xff, 0xff, 
	0xff, 0xff, 0x7f, 0xf0, 0x60, 0x38, 0x00, 0x0c, 0x00, 0x03, 0x08, 0x60, 0x70, 0xc0, 0xff, 0xff, 
	0xff, 0xff, 0x7f, 0xf0, 0x60, 0x30, 0x00, 0x1e, 0x00, 0x03, 0x08, 0x60, 0xf0, 0x80, 0xff, 0xff, 
	0xff, 0xff, 0x7f, 0xf0, 0x20, 0x70, 0x00, 0x1e, 0x80, 0x03, 0x18, 0x60, 0xf0, 0x80, 0xff, 0xff, 
	0xff, 0xff, 0x7f, 0xf0, 0x20, 0x70, 0x00, 0x3f, 0x80, 0x03, 0x18, 0x60, 0xf0, 0x81, 0xff, 0xff, 
	0xff, 0xff, 0x7f, 0xf0, 0x60, 0xf8, 0x80, 0x7f, 0xc0, 0x03, 0x38, 0x60, 0xf0, 0xc1, 0xff, 0xff, 
	0xff, 0xff, 0x7f, 0xf0, 0x71, 0xf8, 0xc1, 0xff, 0xe0, 0x07, 0x78, 0x60, 0xf8, 0xc3, 0xff, 0xff, 
	0xff, 0xff, 0x7f, 0xf0, 0xff, 0xff, 0xff, 0xff, 0xff, 0xff, 0xff, 0xff, 0xff, 0xe7, 0xff, 0xff, 
	0xff, 0xff, 0x7f, 0xf0, 0xff, 0xff, 0xff, 0xff, 0xff, 0xff, 0xff, 0xff, 0xff, 0xe7, 0xff, 0xff, 
	0xff, 0xff, 0x7f, 0xf0, 0xff, 0xff, 0xff, 0xff, 0xff, 0xff, 0xff, 0xff, 0xff, 0xf7, 0xff, 0xff, 
	0xff, 0xff, 0x7f, 0xf8, 0xff, 0xff, 0xff, 0xff, 0xff, 0xff, 0xff, 0xff, 0xff, 0xff, 0xff, 0xff, 
	0xff, 0xff, 0x7f, 0xf8, 0xff, 0xff, 0xff, 0xff, 0xff, 0xff, 0xff, 0xff, 0xff, 0xff, 0xff, 0xff, 
	0xff, 0xff, 0x7f, 0xfc, 0xff, 0xff, 0xff, 0xff, 0xff, 0xff, 0xff, 0xff, 0xff, 0xff, 0xff, 0xff, 
	0xff, 0xff, 0x7f, 0xfe, 0xff, 0xff, 0xff, 0xff, 0xff, 0xff, 0xff, 0xff, 0xff, 0xff, 0xff, 0xff, 
	0xff, 0xff, 0x7f, 0xff, 0xff, 0xff, 0xff, 0xff, 0xff, 0xff, 0xff, 0xff, 0xff, 0xff, 0xff, 0xff, 
	0xff, 0xff, 0xff, 0xff, 0xff, 0xff, 0xff, 0xff, 0xff, 0xff, 0xff, 0xff, 0xff, 0xff, 0xff, 0xff, 
	0xff, 0xff, 0xff, 0xff, 0xff, 0xff, 0xff, 0xff, 0xff, 0xff, 0xff, 0xff, 0xff, 0xff, 0xff, 0xff, 
	0xff, 0xff, 0xff, 0xff, 0xff, 0xff, 0xff, 0xff, 0xff, 0xff, 0xff, 0xff, 0xff, 0xff, 0xff, 0xff
};
#endif

#ifdef ENABLE_PHOENIX
const uint8_t Phoenix_Logo_bits[] PROGMEM = {
	0xff, 0xff, 0xff, 0x00, 0x00, 0xf8, 0xff, 0xff, 0xff, 0xff, 0xff, 0xff, 0xff, 0xff, 0xff, 0xff, 
	0xff, 0xff, 0xff, 0x00, 0x00, 0xf8, 0xff, 0xff, 0xff, 0xff, 0xff, 0xff, 0xff, 0xff, 0xff, 0xff, 
	0xff, 0xff, 0x7f, 0x00, 0x00, 0xf0, 0xff, 0xff, 0xff, 0xff, 0xff, 0xff, 0xff, 0xff, 0xff, 0xff, 
	0xff, 0xff, 0x7f, 0x00, 0x00, 0xf0, 0xff, 0xff, 0xff, 0xff, 0xff, 0xff, 0xff, 0xff, 0xff, 0xff, 
	0xff, 0xff, 0x3f, 0x01, 0x00, 0xf0, 0xff, 0xff, 0xff, 0xff, 0xff, 0xff, 0xff, 0xff, 0xff, 0xff, 
	0xff, 0xff, 0x9f, 0xf9, 0xff, 0xf1, 0xff, 0xff, 0xff, 0xff, 0xff, 0xff, 0xff, 0xff, 0xff, 0xff, 
	0xff, 0xff, 0x9f, 0xfd, 0xff, 0xf3, 0xff, 0xff, 0xff, 0xff, 0xff, 0xff, 0xff, 0xff, 0xff, 0xff, 
	0xff, 0xff, 0xcf, 0x05, 0x00, 0xf3, 0xff, 0xff, 0xff, 0xff, 0xff, 0xff, 0xff, 0xff, 0xff, 0xff, 
	0xff, 0xff, 0xcf, 0x01, 0x00, 0xf2, 0xff, 0xff, 0xff, 0xff, 0xff, 0xff, 0xff, 0xff, 0xff, 0xff, 
	0xff, 0xff, 0xef, 0x03, 0x00, 0xf2, 0xff, 0xff, 0xff, 0xff, 0x9f, 0xfd, 0xff, 0xff, 0xff, 0xff, 
	0xff, 0xff, 0xef, 0x01, 0x00, 0xf2, 0xff, 0xff, 0xff, 0xff, 0x0f, 0xf8, 0xff, 0xff, 0xff, 0xff, 
	0xff, 0xff, 0xef, 0xe1, 0x3f, 0xf2, 0xff, 0xff, 0xff, 0xff, 0x0f, 0xf8, 0xff, 0xff, 0xff, 0xff, 
	0xff, 0xff, 0xef, 0xe1, 0x7f, 0xf2, 0xff, 0xff, 0xff, 0xff, 0x27, 0xf8, 0xff, 0xff, 0xff, 0xff, 
	0xff, 0xff, 0xef, 0xe1, 0x70, 0xf2, 0xff, 0xff, 0xff, 0xff, 0x33, 0xf8, 0xff, 0xff, 0xff, 0xff, 
	0xff, 0xff, 0xef, 0xe1, 0x70, 0xf2, 0xff, 0xff, 0xff, 0xff, 0xb3, 0xf8, 0xff, 0xff, 0xff, 0xff, 
	0xff, 0xff, 0xef, 0xe1, 0x76, 0xf2, 0xff, 0xff, 0xff, 0xff, 0xb9, 0xf9, 0xff, 0xff, 0xff, 0xff, 
	0xff, 0xff, 0xef, 0xe1, 0x36, 0xf2, 0xff, 0xff, 0xff, 0xff, 0x98, 0xf9, 0xfb, 0xf3, 0xff, 0xff, 
	0xff, 0xff, 0xef, 0xe1, 0x1e, 0xe2, 0xff, 0xff, 0xff, 0xff, 0x9c, 0xf1, 0xf9, 0xf3, 0xff, 0xff, 
	0xff, 0xff, 0xef, 0xe1, 0x0e, 0xc1, 0xff, 0xff, 0xff, 0x7f, 0x3e, 0xf0, 0xf0, 0xf1, 0xff, 0xff, 
	0xff, 0xff, 0xef, 0xe1, 0x06, 0x8d, 0xff, 0xfb, 0xff, 0x3f, 0x3f, 0xe6, 0xf4, 0xf1, 0xff, 0xff, 
	0xff, 0xff, 0xef, 0xe1, 0x07, 0x0c, 0x00, 0x00, 0x00, 0x00, 0xff, 0x67, 0xf6, 0xf0, 0xff, 0xff, 
	0xff, 0xff, 0xef, 0xe1, 0x81, 0x1c, 0x00, 0x00, 0x00, 0x80, 0xff, 0x0f, 0xe7, 0xf0, 0xff, 0xff, 
	0xff, 0xff, 0xef, 0xe1, 0xe0, 0x36, 0x00, 0x06, 0x80, 0xc1, 0x77, 0x06, 0x63, 0xf0, 0xff, 0xff, 
	0xff, 0xff, 0xef, 0x61, 0xf0, 0x33, 0x7f, 0xe6, 0x9c, 0xf1, 0x33, 0x84, 0x63, 0xf0, 0xff, 0xff, 
	0xff, 0xff, 0xef, 0x21, 0xf0, 0x37, 0x00, 0x26, 0x80, 0xf0, 0x31, 0xc4, 0x01, 0xf0, 0xff, 0xff, 
	0xff, 0xff, 0xef, 0x11, 0xfc, 0x35, 0x00, 0x06, 0x80, 0xf0, 0x34, 0xcc, 0x01, 0xf3, 0xff, 0xff, 
	0xff, 0xff, 0xef, 0x01, 0xfc, 0x31, 0x00, 0x06, 0x80, 0x70, 0x34, 0x8c, 0x01, 0xf3, 0xff, 0xff, 
	0xff, 0xff, 0xef, 0x01, 0x7f, 0x30, 0x00, 0x06, 0x80, 0x31, 0x30, 0x8c, 0x31, 0xf2, 0xff, 0xff, 
	0xff, 0xff, 0xef, 0x81, 0x37, 0x30, 0x00, 0x06, 0x80, 0x21, 0x30, 0x04, 0x33, 0xf0, 0xff, 0xff, 
	0xff, 0xff, 0xef, 0x01, 0x07, 0x30, 0x00, 0x06, 0x80, 0x01, 0x30, 0x04, 0x33, 0xf0, 0xff, 0xff, 
	0xff, 0xff, 0xef, 0x01, 0x03, 0x30, 0x3e, 0x86, 0x8f, 0x09, 0x30, 0x04, 0x10, 0xf0, 0xff, 0xff, 
	0xff, 0xff, 0xef, 0x11, 0x01, 0x30, 0x3e, 0xc6, 0x8f, 0x09, 0x30, 0x0c, 0x00, 0xf0, 0xff, 0xff, 
	0xff, 0xff, 0xef, 0xc1, 0x80, 0x31, 0x3e, 0xc6, 0x8f, 0x01, 0x31, 0x0c, 0x00, 0xf8, 0xff, 0xff, 
	0xff, 0xff, 0xef, 0xe1, 0x80, 0x31, 0x3e, 0x86, 0x87, 0x01, 0x31, 0x1c, 0x80, 0xf8, 0xff, 0xff, 
	0xff, 0xff, 0xef, 0xe1, 0x80, 0x31, 0x3e, 0x86, 0x83, 0x01, 0x31, 0x1c, 0x00, 0xfc, 0xff, 0xff, 
	0xff, 0xff, 0xef, 0xe1, 0x80, 0x31, 0x3e, 0x86, 0x83, 0x81, 0x31, 0x3c, 0x40, 0xfc, 0xff, 0xff, 
	0xff, 0xff, 0xef, 0xe1, 0xc0, 0x30, 0x3e, 0x86, 0x81, 0xc0, 0x31, 0x7c, 0x20, 0xfe, 0xff, 0xff, 
	0xff, 0xff, 0xef, 0xed, 0xe6, 0x34, 0x3e, 0xc6, 0x8c, 0xe4, 0xb1, 0x7c, 0x0e, 0xff, 0xff, 0xff, 
	0xff, 0xff, 0xef, 0xed, 0xf6, 0xb4, 0xbe, 0x15, 0xce, 0xe6, 0xb1, 0x7d, 0x1e, 0xff, 0xff, 0xff, 
	0xff, 0xff, 0xef, 0xed, 0xf6, 0xf4, 0xbe, 0x15, 0xce, 0xe6, 0xbd, 0x7d, 0x1e, 0xff, 0xff, 0xff, 
	0xff, 0xff, 0xef, 0xed, 0xf6, 0xf4, 0xbe, 0x15, 0xe7, 0xe6, 0xbd, 0x7d, 0x1e, 0xfe, 0xff, 0xff, 
	0xff, 0xff, 0xef, 0xed, 0xf6, 0xd4, 0xbe, 0x95, 0xf3, 0xe6, 0xad, 0x3d, 0x3f, 0xfc, 0xff, 0xff, 
	0xff, 0xff, 0xef, 0xed, 0xf6, 0xb4, 0xbe, 0xb5, 0xf1, 0xf6, 0xbd, 0x3d, 0x33, 0xf8, 0xff, 0xff, 
	0xff, 0xff, 0xef, 0xed, 0xf6, 0xb4, 0xbe, 0xf7, 0xf9, 0xf6, 0xbd, 0x9d, 0x73, 0xf8, 0xff, 0xff, 
	0xff, 0xff, 0xef, 0xed, 0xf6, 0xb4, 0xbe, 0xf7, 0xfc, 0xf6, 0xbd, 0x8d, 0xe1, 0xf0, 0xff, 0xff, 
	0xff, 0xff, 0xef, 0xed, 0xf6, 0xf4, 0xbe, 0x77, 0xfc, 0xf6, 0xbd, 0xcd, 0xcc, 0xf0, 0xff, 0xff, 
	0xff, 0xff, 0xef, 0xed, 0xf6, 0xd4, 0x9c, 0x75, 0xfe, 0xf6, 0xad, 0xed, 0xcc, 0xf1, 0xff, 0xff, 
	0xff, 0xff, 0xef, 0x4d, 0xf6, 0xc4, 0x80, 0x31, 0x00, 0xf6, 0x8d, 0x61, 0x9e, 0xf1, 0xff, 0xff, 
	0xff, 0xff, 0xef, 0x0d, 0xf6, 0xcc, 0x80, 0x31, 0x00, 0xf6, 0x8d, 0x71, 0x9f, 0xf3, 0xff, 0xff, 
	0xff, 0xff, 0xef, 0x0d, 0xf6, 0xcc, 0xff, 0xf1, 0x3f, 0xe6, 0x8d, 0x31, 0x3f, 0xf3, 0xff, 0xff, 
	0xff, 0xff, 0xef, 0x0d, 0xf6, 0xcc, 0xff, 0xf1, 0x3f, 0xe6, 0x8d, 0xb1, 0x7f, 0xf3, 0xff, 0xff, 
	0xff, 0xff, 0xef, 0x09, 0xf6, 0x84, 0xff, 0xf0, 0x3f, 0xf4, 0x85, 0x91, 0x7f, 0xf2, 0xff, 0xff, 
	0xff, 0xff, 0xef, 0x01, 0xf0, 0x00, 0x00, 0x00, 0x00, 0xf0, 0x01, 0xc0, 0xff, 0xf0, 0xff, 0xff, 
	0xff, 0xff, 0xef, 0x01, 0xf0, 0x00, 0x00, 0x00, 0x00, 0xf0, 0x01, 0xc0, 0xff, 0xf0, 0xff, 0xff, 
	0xff, 0xff, 0xef, 0xf3, 0xf1, 0x39, 0x00, 0x0e, 0xc0, 0xf3, 0x7b, 0xe7, 0xff, 0xf1, 0xff, 0xff, 
	0xff, 0xff, 0xef, 0xff, 0xff, 0xff, 0xff, 0xff, 0xff, 0xff, 0xff, 0xe7, 0xff, 0xf1, 0xff, 0xff, 
	0xff, 0xff, 0xef, 0xff, 0xff, 0xff, 0xff, 0xff, 0xff, 0xff, 0xff, 0xff, 0xff, 0xf7, 0xff, 0xff, 
	0xff, 0xff, 0xef, 0xff, 0xff, 0xff, 0xff, 0xff, 0xff, 0xff, 0xff, 0xff, 0xff, 0xf7, 0xff, 0xff, 
	0xff, 0xff, 0xcf, 0xff, 0xbf, 0xff, 0xff, 0xff, 0xff, 0xbf, 0xff, 0xff, 0xff, 0xf7, 0xff, 0xff, 
	0xff, 0xff, 0x8f, 0xff, 0x8c, 0xff, 0xff, 0xff, 0xff, 0x9c, 0xff, 0xf8, 0xff, 0xf3, 0xff, 0xff, 
	0xff, 0xff, 0x0f, 0x00, 0x00, 0x00, 0x00, 0x00, 0x00, 0x00, 0x00, 0x00, 0x00, 0xf0, 0xff, 0xff, 
	0xff, 0xff, 0x1f, 0x00, 0x00, 0x00, 0x00, 0x00, 0x00, 0x00, 0x00, 0x00, 0x00, 0xf8, 0xff, 0xff, 
	0xff, 0xff, 0xff, 0xff, 0xff, 0xff, 0xff, 0xff, 0xff, 0xff, 0xff, 0xff, 0xff, 0xff, 0xff, 0xff, 
	0xff, 0xff, 0xff, 0xff, 0xff, 0xff, 0xff, 0xff, 0xff, 0xff, 0xff, 0xff, 0xff, 0xff, 0xff, 0xff
};
#endif

#ifdef ENABLE_PBACTION
const uint8_t Pbaction_Logo_bits[] PROGMEM = {
	0xff, 0xff, 0xff, 0xff, 0xff, 0xff, 0xff, 0xff, 0xff, 0xff, 0xff, 0xff, 0xff, 0xff, 0xff, 0xff, 
	0xff, 0xff, 0xff, 0xff, 0xff, 0xff, 0xff, 0xff, 0xff, 0xff, 0xff, 0xff, 0xff, 0xff, 0xff, 0xff, 
	0xff, 0xff, 0x07, 0xf8, 0xff, 0xff, 0xff, 0xff, 0xff, 0xff, 0xff, 0xff, 0xff, 0xff, 0xff, 0xff, 
	0xff, 0xff, 0x03, 0xe0, 0xff, 0xff, 0xff, 0xff, 0xff, 0xff, 0xff, 0xff, 0xff, 0xff, 0xff, 0xff, 
	0xff, 0xff, 0x03, 0xc0, 0xff, 0xff, 0xff, 0xff, 0xff, 0xff, 0xff, 0xff, 0xff, 0xff, 0xff, 0xff, 
	0xff, 0xff, 0x03, 0x80, 0xff, 0xff, 0xff, 0xff, 0xff, 0xff, 0xff, 0xff, 0xff, 0xff, 0xff, 0xff, 
	0xff, 0xff, 0x03, 0x80, 0xff, 0xff, 0xff, 0xff, 0xff, 0xff, 0xff, 0xff, 0xff, 0xff, 0xff, 0xff, 
	0xff, 0xff, 0x03, 0x00, 0xff, 0xff, 0xff, 0xff, 0xff, 0xff, 0xff, 0xff, 0xff, 0xff, 0xff, 0xff, 
	0xff, 0xff, 0x03, 0x00, 0xff, 0xff, 0xff, 0xff, 0xff, 0xff, 0xff, 0xff, 0xff, 0xff, 0xff, 0xff, 
	0xff, 0xff, 0x01, 0x00, 0xff, 0xff, 0xff, 0xff, 0xff, 0xff, 0xff, 0xff, 0xff, 0xff, 0xff, 0xff, 
	0xff, 0xff, 0x01, 0x00, 0xfe, 0xff, 0xff, 0xff, 0xff, 0xff, 0xff, 0xff, 0xff, 0xff, 0xff, 0xff, 
	0xff, 0xff, 0x01, 0x00, 0xfe, 0xff, 0xff, 0xff, 0xff, 0xff, 0xff, 0xff, 0xff, 0xff, 0xff, 0xff, 
	0xff, 0xff, 0x81, 0x07, 0xfe, 0xff, 0xff, 0xff, 0xff, 0xff, 0xff, 0xff, 0xff, 0xff, 0xff, 0xff, 
	0xff, 0xff, 0x81, 0x0f, 0xf8, 0xff, 0xff, 0xff, 0xff, 0xff, 0xff, 0xff, 0xff, 0xff, 0xff, 0xff, 
	0xff, 0xff, 0x81, 0x08, 0xf8, 0xff, 0xff, 0xff, 0xff, 0xff, 0xff, 0xff, 0xff, 0xff, 0xff, 0xff, 
	0xff, 0xff, 0x81, 0x08, 0xfb, 0xff, 0xff, 0xff, 0xff, 0xff, 0xff, 0xff, 0xff, 0xff, 0xff, 0xff, 
	0xff, 0xff, 0xc1, 0x08, 0xfb, 0xff, 0xff, 0xff, 0xff, 0xff, 0xff, 0xff, 0xff, 0xff, 0xff, 0xff, 
	0xff, 0xff, 0xc0, 0x08, 0xf9, 0xff, 0xff, 0xff, 0xff, 0xff, 0xff, 0xff, 0xff, 0xff, 0xff, 0xff, 
	0xff, 0xff, 0x40, 0x08, 0xf9, 0xff, 0xff, 0xff, 0xff, 0xff, 0xff, 0xff, 0xff, 0xff, 0xff, 0xff, 
	0xff, 0xff, 0x40, 0x84, 0xf9, 0xff, 0xff, 0xff, 0xff, 0xff, 0xff, 0xff, 0xff, 0xff, 0xff, 0xff, 
	0xff, 0xff, 0x40, 0x86, 0xf9, 0xff, 0xff, 0xff, 0xff, 0xff, 0xff, 0xff, 0xff, 0xff, 0xff, 0xff, 
	0xff, 0xff, 0x60, 0xc2, 0xf9, 0xff, 0xff, 0xff, 0xff, 0xff, 0xff, 0xff, 0xff, 0xff, 0xff, 0xff, 
	0xff, 0xff, 0x60, 0xc0, 0xfd, 0xff, 0xff, 0x79, 0x7e, 0xf3, 0xff, 0xff, 0xff, 0xff, 0xff, 0xff, 
	0xff, 0xff, 0x60, 0x80, 0x30, 0x83, 0xc3, 0x30, 0x3e, 0xf0, 0xff, 0xff, 0xff, 0xff, 0xff, 0xff, 
	0xff, 0xff, 0x00, 0x84, 0x30, 0x81, 0xc1, 0x30, 0x1e, 0xf0, 0xff, 0xff, 0xff, 0xff, 0xff, 0xff, 
	0xff, 0xff, 0x00, 0x86, 0x30, 0x81, 0xc1, 0x30, 0x1e, 0xf0, 0xff, 0xff, 0xff, 0xff, 0xff, 0xff, 
	0xff, 0x7f, 0x80, 0x87, 0x10, 0x81, 0xc1, 0x10, 0x1e, 0xf0, 0xff, 0xff, 0xff, 0xff, 0xff, 0xff, 
	0xff, 0x7f, 0xc0, 0xc7, 0x10, 0x91, 0xc1, 0x18, 0x1a, 0x90, 0xff, 0xff, 0xff, 0xff, 0xff, 0xff, 
	0xff, 0x7f, 0x60, 0x40, 0x10, 0x91, 0xf1, 0x18, 0x13, 0x90, 0xff, 0xff, 0xff, 0xff, 0xff, 0xff, 
	0xff, 0x7f, 0x30, 0x40, 0x90, 0x99, 0xd0, 0x08, 0x01, 0x90, 0xff, 0xff, 0xff, 0xff, 0xff, 0xff, 
	0xff, 0x7f, 0x10, 0x40, 0x90, 0xd9, 0xd8, 0x08, 0x01, 0x90, 0xff, 0xff, 0xff, 0xff, 0xff, 0xff, 
	0xff, 0x7f, 0x10, 0x42, 0x84, 0xc0, 0xd8, 0x08, 0x09, 0x90, 0xff, 0xff, 0xff, 0xff, 0xff, 0xff, 
	0xff, 0x7f, 0x10, 0x63, 0x84, 0x00, 0x48, 0x08, 0x09, 0x96, 0xff, 0xff, 0xff, 0xff, 0xff, 0xff, 
	0xff, 0x7f, 0x90, 0x63, 0x86, 0x00, 0x4c, 0x04, 0x09, 0x96, 0xff, 0xff, 0xff, 0xff, 0xff, 0xff, 
	0xff, 0x7f, 0x98, 0x63, 0x86, 0x18, 0x44, 0x84, 0x08, 0x93, 0xff, 0xff, 0xff, 0xff, 0xff, 0xff, 
	0xff, 0x7f, 0xc8, 0x63, 0xc6, 0x18, 0x44, 0x8c, 0x05, 0xc3, 0xff, 0xff, 0xff, 0xff, 0xff, 0xff, 
	0xff, 0x3f, 0xc8, 0x21, 0xc2, 0x1c, 0x46, 0x8c, 0x07, 0xc3, 0xff, 0xff, 0xff, 0xff, 0xff, 0xff, 
	0xff, 0x3f, 0xc8, 0x31, 0x43, 0x0c, 0x42, 0x08, 0x87, 0xc1, 0x0c, 0x98, 0xe7, 0x70, 0xfe, 0xff, 
	0xff, 0x3f, 0xc8, 0x31, 0x41, 0x04, 0x43, 0x08, 0x86, 0x50, 0x08, 0x88, 0xc1, 0x30, 0xfe, 0xff, 
	0xff, 0x3f, 0xc8, 0x31, 0x61, 0x00, 0x43, 0x08, 0xc2, 0x30, 0x08, 0x88, 0xc1, 0x30, 0xfe, 0xff, 
	0xff, 0x3f, 0xe4, 0x31, 0x61, 0x20, 0x41, 0x08, 0x43, 0x30, 0x08, 0x88, 0xc0, 0x30, 0xfe, 0xff, 
	0xff, 0x3f, 0xe6, 0xf9, 0xf9, 0xb3, 0xc8, 0xdf, 0x43, 0x18, 0x00, 0x88, 0xc0, 0x30, 0xfe, 0xff, 
	0xff, 0xff, 0xe7, 0xff, 0xf8, 0xbf, 0xc8, 0xff, 0x63, 0x18, 0x04, 0x8f, 0x80, 0x30, 0xfb, 0xff, 
	0xff, 0xff, 0xe0, 0xc7, 0x98, 0x91, 0xe8, 0x20, 0x21, 0x00, 0x1d, 0x07, 0x8c, 0x30, 0xf9, 0xff, 
	0xff, 0xff, 0xe0, 0x03, 0x0c, 0x00, 0x68, 0x00, 0x20, 0x81, 0x3f, 0x07, 0x0c, 0x00, 0xf9, 0xff, 
	0xff, 0x7f, 0xf0, 0x03, 0x0c, 0x40, 0x3c, 0x00, 0x30, 0x81, 0x1f, 0x05, 0x0e, 0x08, 0xf9, 0xff, 
	0xff, 0xff, 0xf0, 0x43, 0x0c, 0x40, 0x3c, 0x00, 0x90, 0x81, 0x97, 0x01, 0x0e, 0x08, 0xf9, 0xff, 
	0xff, 0xff, 0xff, 0xef, 0xfe, 0x6d, 0x3e, 0xff, 0x18, 0xc0, 0x93, 0x40, 0x0e, 0x0c, 0xf9, 0xff, 
	0xff, 0xff, 0xff, 0xff, 0xff, 0x6f, 0x3e, 0xff, 0x18, 0xc0, 0x92, 0x40, 0x0e, 0x0c, 0xfd, 0xff, 
	0xff, 0xff, 0xff, 0xff, 0xff, 0x3f, 0x7e, 0xff, 0x2c, 0xc0, 0x90, 0x64, 0x06, 0x8c, 0xfc, 0xff, 
	0xff, 0xff, 0xff, 0xff, 0xff, 0x3f, 0xff, 0xff, 0x44, 0x00, 0x8c, 0x64, 0x46, 0x8c, 0xfc, 0xff, 
	0xff, 0xff, 0xff, 0xff, 0xff, 0x3f, 0xff, 0xff, 0xc6, 0x00, 0x8c, 0x64, 0x44, 0x84, 0xfc, 0xff, 
	0xff, 0xff, 0xff, 0xff, 0xff, 0xbf, 0xff, 0x7f, 0xc6, 0x00, 0x8c, 0x60, 0x60, 0x84, 0xfc, 0xff, 
	0xff, 0xff, 0xff, 0xff, 0xff, 0x9f, 0xff, 0x7f, 0x62, 0x01, 0x8c, 0x20, 0x60, 0x82, 0xfc, 0xff, 
	0xff, 0xff, 0xff, 0xff, 0xff, 0x9f, 0xff, 0x7f, 0x63, 0x18, 0xc6, 0x10, 0x70, 0x82, 0xfc, 0xff, 
	0xff, 0xff, 0xff, 0xff, 0xff, 0x9f, 0xff, 0x7f, 0xf1, 0x1c, 0x47, 0x92, 0x70, 0xc2, 0xfe, 0xff, 
	0xff, 0xff, 0xff, 0xff, 0xff, 0xcf, 0xff, 0xbf, 0xf1, 0xf9, 0x7f, 0x9e, 0xdf, 0x73, 0xfe, 0xff, 
	0xff, 0xff, 0xff, 0xff, 0xff, 0xcf, 0xff, 0xbf, 0xf1, 0xf3, 0x79, 0x9e, 0x8f, 0x71, 0xfe, 0xff, 
	0xff, 0xff, 0xff, 0xff, 0xff, 0xef, 0xff, 0xff, 0xf9, 0x03, 0x18, 0x86, 0x81, 0x38, 0xfe, 0xff, 
	0xff, 0xff, 0xff, 0xff, 0xff, 0xff, 0xff, 0xff, 0xf8, 0x07, 0x08, 0x86, 0x80, 0x18, 0xfe, 0xff, 
	0xff, 0xff, 0xff, 0xff, 0xff, 0xff, 0xff, 0xff, 0xfc, 0x0f, 0x08, 0x87, 0xc1, 0x18, 0xfe, 0xff, 
	0xff, 0xff, 0xff, 0xff, 0xff, 0xff, 0xff, 0xff, 0xfc, 0x1f, 0x0c, 0xcf, 0xc1, 0x38, 0xff, 0xff, 
	0xff, 0xff, 0xff, 0xff, 0xff, 0xff, 0xff, 0xff, 0xff, 0xff, 0xff, 0xff, 0xff, 0xff, 0xff, 0xff, 
	0xff, 0xff, 0xff, 0xff, 0xff, 0xff, 0xff, 0xff, 0xff, 0xff, 0xff, 0xff, 0xff, 0xff, 0xff, 0xff
};

#endif

#ifdef ENABLE_FANTASY
const uint8_t Fantasy_Logo_bits[] PROGMEM = {
  0xFF, 0xFF, 0xFF, 0xFF, 0xFF, 0xFF, 0xFF, 0xFF, 0xFF, 0xFF, 0xFF, 0xFF, 0xFF, 0xFF, 0xFF, 0xFF,
  0xFF, 0xFF, 0xFF, 0xFF, 0xFF, 0xFF, 0xFF, 0xFF, 0xFF, 0xFF, 0xFF, 0xFF, 0xFF, 0xFF, 0xFF, 0xFF,
  0xFF, 0xFF, 0xFF, 0xFF, 0xFF, 0xFF, 0xFF, 0xFF, 0xFF, 0xFF, 0xFF, 0xFF, 0xFF, 0xFF, 0xFF, 0xFF,
  0xFF, 0xFF, 0xFF, 0xFF, 0xFF, 0xFF, 0xFF, 0xFF, 0xFF, 0xFF, 0xFF, 0xFF, 0xFF, 0xFF, 0xFF, 0xFF,
  0xFF, 0xFF, 0xFF, 0xFF, 0xFF, 0xFF, 0xFF, 0xFF, 0xFF, 0xFF, 0xFF, 0xFF, 0xFF, 0xFF, 0xFF, 0xFF,
  0xFF, 0xFF, 0xFF, 0xFF, 0xFF, 0xFF, 0xFF, 0xFF, 0xFF, 0xFF, 0xFF, 0xFF, 0xFF, 0xFF, 0xFF, 0xFF,
  0xFF, 0xFF, 0xFF, 0xFF, 0xFF, 0xFF, 0xFF, 0xFF, 0xFF, 0xFF, 0xFF, 0xFF, 0xFF, 0xFF, 0xFF, 0xFF,
  0xFF, 0xFF, 0xFF, 0xFF, 0xFF, 0xFF, 0xFF, 0xFF, 0xFF, 0xFF, 0xFF, 0xFF, 0xFF, 0xFF, 0xFF, 0xFF,
  0xFF, 0xFF, 0xFF, 0xFF, 0xFF, 0x7F, 0xFF, 0xFF, 0xFF, 0x7F, 0xC0, 0xF7, 0xFF, 0xFF, 0xFF, 0xFF,
  0xFF, 0xFF, 0xFF, 0xFF, 0xFF, 0x7F, 0xFF, 0xFF, 0xFF, 0x7F, 0xC0, 0xF7, 0xFF, 0xFF, 0xFF, 0xFF,
  0xFF, 0xFF, 0xFF, 0xFF, 0x00, 0x00, 0xFF, 0xF3, 0xE7, 0x1F, 0xC0, 0x03, 0xFF, 0xFF, 0xFF, 0xFF,
  0xFF, 0xFF, 0xFF, 0xFF, 0x00, 0x00, 0xFF, 0xF3, 0xE7, 0x1F, 0xC0, 0x03, 0xFF, 0xFF, 0xFF, 0xFF,
  0xFF, 0xFF, 0xFF, 0x3F, 0x00, 0x80, 0xFF, 0x03, 0xC0, 0x7F, 0xF0, 0x07, 0xFE, 0xFF, 0xFF, 0xFF,
  0xFF, 0xFF, 0xFF, 0x3F, 0x00, 0x80, 0xFF, 0x03, 0xC0, 0x7F, 0xF0, 0x07, 0xFE, 0xFF, 0xFF, 0xFF,
  0xFF, 0xFF, 0xFF, 0x1F, 0x07, 0x9F, 0xFF, 0x01, 0xC0, 0xFF, 0xF0, 0x67, 0xFC, 0xFF, 0xFF, 0xFF,
  0xFF, 0xFF, 0xFF, 0x1F, 0x07, 0x9F, 0xFF, 0x01, 0xC0, 0xFF, 0xF0, 0x67, 0xFC, 0xFF, 0xFF, 0xFF,
  0xFF, 0xFF, 0xFF, 0x8F, 0x07, 0x9F, 0xFF, 0x39, 0xCE, 0xFF, 0xE1, 0xE3, 0xF8, 0xFF, 0xFF, 0xFF,
  0xFF, 0xFF, 0xFF, 0x8F, 0x07, 0x9F, 0xFF, 0x39, 0xCE, 0xFF, 0xE1, 0xE3, 0xF8, 0xFF, 0xFF, 0xFF,
  0xFF, 0xFF, 0xFF, 0xCF, 0x07, 0xEF, 0xFF, 0x3D, 0xDE, 0x1F, 0xE0, 0xF3, 0xF1, 0xFF, 0xFF, 0xFF,
  0xFF, 0xFF, 0xFF, 0xCF, 0x07, 0xEF, 0xFF, 0x3D, 0xDE, 0x1F, 0xE0, 0xF3, 0xF1, 0xFF, 0xFF, 0xFF,
  0xFF, 0xFF, 0xFF, 0xC7, 0x87, 0x0E, 0xC6, 0x21, 0x3E, 0x07, 0xC2, 0xF9, 0xF1, 0xFF, 0xFF, 0xFF,
  0xFF, 0xFF, 0xFF, 0xC7, 0x87, 0x0E, 0xC6, 0x21, 0x3E, 0x07, 0xC2, 0xF9, 0xF1, 0xFF, 0xFF, 0xFF,
  0xFF, 0xFF, 0xFF, 0xC7, 0x07, 0x00, 0x86, 0x33, 0x1E, 0xE7, 0xC0, 0xF8, 0xF1, 0xFF, 0xFF, 0xFF,
  0xFF, 0xFF, 0xFF, 0xC7, 0x07, 0x00, 0x86, 0x33, 0x1E, 0xE7, 0xC0, 0xF8, 0xF1, 0xFF, 0xFF, 0xFF,
  0xFF, 0xFF, 0xFF, 0xC3, 0x07, 0x00, 0x8E, 0x33, 0x1E, 0xC6, 0x84, 0xBC, 0xE1, 0xFF, 0xFF, 0xFF,
  0xFF, 0xFF, 0xFF, 0xC3, 0x07, 0x00, 0x8E, 0x33, 0x1E, 0xC6, 0x84, 0xBC, 0xE1, 0xFF, 0xFF, 0xFF,
  0xFF, 0xFF, 0xFF, 0x03, 0x00, 0x00, 0x0C, 0x33, 0x1E, 0x86, 0x0F, 0x1C, 0xE0, 0xFF, 0xFF, 0xFF,
  0xFF, 0xFF, 0xFF, 0x03, 0x00, 0x00, 0x0C, 0x33, 0x1E, 0x86, 0x0F, 0x1C, 0xE0, 0xFF, 0xFF, 0xFF,
  0xFF, 0xFF, 0xFF, 0x03, 0x00, 0x1F, 0x0C, 0x32, 0x0E, 0x0E, 0x0F, 0x0E, 0xE0, 0xFF, 0xFF, 0xFF,
  0xFF, 0xFF, 0xFF, 0x03, 0x00, 0x1F, 0x0C, 0x32, 0x0E, 0x0E, 0x0F, 0x0E, 0xE0, 0xFF, 0xFF, 0xFF,
  0xFF, 0xFF, 0xFF, 0x07, 0x00, 0x5F, 0x0C, 0x32, 0x0E, 0x1C, 0x1E, 0x0E, 0xF0, 0xFF, 0xFF, 0xFF,
  0xFF, 0xFF, 0xFF, 0x07, 0x00, 0x5F, 0x0C, 0x32, 0x0E, 0x1C, 0x1E, 0x0E, 0xF0, 0xFF, 0xFF, 0xFF,
  0xFF, 0xFF, 0xFF, 0x07, 0x04, 0x0F, 0x08, 0x30, 0x26, 0x3C, 0x1C, 0x1E, 0xF0, 0xFF, 0xFF, 0xFF,
  0xFF, 0xFF, 0xFF, 0x07, 0x04, 0x0F, 0x08, 0x30, 0x26, 0x3C, 0x1C, 0x1E, 0xF0, 0xFF, 0xFF, 0xFF,
  0xFF, 0xFF, 0xFF, 0x0F, 0x04, 0x0F, 0x08, 0x30, 0x06, 0x6C, 0x18, 0x3E, 0xF8, 0xFF, 0xFF, 0xFF,
  0xFF, 0xFF, 0xFF, 0x0F, 0x04, 0x0F, 0x08, 0x30, 0x06, 0x6C, 0x18, 0x3E, 0xF8, 0xFF, 0xFF, 0xFF,
  0xFF, 0xFF, 0xFF, 0x3F, 0x07, 0x0F, 0x48, 0x30, 0x06, 0x40, 0x18, 0x7E, 0xFE, 0xFF, 0xFF, 0xFF,
  0xFF, 0xFF, 0xFF, 0x3F, 0x07, 0x0F, 0x48, 0x30, 0x06, 0x40, 0x18, 0x7E, 0xFE, 0xFF, 0xFF, 0xFF,
  0xFF, 0xFF, 0xFF, 0xFF, 0x07, 0xC7, 0x40, 0x30, 0xF2, 0x80, 0x18, 0xFE, 0xFF, 0xFF, 0xFF, 0xFF,
  0xFF, 0xFF, 0xFF, 0xFF, 0x07, 0xC7, 0x40, 0x30, 0xF2, 0x80, 0x18, 0xFE, 0xFF, 0xFF, 0xFF, 0xFF,
  0xFF, 0xFF, 0xFF, 0xFF, 0x87, 0xE7, 0xC0, 0x30, 0xF2, 0xC0, 0x18, 0xFE, 0xFF, 0xFF, 0xFF, 0xFF,
  0xFF, 0xFF, 0xFF, 0xFF, 0x87, 0xE7, 0xC0, 0x30, 0xF2, 0xC0, 0x18, 0xFE, 0xFF, 0xFF, 0xFF, 0xFF,
  0xFF, 0xFF, 0xFF, 0xFF, 0x87, 0xF3, 0x81, 0x00, 0xF0, 0xE0, 0x18, 0xFE, 0xFF, 0xFF, 0xFF, 0xFF,
  0xFF, 0xFF, 0xFF, 0xFF, 0x87, 0xF3, 0x81, 0x00, 0xF0, 0xE0, 0x18, 0xFE, 0xFF, 0xFF, 0xFF, 0xFF,
  0xFF, 0xFF, 0xFF, 0xFF, 0x87, 0xE3, 0x80, 0x11, 0x60, 0x40, 0x18, 0xFE, 0xFF, 0xFF, 0xFF, 0xFF,
  0xFF, 0xFF, 0xFF, 0xFF, 0x87, 0xE3, 0x80, 0x11, 0x60, 0x40, 0x18, 0xFE, 0xFF, 0xFF, 0xFF, 0xFF,
  0xFF, 0xFF, 0xFF, 0xFF, 0x07, 0xE0, 0xFF, 0xFF, 0xFF, 0x07, 0x0C, 0xFC, 0xFF, 0xFF, 0xFF, 0xFF,
  0xFF, 0xFF, 0xFF, 0xFF, 0x07, 0xE0, 0xFF, 0xFF, 0xFF, 0x07, 0x0C, 0xFC, 0xFF, 0xFF, 0xFF, 0xFF,
  0xFF, 0xFF, 0xFF, 0xFF, 0x03, 0xFF, 0xFF, 0xFF, 0xFF, 0x1F, 0x0F, 0xFC, 0xFF, 0xFF, 0xFF, 0xFF,
  0xFF, 0xFF, 0xFF, 0xFF, 0x03, 0xFF, 0xFF, 0xFF, 0xFF, 0x1F, 0x0F, 0xFC, 0xFF, 0xFF, 0xFF, 0xFF,
  0xFF, 0xFF, 0xFF, 0xFF, 0xC1, 0xFF, 0xFF, 0xFF, 0xFF, 0xFF, 0x3F, 0xF8, 0xFF, 0xFF, 0xFF, 0xFF,
  0xFF, 0xFF, 0xFF, 0xFF, 0xC1, 0xFF, 0xFF, 0xFF, 0xFF, 0xFF, 0x3F, 0xF8, 0xFF, 0xFF, 0xFF, 0xFF,
  0xFF, 0xFF, 0xFF, 0xFF, 0xF0, 0xFF, 0xFF, 0xFF, 0xFF, 0xFF, 0xFF, 0xF0, 0xFF, 0xFF, 0xFF, 0xFF,
  0xFF, 0xFF, 0xFF, 0xFF, 0xF0, 0xFF, 0xFF, 0xFF, 0xFF, 0xFF, 0xFF, 0xF0, 0xFF, 0xFF, 0xFF, 0xFF,
  0xFF, 0xFF, 0xFF, 0xFF, 0xFD, 0xFF, 0xFF, 0xFF, 0xFF, 0xFF, 0xFF, 0xFB, 0xFF, 0xFF, 0xFF, 0xFF,
  0xFF, 0xFF, 0xFF, 0xFF, 0xFD, 0xFF, 0xFF, 0xFF, 0xFF, 0xFF, 0xFF, 0xFB, 0xFF, 0xFF, 0xFF, 0xFF,
  0xFF, 0xFF, 0xFF, 0xFF, 0xFF, 0xFF, 0xFF, 0xFF, 0xFF, 0xFF, 0xFF, 0xFF, 0xFF, 0xFF, 0xFF, 0xFF,
  0xFF, 0xFF, 0xFF, 0xFF, 0xFF, 0xFF, 0xFF, 0xFF, 0xFF, 0xFF, 0xFF, 0xFF, 0xFF, 0xFF, 0xFF, 0xFF,
  0xFF, 0xFF, 0xFF, 0xFF, 0xFF, 0xFF, 0xFF, 0xFF, 0xFF, 0xFF, 0xFF, 0xFF, 0xFF, 0xFF, 0xFF, 0xFF,
  0xFF, 0xFF, 0xFF, 0xFF, 0xFF, 0xFF, 0xFF, 0xFF, 0xFF, 0xFF, 0xFF, 0xFF, 0xFF, 0xFF, 0xFF, 0xFF,
  0xFF, 0xFF, 0xFF, 0xFF, 0xFF, 0xFF, 0xFF, 0xFF, 0xFF, 0xFF, 0xFF, 0xFF, 0xFF, 0xFF, 0xFF, 0xFF,
  0xFF, 0xFF, 0xFF, 0xFF, 0xFF, 0xFF, 0xFF, 0xFF, 0xFF, 0xFF, 0xFF, 0xFF, 0xFF, 0xFF, 0xFF, 0xFF,
  0xFF, 0xFF, 0xFF, 0xFF, 0xFF, 0xFF, 0xFF, 0xFF, 0xFF, 0xFF, 0xFF, 0xFF, 0xFF, 0xFF, 0xFF, 0xFF,
  0xFF, 0xFF, 0xFF, 0xFF, 0xFF, 0xFF, 0xFF, 0xFF, 0xFF, 0xFF, 0xFF, 0xFF, 0xFF, 0xFF, 0xFF, 0xFF,
};
#endif
#ifdef ENABLE_VANGUARD
const uint8_t Vanguard_Logo_bits[] PROGMEM = {
	0xff, 0xff, 0xff, 0xff, 0xff, 0xff, 0xff, 0xff, 0xff, 0xff, 0xff, 0xff, 0xff, 0xff, 0xff, 0xff, 
	0xff, 0xff, 0xff, 0xff, 0xff, 0xff, 0xff, 0xff, 0xff, 0xff, 0xff, 0xff, 0xff, 0xff, 0xff, 0xff, 
	0xff, 0xff, 0xff, 0xff, 0xff, 0xff, 0xff, 0xff, 0xff, 0xff, 0xff, 0xff, 0xff, 0xff, 0xff, 0xff, 
	0xff, 0xff, 0xff, 0xff, 0xff, 0xff, 0xff, 0xff, 0xff, 0xff, 0xff, 0xff, 0xff, 0xff, 0xff, 0xff, 
	0xff, 0xff, 0xff, 0xff, 0xff, 0xff, 0xff, 0xff, 0xff, 0xff, 0xff, 0xff, 0xff, 0xff, 0xff, 0xff, 
	0xff, 0xff, 0xff, 0xff, 0xff, 0xff, 0xff, 0xff, 0xff, 0xff, 0xff, 0xff, 0xff, 0xff, 0xff, 0xff, 
	0xff, 0xff, 0xff, 0xff, 0xff, 0xff, 0xff, 0xff, 0xff, 0xff, 0xff, 0xff, 0xff, 0xff, 0xff, 0xff, 
	0xff, 0x07, 0x00, 0x00, 0x00, 0x00, 0x00, 0x00, 0x00, 0x00, 0x00, 0x00, 0x00, 0x00, 0xc0, 0xff, 
	0xff, 0x00, 0x00, 0x00, 0x00, 0x00, 0x00, 0x00, 0x00, 0x00, 0x00, 0x00, 0x00, 0x00, 0x00, 0xff, 
	0x7f, 0x00, 0x00, 0x00, 0x00, 0x00, 0x00, 0x00, 0x00, 0x00, 0x00, 0x00, 0x00, 0x00, 0x00, 0xfe, 
	0x7f, 0xfc, 0xff, 0xff, 0xff, 0xff, 0xff, 0xff, 0xff, 0xff, 0xff, 0xff, 0xff, 0xff, 0x3f, 0xfc, 
	0x3f, 0xfe, 0xff, 0xff, 0xff, 0xff, 0xff, 0xff, 0xff, 0xff, 0xff, 0xff, 0xff, 0xff, 0xff, 0xf8, 
	0x9f, 0x07, 0x0e, 0x0f, 0xf0, 0xf0, 0x80, 0x1f, 0x0f, 0x1f, 0x7c, 0xc0, 0xff, 0xc0, 0xff, 0xf0, 
	0x9f, 0x03, 0x00, 0x00, 0x00, 0x00, 0x80, 0x1f, 0x00, 0x00, 0x00, 0xc0, 0xfe, 0xc0, 0xff, 0xf3, 
	0x9f, 0xfd, 0x60, 0x90, 0x8f, 0x0d, 0xe6, 0xf8, 0xe4, 0x60, 0xc3, 0xec, 0xc3, 0xf1, 0xc3, 0xf7, 
	0x9f, 0xfc, 0x60, 0xf0, 0x0f, 0x0f, 0x7f, 0xf0, 0xe0, 0xe0, 0x83, 0xff, 0x81, 0xff, 0x80, 0xe7, 
	0x17, 0xcc, 0x60, 0x70, 0x06, 0x0f, 0x3e, 0xf0, 0xe0, 0x60, 0x83, 0x77, 0x00, 0x37, 0x80, 0xe7, 
	0x17, 0xcc, 0x60, 0x30, 0x04, 0x0f, 0x1e, 0xb0, 0xa0, 0x20, 0x81, 0x21, 0x00, 0x37, 0x00, 0xcb, 
	0x37, 0x48, 0x60, 0x20, 0x04, 0x0e, 0x0e, 0xb0, 0xa0, 0x20, 0x81, 0x21, 0x00, 0x26, 0x00, 0xce, 
	0x33, 0x48, 0x30, 0x60, 0x04, 0x0e, 0x0e, 0xf0, 0xe0, 0x60, 0x01, 0x31, 0x00, 0x36, 0x00, 0xce, 
	0x33, 0x78, 0x30, 0xe0, 0x07, 0x0c, 0x06, 0xf0, 0xe0, 0xe0, 0x01, 0x3f, 0x00, 0x3c, 0x00, 0x9c, 
	0x3b, 0x78, 0x30, 0xe0, 0x07, 0x0c, 0x06, 0xe0, 0xe0, 0xe0, 0x00, 0x3f, 0x00, 0x3c, 0x00, 0x9c, 
	0x39, 0x78, 0x30, 0xc0, 0x07, 0x0c, 0x06, 0xe0, 0xe0, 0xe0, 0x00, 0x3f, 0x00, 0x3c, 0x00, 0x98, 
	0x29, 0x30, 0x10, 0xc0, 0x04, 0x08, 0x02, 0xf0, 0xe0, 0xe0, 0x00, 0x37, 0x10, 0x3c, 0x08, 0x98, 
	0x69, 0x30, 0x10, 0x40, 0x0c, 0x08, 0x02, 0xbf, 0xa0, 0xe0, 0x00, 0x63, 0x18, 0x24, 0x18, 0x98, 
	0x69, 0x30, 0x18, 0x40, 0x0c, 0x00, 0x02, 0xbf, 0xa0, 0xe0, 0x00, 0x62, 0x38, 0x24, 0x38, 0xb0, 
	0x69, 0x30, 0x18, 0xc0, 0x0c, 0x00, 0x82, 0xff, 0xe0, 0xe0, 0x00, 0x26, 0x38, 0x3c, 0x38, 0xb0, 
	0x79, 0x30, 0x18, 0x80, 0x07, 0x00, 0x82, 0xff, 0xe0, 0x60, 0x00, 0x3e, 0x18, 0x3c, 0x38, 0xb0, 
	0x79, 0x10, 0x08, 0x80, 0x07, 0x00, 0x82, 0x80, 0xe0, 0x60, 0x00, 0x3c, 0x00, 0x3c, 0x78, 0xb0, 
	0x79, 0x00, 0x08, 0x82, 0x07, 0x00, 0xc0, 0x00, 0xe0, 0x60, 0x10, 0x3c, 0x00, 0x3e, 0x78, 0xb0, 
	0xfd, 0x00, 0x0c, 0x82, 0x07, 0x00, 0xc0, 0x00, 0xe0, 0x60, 0x10, 0x3c, 0x00, 0x3e, 0x78, 0xb0, 
	0xfd, 0x00, 0x0c, 0x87, 0x07, 0x00, 0xc0, 0x00, 0xe0, 0x60, 0x18, 0x3c, 0x00, 0x3e, 0x78, 0xb0, 
	0xc9, 0x00, 0x0c, 0x87, 0x0d, 0x00, 0x82, 0x00, 0xe0, 0x60, 0x18, 0x2c, 0x00, 0x36, 0x78, 0xb0, 
	0x89, 0x00, 0x04, 0x87, 0x09, 0x00, 0x82, 0x01, 0xe0, 0x20, 0x38, 0x64, 0x00, 0x24, 0x38, 0xb0, 
	0x89, 0x00, 0x06, 0x87, 0x0d, 0x00, 0x82, 0x07, 0xe0, 0x20, 0x38, 0x68, 0x00, 0x24, 0x38, 0x90, 
	0x89, 0x00, 0x06, 0x02, 0x05, 0x00, 0x02, 0x07, 0xe0, 0x20, 0x10, 0x38, 0x00, 0x38, 0x18, 0x98, 
	0xf9, 0x01, 0x06, 0x00, 0x07, 0x00, 0x02, 0x07, 0xe0, 0x20, 0x00, 0x38, 0x00, 0x38, 0x18, 0x98, 
	0xfb, 0x01, 0x06, 0x00, 0x07, 0x03, 0x02, 0x82, 0x00, 0x00, 0x00, 0x38, 0x10, 0x38, 0x00, 0x98, 
	0xfb, 0x01, 0x02, 0x00, 0x07, 0x03, 0x06, 0x80, 0x00, 0x00, 0x00, 0x38, 0x38, 0x38, 0x00, 0x98, 
	0xf3, 0x01, 0x03, 0x00, 0x06, 0x07, 0x06, 0x80, 0x00, 0x10, 0x00, 0x30, 0x38, 0x30, 0x00, 0xcc, 
	0x33, 0x01, 0x03, 0x00, 0x06, 0x06, 0x06, 0x00, 0x01, 0x10, 0x00, 0x30, 0x38, 0x30, 0x00, 0xcc, 
	0x37, 0x03, 0x03, 0x00, 0x06, 0x06, 0x0e, 0x00, 0x01, 0x10, 0x00, 0x30, 0x68, 0x30, 0x00, 0xce, 
	0x37, 0x03, 0x81, 0x07, 0x06, 0x06, 0x0e, 0x00, 0x03, 0x08, 0x7c, 0x30, 0x68, 0x30, 0x00, 0xef, 
	0x67, 0x03, 0x81, 0x0f, 0x06, 0x0e, 0x1e, 0x80, 0x03, 0x08, 0x7c, 0x30, 0x78, 0x30, 0x00, 0xe7, 
	0xef, 0x83, 0xc1, 0x0f, 0x06, 0x0e, 0x3e, 0xc0, 0x07, 0x0c, 0x7e, 0x30, 0x78, 0x30, 0x80, 0xe7, 
	0xcf, 0x83, 0xc1, 0x08, 0x04, 0x0e, 0x76, 0x40, 0x0c, 0x0e, 0x46, 0x30, 0x78, 0x30, 0xc0, 0xf7, 
	0x8f, 0x87, 0x41, 0x18, 0x0c, 0x13, 0x66, 0x60, 0x08, 0x0e, 0xc6, 0x30, 0x58, 0x30, 0xe0, 0xf3, 
	0x9f, 0xff, 0x7f, 0xf8, 0xff, 0xf3, 0xc3, 0x3f, 0xf8, 0xf9, 0xc3, 0xff, 0x8f, 0xff, 0xff, 0xf9, 
	0x3f, 0xfe, 0xff, 0xf8, 0xff, 0xf3, 0xc3, 0x3f, 0xf8, 0xf9, 0xc7, 0xff, 0xcf, 0xff, 0xff, 0xf8, 
	0x3f, 0xfc, 0xff, 0xff, 0xff, 0xff, 0xdf, 0xbf, 0xff, 0xf9, 0xff, 0xff, 0xff, 0xff, 0x3f, 0xfc, 
	0x7f, 0x78, 0xbf, 0xf7, 0xfb, 0xed, 0x99, 0x9f, 0xf3, 0xf8, 0xbd, 0xdf, 0xb7, 0xdf, 0x1f, 0xfe, 
	0xff, 0x00, 0x00, 0x00, 0x00, 0x00, 0x00, 0x00, 0x00, 0x00, 0x00, 0x00, 0x00, 0x00, 0x00, 0xff, 
	0xff, 0x01, 0x00, 0x00, 0x00, 0x00, 0x00, 0x00, 0x00, 0x00, 0x00, 0x00, 0x00, 0x00, 0x80, 0xff, 
	0xff, 0x07, 0x00, 0x00, 0x00, 0x00, 0x00, 0x00, 0x00, 0x00, 0x00, 0x00, 0x00, 0x00, 0xc0, 0xff, 
	0xff, 0xff, 0xff, 0xff, 0xff, 0xff, 0xff, 0xff, 0xff, 0xff, 0xff, 0xff, 0xff, 0xff, 0xff, 0xff, 
	0xff, 0xff, 0xff, 0xff, 0xff, 0xff, 0xff, 0xff, 0xff, 0xff, 0xff, 0xff, 0xff, 0xff, 0xff, 0xff, 
	0xff, 0xff, 0xff, 0xff, 0xff, 0xff, 0xff, 0xff, 0xff, 0xff, 0xff, 0xff, 0xff, 0xff, 0xff, 0xff, 
	0xff, 0xff, 0xff, 0xff, 0xff, 0xff, 0xff, 0xff, 0xff, 0xff, 0xff, 0xff, 0xff, 0xff, 0xff, 0xff, 
	0xff, 0xff, 0xff, 0xff, 0xff, 0xff, 0xff, 0xff, 0xff, 0xff, 0xff, 0xff, 0xff, 0xff, 0xff, 0xff, 
	0xff, 0xff, 0xff, 0xff, 0xff, 0xff, 0xff, 0xff, 0xff, 0xff, 0xff, 0xff, 0xff, 0xff, 0xff, 0xff, 
	0xff, 0xff, 0xff, 0xff, 0xff, 0xff, 0xff, 0xff, 0xff, 0xff, 0xff, 0xff, 0xff, 0xff, 0xff, 0xff, 
	0xff, 0xff, 0xff, 0xff, 0xff, 0xff, 0xff, 0xff, 0xff, 0xff, 0xff, 0xff, 0xff, 0xff, 0xff, 0xff, 
	0xff, 0xff, 0xff, 0xff, 0xff, 0xff, 0xff, 0xff, 0xff, 0xff, 0xff, 0xff, 0xff, 0xff, 0xff, 0xff, 
	0xff, 0xff, 0xff, 0xff, 0xff, 0xff, 0xff, 0xff, 0xff, 0xff, 0xff, 0xff, 0xff, 0xff, 0xff, 0xff
};
#endif


#ifdef ENABLE_ALIBABA
const uint8_t Alibaba_Logo_bits[] PROGMEM = {
  0xFF, 0xFF, 0xFF, 0xFF, 0xFF, 0xFF, 0xFF, 0xFF, 0xFF, 0xFF, 0xFF, 0xFF, 0xFF, 0xFF, 0xFF, 0xFF,
  0xFF, 0xFF, 0xFF, 0xFF, 0xFF, 0xFF, 0xFF, 0xFF, 0xFF, 0xFF, 0xFF, 0xFF, 0xFF, 0xFF, 0xFF, 0xFF,
  0xFF, 0xFF, 0xFF, 0xFF, 0xFF, 0xFF, 0xFF, 0xFF, 0xFF, 0xFF, 0xFF, 0xFF, 0xFF, 0xFF, 0xFF, 0xFF,
  0xFF, 0xFF, 0xFF, 0xFF, 0xFF, 0xFF, 0xFF, 0xFF, 0xFF, 0xFF, 0xFF, 0xFF, 0xFF, 0xFF, 0xFF, 0xFF,
  0xFF, 0xFF, 0xFF, 0xFF, 0xFF, 0xFF, 0xFF, 0xFF, 0xFF, 0xFF, 0xFF, 0xFF, 0xFF, 0xFF, 0xFF, 0xFF,
  0xFF, 0xFF, 0xFF, 0xFF, 0xFF, 0xFF, 0xFF, 0xFF, 0xFF, 0xFF, 0xFF, 0xFF, 0xFF, 0xFF, 0xFF, 0xFF,
  0xFF, 0xFF, 0xFF, 0xFF, 0xFF, 0xFF, 0xFF, 0xFF, 0xFF, 0xFF, 0xFF, 0xFF, 0xFF, 0xFF, 0xFF, 0xFF,
  0xFF, 0xFF, 0xFF, 0xFF, 0xFF, 0xFF, 0xFF, 0xFF, 0xFF, 0xFF, 0xFF, 0xFF, 0xFF, 0xFF, 0xFF, 0xFF,
  0xFF, 0xFF, 0xFF, 0xFF, 0x00, 0x3C, 0x8C, 0xF1, 0xFF, 0x0F, 0xFF, 0xFF, 0xFF, 0xFF, 0xFF, 0xFF,
  0xFF, 0xFF, 0xFF, 0xFF, 0x00, 0x3C, 0x8C, 0xF1, 0xFF, 0x0F, 0xFF, 0xFF, 0xFF, 0xFF, 0xFF, 0xFF,
  0xFF, 0xFF, 0xFF, 0x3F, 0x00, 0x3C, 0x84, 0xF1, 0xFF, 0x1F, 0xFF, 0xFF, 0xFF, 0xFF, 0xFF, 0xFF,
  0xFF, 0xFF, 0xFF, 0x3F, 0x00, 0x3C, 0x84, 0xF1, 0xFF, 0x1F, 0xFF, 0xFF, 0xFF, 0xFF, 0xFF, 0xFF,
  0xFF, 0xFF, 0xFF, 0x1F, 0x00, 0x38, 0xCC, 0xF1, 0xFF, 0x1F, 0xFF, 0xFF, 0xFF, 0xFF, 0xFF, 0xFF,
  0xFF, 0xFF, 0xFF, 0x1F, 0x00, 0x38, 0xCC, 0xF1, 0xFF, 0x1F, 0xFF, 0xFF, 0xFF, 0xFF, 0xFF, 0xFF,
  0xFF, 0xFF, 0xFF, 0x1F, 0x06, 0x38, 0xFC, 0xF1, 0xFF, 0x1F, 0xFF, 0xFF, 0xFF, 0xFF, 0xFF, 0xFF,
  0xFF, 0xFF, 0xFF, 0x1F, 0x06, 0x38, 0xFC, 0xF1, 0xFF, 0x1F, 0xFF, 0xFF, 0xFF, 0xFF, 0xFF, 0xFF,
  0xFF, 0xFF, 0xFF, 0x0F, 0x84, 0x38, 0x84, 0x11, 0x1F, 0x1C, 0xF9, 0xC0, 0xFF, 0xFF, 0xFF, 0xFF,
  0xFF, 0xFF, 0xFF, 0x0F, 0x84, 0x38, 0x84, 0x11, 0x1F, 0x1C, 0xF9, 0xC0, 0xFF, 0xFF, 0xFF, 0xFF,
  0xFF, 0xFF, 0xFF, 0x0F, 0x84, 0x38, 0x8C, 0x01, 0x0E, 0x18, 0x60, 0xC0, 0xFF, 0xFF, 0xFF, 0xFF,
  0xFF, 0xFF, 0xFF, 0x0F, 0x84, 0x38, 0x8C, 0x01, 0x0E, 0x18, 0x60, 0xC0, 0xFF, 0xFF, 0xFF, 0xFF,
  0xFF, 0xFF, 0xFF, 0x1F, 0xC4, 0x38, 0x8C, 0x01, 0x04, 0x18, 0x60, 0x84, 0xFF, 0xFF, 0xFF, 0xFF,
  0xFF, 0xFF, 0xFF, 0x1F, 0xC4, 0x38, 0x8C, 0x01, 0x04, 0x18, 0x60, 0x84, 0xFF, 0xFF, 0xFF, 0xFF,
  0xFF, 0xFF, 0xFF, 0x1F, 0xC6, 0x30, 0x8C, 0x21, 0xCC, 0x18, 0x43, 0x84, 0xFF, 0xFF, 0xFF, 0xFF,
  0xFF, 0xFF, 0xFF, 0x1F, 0xC6, 0x30, 0x8C, 0x21, 0xCC, 0x18, 0x43, 0x84, 0xFF, 0xFF, 0xFF, 0xFF,
  0xFF, 0xFF, 0xFF, 0xFF, 0x03, 0x30, 0x84, 0x71, 0x7C, 0x18, 0xC3, 0x81, 0xFF, 0xFF, 0xFF, 0xFF,
  0xFF, 0xFF, 0xFF, 0xFF, 0x03, 0x30, 0x84, 0x71, 0x7C, 0x18, 0xC3, 0x81, 0xFF, 0xFF, 0xFF, 0xFF,
  0xFF, 0xFF, 0xFF, 0xFF, 0x03, 0x30, 0x84, 0x71, 0x0C, 0x18, 0x43, 0x80, 0xFF, 0xFF, 0xFF, 0xFF,
  0xFF, 0xFF, 0xFF, 0xFF, 0x03, 0x30, 0x84, 0x71, 0x0C, 0x18, 0x43, 0x80, 0xFF, 0xFF, 0xFF, 0xFF,
  0xFF, 0xFF, 0xFF, 0xFF, 0x03, 0x30, 0x84, 0x31, 0x84, 0x18, 0x43, 0x8C, 0xFF, 0xFF, 0xFF, 0xFF,
  0xFF, 0xFF, 0xFF, 0xFF, 0x03, 0x30, 0x84, 0x31, 0x84, 0x18, 0x43, 0x8C, 0xFF, 0xFF, 0xFF, 0xFF,
  0xFF, 0xFF, 0xFF, 0xFF, 0xC3, 0x21, 0x84, 0x01, 0xC4, 0x18, 0x00, 0x8C, 0xFF, 0xFF, 0xFF, 0xFF,
  0xFF, 0xFF, 0xFF, 0xFF, 0xC3, 0x21, 0x84, 0x01, 0xC4, 0x18, 0x00, 0x8C, 0xFF, 0xFF, 0xFF, 0xFF,
  0xFF, 0xFF, 0xFF, 0xFF, 0xE3, 0x21, 0x84, 0x01, 0x04, 0x18, 0x60, 0x80, 0xFF, 0xFF, 0xFF, 0xFF,
  0xFF, 0xFF, 0xFF, 0xFF, 0xE3, 0x21, 0x84, 0x01, 0x04, 0x18, 0x60, 0x80, 0xFF, 0xFF, 0xFF, 0xFF,
  0xFF, 0xFF, 0xFF, 0xFF, 0xE1, 0x21, 0x84, 0x01, 0x06, 0x08, 0x60, 0x80, 0xFF, 0xFF, 0xFF, 0xFF,
  0xFF, 0xFF, 0xFF, 0xFF, 0xE1, 0x21, 0x84, 0x01, 0x06, 0x08, 0x60, 0x80, 0xFF, 0xFF, 0xFF, 0xFF,
  0xFF, 0xFF, 0xFF, 0xFF, 0xE1, 0xFF, 0xFF, 0xFF, 0x9F, 0xFF, 0xFF, 0x8F, 0xFF, 0xFF, 0xFF, 0xFF,
  0xFF, 0xFF, 0xFF, 0xFF, 0xE1, 0xFF, 0xFF, 0xFF, 0x9F, 0xFF, 0xFF, 0x8F, 0xFF, 0xFF, 0xFF, 0xFF,
  0xFF, 0xFF, 0xFF, 0xFF, 0xE1, 0xFF, 0xFF, 0xFF, 0xFF, 0xFF, 0xFF, 0x8F, 0xF1, 0xFF, 0xFF, 0xFF,
  0xFF, 0xFF, 0xFF, 0xFF, 0xE1, 0xFF, 0xFF, 0xFF, 0xFF, 0xFF, 0xFF, 0x8F, 0xF1, 0xFF, 0xFF, 0xFF,
  0xFF, 0xFF, 0xFF, 0x87, 0xF0, 0xFF, 0xFF, 0xFF, 0xFF, 0x7F, 0xFC, 0x0F, 0xF0, 0xFF, 0xFF, 0xFF,
  0xFF, 0xFF, 0xFF, 0x87, 0xF0, 0xFF, 0xFF, 0xFF, 0xFF, 0x7F, 0xFC, 0x0F, 0xF0, 0xFF, 0xFF, 0xFF,
  0xFF, 0xFF, 0xFF, 0x07, 0xF0, 0xFF, 0x77, 0xC2, 0xBA, 0x3F, 0xFC, 0x0F, 0xF0, 0xFF, 0xFF, 0xFF,
  0xFF, 0xFF, 0xFF, 0x07, 0xF0, 0xFF, 0x77, 0xC2, 0xBA, 0x3F, 0xFC, 0x0F, 0xF0, 0xFF, 0xFF, 0xFF,
  0xFF, 0xFF, 0xFF, 0x07, 0xF8, 0x53, 0xB3, 0x4A, 0xA8, 0xA8, 0xCC, 0x1F, 0xF0, 0xFF, 0xFF, 0xFF,
  0xFF, 0xFF, 0xFF, 0x07, 0xF8, 0x53, 0xB3, 0x4A, 0xA8, 0xA8, 0xCC, 0x1F, 0xF0, 0xFF, 0xFF, 0xFF,
  0xFF, 0xFF, 0xFF, 0x07, 0xFC, 0x03, 0xB1, 0x5A, 0xA2, 0x2A, 0xC2, 0x3F, 0xF8, 0xFF, 0xFF, 0xFF,
  0xFF, 0xFF, 0xFF, 0x07, 0xFC, 0x03, 0xB1, 0x5A, 0xA2, 0x2A, 0xC2, 0x3F, 0xF8, 0xFF, 0xFF, 0xFF,
  0xFF, 0xFF, 0xFF, 0x0F, 0xFE, 0x43, 0x35, 0xCA, 0xAA, 0x0E, 0x8E, 0xFF, 0xFF, 0xFF, 0xFF, 0xFF,
  0xFF, 0xFF, 0xFF, 0x0F, 0xFE, 0x43, 0x35, 0xCA, 0xAA, 0x0E, 0x8E, 0xFF, 0xFF, 0xFF, 0xFF, 0xFF,
  0xFF, 0xFF, 0xFF, 0xFF, 0xFF, 0x43, 0xF1, 0xE2, 0xAA, 0xC8, 0x80, 0xFF, 0xFF, 0xFF, 0xFF, 0xFF,
  0xFF, 0xFF, 0xFF, 0xFF, 0xFF, 0x43, 0xF1, 0xE2, 0xAA, 0xC8, 0x80, 0xFF, 0xFF, 0xFF, 0xFF, 0xFF,
  0xFF, 0xFF, 0xFF, 0xFF, 0xFF, 0xE7, 0xFF, 0xFF, 0xFE, 0xFF, 0xFF, 0xFF, 0xFF, 0xFF, 0xFF, 0xFF,
  0xFF, 0xFF, 0xFF, 0xFF, 0xFF, 0xE7, 0xFF, 0xFF, 0xFE, 0xFF, 0xFF, 0xFF, 0xFF, 0xFF, 0xFF, 0xFF,
  0xFF, 0xFF, 0xFF, 0xFF, 0xFF, 0xCF, 0xFF, 0xFF, 0xF8, 0xFF, 0xFF, 0xFF, 0xFF, 0xFF, 0xFF, 0xFF,
  0xFF, 0xFF, 0xFF, 0xFF, 0xFF, 0xCF, 0xFF, 0xFF, 0xF8, 0xFF, 0xFF, 0xFF, 0xFF, 0xFF, 0xFF, 0xFF,
  0xFF, 0xFF, 0xFF, 0xFF, 0xFF, 0xFF, 0xFF, 0xFF, 0xFD, 0xFF, 0xFF, 0xFF, 0xFF, 0xFF, 0xFF, 0xFF,
  0xFF, 0xFF, 0xFF, 0xFF, 0xFF, 0xFF, 0xFF, 0xFF, 0xFD, 0xFF, 0xFF, 0xFF, 0xFF, 0xFF, 0xFF, 0xFF,
  0xFF, 0xFF, 0xFF, 0xFF, 0xFF, 0xFF, 0xFF, 0xFF, 0xFF, 0xFF, 0xFF, 0xFF, 0xFF, 0xFF, 0xFF, 0xFF,
  0xFF, 0xFF, 0xFF, 0xFF, 0xFF, 0xFF, 0xFF, 0xFF, 0xFF, 0xFF, 0xFF, 0xFF, 0xFF, 0xFF, 0xFF, 0xFF,
  0xFF, 0xFF, 0xFF, 0xFF, 0xFF, 0xFF, 0xFF, 0xFF, 0xFF, 0xFF, 0xFF, 0xFF, 0xFF, 0xFF, 0xFF, 0xFF,
  0xFF, 0xFF, 0xFF, 0xFF, 0xFF, 0xFF, 0xFF, 0xFF, 0xFF, 0xFF, 0xFF, 0xFF, 0xFF, 0xFF, 0xFF, 0xFF,
  0xFF, 0xFF, 0xFF, 0xFF, 0xFF, 0xFF, 0xFF, 0xFF, 0xFF, 0xFF, 0xFF, 0xFF, 0xFF, 0xFF, 0xFF, 0xFF,
  0xFF, 0xFF, 0xFF, 0xFF, 0xFF, 0xFF, 0xFF, 0xFF, 0xFF, 0xFF, 0xFF, 0xFF, 0xFF, 0xFF, 0xFF, 0xFF,
};
#endif

#ifdef ENABLE_GAPLUS
const uint8_t Gaplus_Logo_bits[] PROGMEM = {
  0xFF, 0xFF, 0xFF, 0xFF, 0xFF, 0xFF, 0xFF, 0xFF, 0xFF, 0xFF, 0xFF, 0xFF, 0xFF, 0xFF, 0xFF, 0xFF,
  0xFF, 0xFF, 0xFF, 0xFF, 0xFF, 0xFF, 0xFF, 0xFF, 0xFF, 0xFF, 0xFF, 0xFF, 0xFF, 0xFF, 0xFF, 0xFF,
  0xFF, 0xFF, 0xFF, 0xFF, 0xFF, 0xFF, 0xFF, 0xFF, 0x01, 0xFF, 0xFF, 0xFF, 0xFF, 0xFF, 0xFF, 0xFF,
  0xFF, 0xFF, 0xFF, 0xFF, 0xFF, 0xFF, 0xFF, 0xFF, 0x01, 0xFF, 0xFF, 0xFF, 0xFF, 0xFF, 0xFF, 0xFF,
  0xFF, 0xFF, 0xFF, 0xFF, 0x0F, 0xFE, 0xFF, 0xE1, 0xFF, 0x0F, 0xFF, 0xFF, 0xFF, 0xFF, 0xFF, 0xFF,
  0xFF, 0xFF, 0xFF, 0xFF, 0x0F, 0xFE, 0xFF, 0xE1, 0xFF, 0x0F, 0xFF, 0xFF, 0xFF, 0xFF, 0xFF, 0xFF,
  0xFF, 0xFF, 0xFF, 0xFF, 0xF3, 0xF9, 0x9F, 0x07, 0x7E, 0xE0, 0xF1, 0xFF, 0xFF, 0xFF, 0xFF, 0xFF,
  0xFF, 0xFF, 0xFF, 0xFF, 0xF3, 0xF9, 0x9F, 0x07, 0x7E, 0xE0, 0xF1, 0xFF, 0xFF, 0xFF, 0xFF, 0xFF,
  0xFF, 0xFF, 0xFF, 0xFF, 0xFD, 0xE7, 0x39, 0xFE, 0xFF, 0x7F, 0x9C, 0xC3, 0xFF, 0xFF, 0xFF, 0xFF,
  0xFF, 0xFF, 0xFF, 0xFF, 0xFD, 0xE7, 0x39, 0xFE, 0xFF, 0x7F, 0x9C, 0xC3, 0xFF, 0xFF, 0xFF, 0xFF,
  0xFF, 0xFF, 0xFF, 0xFF, 0xDE, 0x1F, 0xE7, 0x0F, 0x10, 0xE0, 0xEF, 0xFE, 0xFF, 0xFF, 0xFF, 0xFF,
  0xFF, 0xFF, 0xFF, 0xFF, 0xDE, 0x1F, 0xE7, 0x0F, 0x10, 0xE0, 0xEF, 0xFE, 0xFF, 0xFF, 0xFF, 0xFF,
  0xFF, 0xFF, 0xFF, 0x7F, 0xFF, 0xFF, 0x7E, 0xFC, 0xDF, 0x75, 0x3C, 0xCF, 0xFF, 0xFF, 0xFF, 0xFF,
  0xFF, 0xFF, 0xFF, 0x7F, 0xFF, 0xFF, 0x7E, 0xFC, 0xDF, 0x75, 0x3C, 0xCF, 0xFF, 0xFF, 0xFF, 0xFF,
  0xFF, 0xFF, 0xFF, 0xBF, 0xFF, 0x9D, 0xE7, 0x7C, 0xDF, 0x75, 0x66, 0xB7, 0xFE, 0xFF, 0xFF, 0xFF,
  0xFF, 0xFF, 0xFF, 0xBF, 0xFF, 0x9D, 0xE7, 0x7C, 0xDF, 0x75, 0x66, 0xB7, 0xFE, 0xFF, 0xFF, 0xFF,
  0xFF, 0xFF, 0xFF, 0xBF, 0xFB, 0xF7, 0xBC, 0xBB, 0xDE, 0xB7, 0xBB, 0x7B, 0xFD, 0xFF, 0xFF, 0xFF,
  0xFF, 0xFF, 0xFF, 0xBF, 0xFB, 0xF7, 0xBC, 0xBB, 0xDE, 0xB7, 0xBB, 0x7B, 0xFD, 0xFF, 0xFF, 0xFF,
  0xFF, 0xFF, 0xFF, 0xDF, 0xFD, 0xBC, 0xBF, 0xFB, 0xDE, 0xB7, 0xBB, 0x2B, 0xFB, 0xFF, 0xFF, 0xFF,
  0xFF, 0xFF, 0xFF, 0xDF, 0xFD, 0xBC, 0xBF, 0xFB, 0xDE, 0xB7, 0xBB, 0x2B, 0xFB, 0xFF, 0xFF, 0xFF,
  0xFF, 0xFF, 0xFF, 0xFF, 0xFD, 0xE7, 0xBF, 0xFB, 0xDE, 0xB7, 0x7B, 0x5F, 0xFB, 0xFF, 0xFF, 0xFF,
  0xFF, 0xFF, 0xFF, 0xFF, 0xFD, 0xE7, 0xBF, 0xFB, 0xDE, 0xB7, 0x7B, 0x5F, 0xFB, 0xFF, 0xFF, 0xFF,
  0xFF, 0xFF, 0xFF, 0xEF, 0xFE, 0x19, 0xB7, 0xFB, 0xD0, 0xB7, 0xFB, 0xB7, 0xFB, 0xFF, 0xFF, 0xFF,
  0xFF, 0xFF, 0xFF, 0xEF, 0xFE, 0x19, 0xB7, 0xFB, 0xD0, 0xB7, 0xFB, 0xB7, 0xFB, 0xFF, 0xFF, 0xFF,
  0xFF, 0xFF, 0xFF, 0xEF, 0x7E, 0x6E, 0xB7, 0x63, 0x11, 0x8E, 0xFB, 0x6E, 0xFD, 0xFF, 0xFF, 0xFF,
  0xFF, 0xFF, 0xFF, 0xEF, 0x7E, 0x6E, 0xB7, 0x63, 0x11, 0x8E, 0xFB, 0x6E, 0xFD, 0xFF, 0xFF, 0xFF,
  0xFF, 0xFF, 0xFF, 0xFF, 0xBF, 0x77, 0xC3, 0x23, 0x10, 0xAE, 0xC0, 0xDD, 0xFF, 0xFF, 0xFF, 0xFF,
  0xFF, 0xFF, 0xFF, 0xFF, 0xBF, 0x77, 0xC3, 0x23, 0x10, 0xAE, 0xC0, 0xDD, 0xFF, 0xFF, 0xFF, 0xFF,
  0xFF, 0xFF, 0xFF, 0x77, 0xEF, 0x77, 0x50, 0x03, 0x14, 0x2E, 0x10, 0xBB, 0xFF, 0xFF, 0xFF, 0xFF,
  0xFF, 0xFF, 0xFF, 0x77, 0xEF, 0x77, 0x50, 0x03, 0x14, 0x2E, 0x10, 0xBB, 0xFF, 0xFF, 0xFF, 0xFF,
  0xFF, 0xFF, 0xFF, 0x77, 0xFF, 0x77, 0x08, 0x03, 0x1D, 0xEE, 0x42, 0x76, 0xFF, 0xFF, 0xFF, 0xFF,
  0xFF, 0xFF, 0xFF, 0x77, 0xFF, 0x77, 0x08, 0x03, 0x1D, 0xEE, 0x42, 0x76, 0xFF, 0xFF, 0xFF, 0xFF,
  0xFF, 0xFF, 0xFF, 0x7F, 0xA7, 0xF3, 0x04, 0x03, 0x1F, 0xE2, 0x85, 0xEC, 0xFE, 0xFF, 0xFF, 0xFF,
  0xFF, 0xFF, 0xFF, 0x7F, 0xA7, 0xF3, 0x04, 0x03, 0x1F, 0xE2, 0x85, 0xEC, 0xFE, 0xFF, 0xFF, 0xFF,
  0xFF, 0xFF, 0xFF, 0x7F, 0x7F, 0xB4, 0x0E, 0xE3, 0x3F, 0x02, 0x01, 0xD8, 0xFF, 0xFF, 0xFF, 0xFF,
  0xFF, 0xFF, 0xFF, 0x7F, 0x7F, 0xB4, 0x0E, 0xE3, 0x3F, 0x02, 0x01, 0xD8, 0xFF, 0xFF, 0xFF, 0xFF,
  0xFF, 0xFF, 0xFF, 0x7F, 0x7F, 0x3C, 0x2C, 0xE2, 0x3F, 0x02, 0x00, 0x98, 0xFB, 0xFF, 0xFF, 0xFF,
  0xFF, 0xFF, 0xFF, 0x7F, 0x7F, 0x3C, 0x2C, 0xE2, 0x3F, 0x02, 0x00, 0x98, 0xFB, 0xFF, 0xFF, 0xFF,
  0xFF, 0xFF, 0xFF, 0xFF, 0x3E, 0x3C, 0x3C, 0xE6, 0x0F, 0xF4, 0x0C, 0x1F, 0xFE, 0xFF, 0xFF, 0xFF,
  0xFF, 0xFF, 0xFF, 0xFF, 0x3E, 0x3C, 0x3C, 0xE6, 0x0F, 0xF4, 0x0C, 0x1F, 0xFE, 0xFF, 0xFF, 0xFF,
  0xFF, 0xFF, 0xFF, 0xFF, 0x1F, 0x3C, 0x3C, 0x42, 0x06, 0x8C, 0x1B, 0x28, 0xF4, 0xFF, 0xFF, 0xFF,
  0xFF, 0xFF, 0xFF, 0xFF, 0x1F, 0x3C, 0x3C, 0x42, 0x06, 0x8C, 0x1B, 0x28, 0xF4, 0xFF, 0xFF, 0xFF,
  0xFF, 0xFF, 0xFF, 0xF7, 0x13, 0x78, 0x0C, 0x3C, 0x34, 0x80, 0x0E, 0x08, 0xF0, 0xFF, 0xFF, 0xFF,
  0xFF, 0xFF, 0xFF, 0xF7, 0x13, 0x78, 0x0C, 0x3C, 0x34, 0x80, 0x0E, 0x08, 0xF0, 0xFF, 0xFF, 0xFF,
  0xFF, 0xFF, 0xFF, 0x6F, 0xC0, 0x18, 0x3E, 0xF8, 0x7F, 0x0C, 0x1A, 0x00, 0xF4, 0xFF, 0xFF, 0xFF,
  0xFF, 0xFF, 0xFF, 0x6F, 0xC0, 0x18, 0x3E, 0xF8, 0x7F, 0x0C, 0x1A, 0x00, 0xF4, 0xFF, 0xFF, 0xFF,
  0xFF, 0xFF, 0xFF, 0x1F, 0x60, 0x38, 0xEE, 0xFF, 0xFF, 0x4F, 0x28, 0x00, 0xFA, 0xFF, 0xFF, 0xFF,
  0xFF, 0xFF, 0xFF, 0x1F, 0x60, 0x38, 0xEE, 0xFF, 0xFF, 0x4F, 0x28, 0x00, 0xFA, 0xFF, 0xFF, 0xFF,
  0xFF, 0xFF, 0xFF, 0x3F, 0x70, 0x90, 0xFE, 0xFF, 0xFF, 0x7F, 0xA0, 0xFC, 0xF0, 0xFF, 0xFF, 0xFF,
  0xFF, 0xFF, 0xFF, 0x3F, 0x70, 0x90, 0xFE, 0xFF, 0xFF, 0x7F, 0xA0, 0xFC, 0xF0, 0xFF, 0xFF, 0xFF,
  0xFF, 0xFF, 0xFF, 0x7F, 0x70, 0x90, 0xFF, 0xFF, 0xFF, 0xFF, 0x89, 0xDC, 0xF8, 0xFF, 0xFF, 0xFF,
  0xFF, 0xFF, 0xFF, 0x7F, 0x70, 0x90, 0xFF, 0xFF, 0xFF, 0xFF, 0x89, 0xDC, 0xF8, 0xFF, 0xFF, 0xFF,
  0xFF, 0xFF, 0xFF, 0xFF, 0xB8, 0xE0, 0xFF, 0xFF, 0xFF, 0xFF, 0x07, 0xC4, 0xF4, 0xFF, 0xFF, 0xFF,
  0xFF, 0xFF, 0xFF, 0xFF, 0xB8, 0xE0, 0xFF, 0xFF, 0xFF, 0xFF, 0x07, 0xC4, 0xF4, 0xFF, 0xFF, 0xFF,
  0xFF, 0xFF, 0xFF, 0xFF, 0x5D, 0xFA, 0xFF, 0xFF, 0xFF, 0xFF, 0x1F, 0x00, 0xFC, 0xFF, 0xFF, 0xFF,
  0xFF, 0xFF, 0xFF, 0xFF, 0x5D, 0xFA, 0xFF, 0xFF, 0xFF, 0xFF, 0x1F, 0x00, 0xFC, 0xFF, 0xFF, 0xFF,
  0xFF, 0xFF, 0xFF, 0xFF, 0x9E, 0xFE, 0xFF, 0xFF, 0xFF, 0xFF, 0x7F, 0x01, 0xFE, 0xFF, 0xFF, 0xFF,
  0xFF, 0xFF, 0xFF, 0xFF, 0x9E, 0xFE, 0xFF, 0xFF, 0xFF, 0xFF, 0x7F, 0x01, 0xFE, 0xFF, 0xFF, 0xFF,
  0xFF, 0xFF, 0xFF, 0xFF, 0xB3, 0xFF, 0xFF, 0xFF, 0xFF, 0xFF, 0xFF, 0x95, 0xFF, 0xFF, 0xFF, 0xFF,
  0xFF, 0xFF, 0xFF, 0xFF, 0xB3, 0xFF, 0xFF, 0xFF, 0xFF, 0xFF, 0xFF, 0x95, 0xFF, 0xFF, 0xFF, 0xFF,
  0xFF, 0xFF, 0xFF, 0xFF, 0xFF, 0xFF, 0xFF, 0xFF, 0xFF, 0xFF, 0xFF, 0xF7, 0xFF, 0xFF, 0xFF, 0xFF,
  0xFF, 0xFF, 0xFF, 0xFF, 0xFF, 0xFF, 0xFF, 0xFF, 0xFF, 0xFF, 0xFF, 0xF7, 0xFF, 0xFF, 0xFF, 0xFF,
  0xFF, 0xFF, 0xFF, 0xFF, 0xFF, 0xFF, 0xFF, 0xFF, 0xFF, 0xFF, 0xFF, 0xFF, 0xFF, 0xFF, 0xFF, 0xFF,
  0xFF, 0xFF, 0xFF, 0xFF, 0xFF, 0xFF, 0xFF, 0xFF, 0xFF, 0xFF, 0xFF, 0xFF, 0xFF, 0xFF, 0xFF, 0xFF,
};
#endif

#ifdef ENABLE_POOYAN
const uint8_t Pooyan_Logo_bits[] PROGMEM = {
  0xFF, 0xFF, 0xFF, 0xFF, 0xFF, 0xFF, 0xFF, 0xFF, 0xFF, 0xFF, 0xFF, 0xFF, 0xFF, 0xFF, 0xFF, 0xFF,
  0xFF, 0xFF, 0xFF, 0xFF, 0xFF, 0xFF, 0xFF, 0xFF, 0xFF, 0xFF, 0xFF, 0xFF, 0xFF, 0xFF, 0xFF, 0xFF,
  0xFF, 0xFF, 0xFF, 0xFF, 0xFF, 0xFF, 0xFF, 0xFF, 0xFF, 0xFF, 0xFF, 0xFF, 0xFF, 0xFF, 0xFF, 0xFF,
  0xFF, 0xFF, 0xFF, 0xFF, 0xFF, 0xFF, 0xFF, 0xFF, 0xFF, 0xFF, 0xFF, 0xFF, 0xFF, 0xFF, 0xFF, 0xFF,
  0xFF, 0xFF, 0xFF, 0xFF, 0xFF, 0xFF, 0xFF, 0xFF, 0xFF, 0xFF, 0xFF, 0xFF, 0xFF, 0xFF, 0xFF, 0xFF,
  0xFF, 0xFF, 0xFF, 0xFF, 0xFF, 0xFF, 0xFF, 0xFF, 0xFF, 0xFF, 0xFF, 0xFF, 0xFF, 0xFF, 0xFF, 0xFF,
  0xFF, 0xFF, 0xFF, 0xFF, 0xFF, 0xFF, 0xFF, 0xFF, 0xFF, 0xFF, 0xFF, 0xFF, 0xFF, 0xFF, 0xFF, 0xFF,
  0xFF, 0xFF, 0xFF, 0xFF, 0xFF, 0xFF, 0xFF, 0xFF, 0xFF, 0xFF, 0xFF, 0xFF, 0xFF, 0xFF, 0xFF, 0xFF,
  0xFF, 0xFF, 0xFF, 0xFF, 0xFF, 0xFF, 0xFF, 0xFF, 0xFF, 0xFF, 0xFF, 0xFF, 0xFF, 0xFF, 0xFF, 0xFF,
  0xFF, 0xFF, 0xFF, 0xFF, 0xFF, 0xFF, 0xFF, 0xFF, 0xFF, 0xFF, 0xFF, 0xFF, 0xFF, 0xFF, 0xFF, 0xFF,
  0xFF, 0xFF, 0xFF, 0xFF, 0xFF, 0xFF, 0xFF, 0xFF, 0xFF, 0xFF, 0xFF, 0xFF, 0xFF, 0xFF, 0xFF, 0xFF,
  0xFF, 0xFF, 0xFF, 0xFF, 0xFF, 0xFF, 0xFF, 0xFF, 0xFF, 0xFF, 0xFF, 0xFF, 0xFF, 0xFF, 0xFF, 0xFF,
  0xFF, 0xFF, 0xFF, 0xFF, 0x01, 0xFF, 0xFF, 0xFF, 0xFF, 0xFF, 0xFF, 0xFF, 0xFF, 0xFF, 0xFF, 0xFF,
  0xFF, 0xFF, 0xFF, 0xFF, 0x01, 0xFF, 0xFF, 0xFF, 0xFF, 0xFF, 0xFF, 0xFF, 0xFF, 0xFF, 0xFF, 0xFF,
  0xFF, 0xFF, 0xFF, 0x1F, 0xC6, 0xF8, 0xFF, 0xFF, 0xFF, 0xFF, 0xFF, 0xFF, 0xFF, 0xFF, 0xFF, 0xFF,
  0xFF, 0xFF, 0xFF, 0x1F, 0xC6, 0xF8, 0xFF, 0xFF, 0xFF, 0xFF, 0xFF, 0xFF, 0xFF, 0xFF, 0xFF, 0xFF,
  0xFF, 0xFF, 0xFF, 0x27, 0x00, 0xF0, 0xFF, 0xFF, 0xFF, 0xFF, 0xFF, 0xFF, 0xFF, 0xFF, 0xFF, 0xFF,
  0xFF, 0xFF, 0xFF, 0x27, 0x00, 0xF0, 0xFF, 0xFF, 0xFF, 0xFF, 0xFF, 0xFF, 0xFF, 0xFF, 0xFF, 0xFF,
  0xFF, 0xFF, 0xFF, 0x07, 0x00, 0xE8, 0xFF, 0xFF, 0xFF, 0xFF, 0xFF, 0xFF, 0xFF, 0xFF, 0xFF, 0xFF,
  0xFF, 0xFF, 0xFF, 0x07, 0x00, 0xE8, 0xFF, 0xFF, 0xFF, 0xFF, 0xFF, 0xFF, 0xFF, 0xFF, 0xFF, 0xFF,
  0xFF, 0xFF, 0xFF, 0x07, 0x00, 0xE0, 0xFF, 0xFF, 0xFF, 0xFF, 0xFF, 0xFF, 0xFF, 0xFF, 0xFF, 0xFF,
  0xFF, 0xFF, 0xFF, 0x07, 0x00, 0xE0, 0xFF, 0xFF, 0xFF, 0xFF, 0xFF, 0xFF, 0xFF, 0xFF, 0xFF, 0xFF,
  0xFF, 0xFF, 0xFF, 0x0F, 0x00, 0xC0, 0xFF, 0xFF, 0xFF, 0x08, 0x3C, 0x1E, 0xFC, 0xFF, 0xFF, 0xFF,
  0xFF, 0xFF, 0xFF, 0x0F, 0x00, 0xC0, 0xFF, 0xFF, 0xFF, 0x08, 0x3C, 0x1E, 0xFC, 0xFF, 0xFF, 0xFF,
  0xFF, 0xFF, 0xFF, 0x0F, 0x00, 0xD0, 0xFF, 0xFF, 0x78, 0x15, 0xCA, 0x65, 0xF8, 0xFF, 0xFF, 0xFF,
  0xFF, 0xFF, 0xFF, 0x0F, 0x00, 0xD0, 0xFF, 0xFF, 0x78, 0x15, 0xCA, 0x65, 0xF8, 0xFF, 0xFF, 0xFF,
  0xFF, 0xFF, 0xFF, 0x0F, 0x00, 0x50, 0xF8, 0x70, 0xA5, 0x00, 0x1C, 0x00, 0xFA, 0xFF, 0xFF, 0xFF,
  0xFF, 0xFF, 0xFF, 0x0F, 0x00, 0x50, 0xF8, 0x70, 0xA5, 0x00, 0x1C, 0x00, 0xFA, 0xFF, 0xFF, 0xFF,
  0xFF, 0xFF, 0xFF, 0x0F, 0x00, 0x10, 0x30, 0x09, 0x20, 0x10, 0x10, 0x00, 0xF8, 0xFF, 0xFF, 0xFF,
  0xFF, 0xFF, 0xFF, 0x0F, 0x00, 0x10, 0x30, 0x09, 0x20, 0x10, 0x10, 0x00, 0xF8, 0xFF, 0xFF, 0xFF,
  0xFF, 0xFF, 0xFF, 0x2F, 0x50, 0x10, 0x48, 0x20, 0x00, 0x00, 0x18, 0x08, 0xF8, 0xFF, 0xFF, 0xFF,
  0xFF, 0xFF, 0xFF, 0x2F, 0x50, 0x10, 0x48, 0x20, 0x00, 0x00, 0x18, 0x08, 0xF8, 0xFF, 0xFF, 0xFF,
  0xFF, 0xFF, 0xFF, 0x2F, 0x00, 0x00, 0x00, 0xC0, 0x00, 0x00, 0x00, 0x00, 0xF8, 0xFF, 0xFF, 0xFF,
  0xFF, 0xFF, 0xFF, 0x2F, 0x00, 0x00, 0x00, 0xC0, 0x00, 0x00, 0x00, 0x00, 0xF8, 0xFF, 0xFF, 0xFF,
  0xFF, 0xFF, 0xFF, 0x1F, 0x00, 0x08, 0x00, 0x00, 0x00, 0x40, 0x10, 0x00, 0xF8, 0xFF, 0xFF, 0xFF,
  0xFF, 0xFF, 0xFF, 0x1F, 0x00, 0x08, 0x00, 0x00, 0x00, 0x40, 0x10, 0x00, 0xF8, 0xFF, 0xFF, 0xFF,
  0xFF, 0xFF, 0xFF, 0x1F, 0x00, 0x04, 0x10, 0x00, 0x03, 0xC0, 0x00, 0x00, 0xF8, 0xFF, 0xFF, 0xFF,
  0xFF, 0xFF, 0xFF, 0x1F, 0x00, 0x04, 0x10, 0x00, 0x03, 0xC0, 0x00, 0x00, 0xF8, 0xFF, 0xFF, 0xFF,
  0xFF, 0xFF, 0xFF, 0x1F, 0x00, 0x01, 0x10, 0x00, 0x00, 0x00, 0x00, 0x04, 0xFA, 0xFF, 0xFF, 0xFF,
  0xFF, 0xFF, 0xFF, 0x1F, 0x00, 0x01, 0x10, 0x00, 0x00, 0x00, 0x00, 0x04, 0xFA, 0xFF, 0xFF, 0xFF,
  0xFF, 0xFF, 0xFF, 0x1F, 0x00, 0x40, 0x10, 0x02, 0x02, 0x40, 0x21, 0x08, 0xFA, 0xFF, 0xFF, 0xFF,
  0xFF, 0xFF, 0xFF, 0x1F, 0x00, 0x40, 0x10, 0x02, 0x02, 0x40, 0x21, 0x08, 0xFA, 0xFF, 0xFF, 0xFF,
  0xFF, 0xFF, 0xFF, 0x3F, 0xD0, 0x22, 0x00, 0x00, 0x03, 0x03, 0x20, 0x10, 0xF8, 0xFF, 0xFF, 0xFF,
  0xFF, 0xFF, 0xFF, 0x3F, 0xD0, 0x22, 0x00, 0x00, 0x03, 0x03, 0x20, 0x10, 0xF8, 0xFF, 0xFF, 0xFF,
  0xFF, 0xFF, 0xFF, 0x3F, 0xC0, 0x85, 0x00, 0x04, 0x03, 0x83, 0x20, 0xCA, 0xFD, 0xFF, 0xFF, 0xFF,
  0xFF, 0xFF, 0xFF, 0x3F, 0xC0, 0x85, 0x00, 0x04, 0x03, 0x83, 0x20, 0xCA, 0xFD, 0xFF, 0xFF, 0xFF,
  0xFF, 0xFF, 0xFF, 0x3F, 0xD0, 0x0B, 0x08, 0x80, 0x0B, 0x98, 0x00, 0x38, 0xFE, 0xFF, 0xFF, 0xFF,
  0xFF, 0xFF, 0xFF, 0x3F, 0xD0, 0x0B, 0x08, 0x80, 0x0B, 0x98, 0x00, 0x38, 0xFE, 0xFF, 0xFF, 0xFF,
  0xFF, 0xFF, 0xFF, 0x7F, 0xE0, 0x07, 0x18, 0xC5, 0x07, 0xE6, 0xFF, 0xFF, 0xFF, 0xFF, 0xFF, 0xFF,
  0xFF, 0xFF, 0xFF, 0x7F, 0xE0, 0x07, 0x18, 0xC5, 0x07, 0xE6, 0xFF, 0xFF, 0xFF, 0xFF, 0xFF, 0xFF,
  0xFF, 0xFF, 0xFF, 0xFF, 0xFF, 0x3F, 0x7F, 0xF0, 0xFF, 0xFF, 0xFF, 0xFF, 0xFF, 0xFF, 0xFF, 0xFF,
  0xFF, 0xFF, 0xFF, 0xFF, 0xFF, 0x3F, 0x7F, 0xF0, 0xFF, 0xFF, 0xFF, 0xFF, 0xFF, 0xFF, 0xFF, 0xFF,
  0xFF, 0xFF, 0xFF, 0xFF, 0xFF, 0xFF, 0xFF, 0xFF, 0xFF, 0xFF, 0xFF, 0xFF, 0xFF, 0xFF, 0xFF, 0xFF,
  0xFF, 0xFF, 0xFF, 0xFF, 0xFF, 0xFF, 0xFF, 0xFF, 0xFF, 0xFF, 0xFF, 0xFF, 0xFF, 0xFF, 0xFF, 0xFF,
  0xFF, 0xFF, 0xFF, 0xFF, 0xFF, 0xFF, 0xFF, 0xFF, 0xFF, 0xFF, 0xFF, 0xFF, 0xFF, 0xFF, 0xFF, 0xFF,
  0xFF, 0xFF, 0xFF, 0xFF, 0xFF, 0xFF, 0xFF, 0xFF, 0xFF, 0xFF, 0xFF, 0xFF, 0xFF, 0xFF, 0xFF, 0xFF,
  0xFF, 0xFF, 0xFF, 0xFF, 0xFF, 0xFF, 0xFF, 0xFF, 0xFF, 0xFF, 0xFF, 0xFF, 0xFF, 0xFF, 0xFF, 0xFF,
  0xFF, 0xFF, 0xFF, 0xFF, 0xFF, 0xFF, 0xFF, 0xFF, 0xFF, 0xFF, 0xFF, 0xFF, 0xFF, 0xFF, 0xFF, 0xFF,
  0xFF, 0xFF, 0xFF, 0xFF, 0xFF, 0xFF, 0xFF, 0xFF, 0xFF, 0xFF, 0xFF, 0xFF, 0xFF, 0xFF, 0xFF, 0xFF,
  0xFF, 0xFF, 0xFF, 0xFF, 0xFF, 0xFF, 0xFF, 0xFF, 0xFF, 0xFF, 0xFF, 0xFF, 0xFF, 0xFF, 0xFF, 0xFF,
  0xFF, 0xFF, 0xFF, 0xFF, 0xFF, 0xFF, 0xFF, 0xFF, 0xFF, 0xFF, 0xFF, 0xFF, 0xFF, 0xFF, 0xFF, 0xFF,
  0xFF, 0xFF, 0xFF, 0xFF, 0xFF, 0xFF, 0xFF, 0xFF, 0xFF, 0xFF, 0xFF, 0xFF, 0xFF, 0xFF, 0xFF, 0xFF,
  0xFF, 0xFF, 0xFF, 0xFF, 0xFF, 0xFF, 0xFF, 0xFF, 0xFF, 0xFF, 0xFF, 0xFF, 0xFF, 0xFF, 0xFF, 0xFF,
  0xFF, 0xFF, 0xFF, 0xFF, 0xFF, 0xFF, 0xFF, 0xFF, 0xFF, 0xFF, 0xFF, 0xFF, 0xFF, 0xFF, 0xFF, 0xFF,
};
#endif

#ifdef ENABLE_ROCNROPE
const uint8_t Rocnrope_Logo_bits[] PROGMEM = {
	0xff, 0xff, 0xff, 0xff, 0xff, 0xff, 0xff, 0xff, 0xff, 0xff, 0xff, 0xff, 0xff, 0xff, 0xff, 0xff, 
	0xff, 0xff, 0xff, 0xff, 0xff, 0xff, 0xff, 0xff, 0xff, 0xff, 0xff, 0xff, 0xff, 0xff, 0xff, 0xff, 
	0xff, 0x7f, 0x00, 0xff, 0xff, 0xff, 0xff, 0xfe, 0xff, 0x03, 0xfc, 0xff, 0xff, 0xff, 0xff, 0xff, 
	0xff, 0x0f, 0x00, 0xfc, 0xff, 0xff, 0x7f, 0x7e, 0xff, 0x01, 0xf0, 0xff, 0xff, 0xff, 0xff, 0xff, 
	0xff, 0x07, 0x00, 0xf8, 0xff, 0xff, 0x7f, 0x3e, 0xfe, 0x01, 0xe0, 0xff, 0xff, 0xff, 0xff, 0xff, 
	0xff, 0x07, 0x00, 0xf0, 0xff, 0xff, 0x7f, 0x0e, 0xfe, 0x01, 0xc0, 0xff, 0x7f, 0xf0, 0xff, 0xff, 
	0xff, 0x07, 0x00, 0xf0, 0xff, 0xff, 0x7f, 0x06, 0xfe, 0x01, 0x80, 0xff, 0x7f, 0xc0, 0xff, 0xff, 
	0xff, 0x07, 0x00, 0xe0, 0xef, 0xff, 0x3f, 0x07, 0xfe, 0x01, 0x00, 0x1f, 0x7e, 0x80, 0xff, 0xff, 
	0xff, 0x07, 0x00, 0xe0, 0x01, 0xff, 0x3c, 0x0f, 0xfc, 0x03, 0x00, 0x07, 0x78, 0x00, 0x07, 0xf0, 
	0xff, 0x07, 0x00, 0xc0, 0x00, 0x7e, 0x3c, 0x0f, 0xfc, 0x03, 0x00, 0x07, 0x78, 0x00, 0x06, 0xf0, 
	0xff, 0x07, 0x00, 0x40, 0x00, 0x1c, 0x9c, 0x0f, 0x3c, 0x03, 0x00, 0x06, 0x70, 0x00, 0x06, 0xf0, 
	0xff, 0x07, 0x00, 0x40, 0x00, 0x0c, 0x98, 0x0f, 0x1c, 0x03, 0x00, 0x06, 0x70, 0x00, 0x0c, 0xe0, 
	0xff, 0x06, 0x00, 0x40, 0x00, 0x08, 0x98, 0x1c, 0x18, 0x03, 0x00, 0x06, 0x60, 0x00, 0x0c, 0xe0, 
	0x7f, 0x04, 0x10, 0xc0, 0x00, 0x08, 0xd8, 0x18, 0x18, 0x03, 0x00, 0x04, 0x60, 0x00, 0x08, 0xe0, 
	0x7f, 0x04, 0x38, 0x80, 0x00, 0x18, 0x70, 0x18, 0x38, 0x03, 0x03, 0x04, 0x60, 0x00, 0x08, 0xe0, 
	0x7f, 0x0c, 0x78, 0x80, 0x00, 0x10, 0x70, 0x18, 0x38, 0x03, 0x07, 0x04, 0x40, 0x00, 0x18, 0xe0, 
	0x7f, 0x0c, 0x7c, 0x80, 0x00, 0x10, 0x30, 0x30, 0x38, 0x03, 0x0f, 0x0c, 0x40, 0x00, 0x18, 0xc0, 
	0x7f, 0x0c, 0xcc, 0x80, 0x00, 0x30, 0x60, 0x30, 0x38, 0x03, 0x0f, 0x0c, 0x40, 0x30, 0x18, 0xc0, 
	0x7f, 0x0c, 0xcc, 0x80, 0x00, 0x30, 0x60, 0x60, 0x38, 0x03, 0x09, 0x0c, 0xc0, 0x70, 0x10, 0xe0, 
	0x7f, 0x0c, 0xcc, 0x80, 0x00, 0x30, 0xe0, 0x60, 0x30, 0x03, 0x19, 0x0c, 0xc0, 0x70, 0x90, 0xff, 
	0x7f, 0x0c, 0xcc, 0x80, 0x00, 0x30, 0xe0, 0x00, 0x30, 0x02, 0x19, 0x0c, 0x80, 0xf0, 0x90, 0xff, 
	0x7f, 0x0c, 0xcc, 0x80, 0x00, 0x20, 0xf8, 0x00, 0x30, 0x02, 0x1b, 0x0c, 0x80, 0xf0, 0x90, 0xff, 
	0x7f, 0x0c, 0xcc, 0xc0, 0x00, 0x20, 0x38, 0x00, 0x30, 0x02, 0x0f, 0x0c, 0x80, 0x70, 0x98, 0xff, 
	0x7f, 0x04, 0x6c, 0xc0, 0xc0, 0x20, 0x1c, 0x00, 0x30, 0x02, 0x0f, 0x84, 0x80, 0x70, 0x18, 0xf0, 
	0x7f, 0x04, 0x7c, 0x40, 0xe0, 0x20, 0x1e, 0x00, 0x30, 0x02, 0x07, 0xc6, 0x81, 0x30, 0x18, 0xf0, 
	0x7f, 0x04, 0x38, 0x60, 0xf0, 0x61, 0x36, 0x00, 0x30, 0x02, 0x07, 0xc6, 0x81, 0x10, 0x08, 0xf0, 
	0x7f, 0x04, 0x38, 0x60, 0xb0, 0x61, 0x26, 0x00, 0x30, 0x02, 0x02, 0xe6, 0x83, 0x00, 0x08, 0xf0, 
	0x7f, 0x04, 0x18, 0x30, 0x18, 0x23, 0x63, 0x00, 0x30, 0x02, 0x00, 0x63, 0x83, 0x00, 0x0c, 0xe0, 
	0x7f, 0x06, 0x00, 0x30, 0x18, 0x23, 0xe3, 0x00, 0x30, 0x03, 0x00, 0x63, 0x82, 0x00, 0x06, 0xe0, 
	0x7f, 0x06, 0x00, 0x18, 0x18, 0x23, 0xe3, 0x00, 0x30, 0x03, 0x80, 0x31, 0x82, 0x00, 0x06, 0xf0, 
	0x7f, 0x06, 0x00, 0x18, 0x08, 0x33, 0xf7, 0x00, 0x30, 0x03, 0xc0, 0x30, 0x82, 0x00, 0x87, 0xff, 
	0x7f, 0x06, 0x00, 0x0c, 0x08, 0x33, 0xb6, 0x01, 0x20, 0x03, 0xc0, 0x30, 0xc2, 0x80, 0x83, 0xff, 
	0x7f, 0x06, 0x00, 0x07, 0x08, 0x33, 0x3e, 0x11, 0x20, 0x03, 0xc0, 0x21, 0xc3, 0xe0, 0x81, 0xff, 
	0x7f, 0x06, 0x00, 0x07, 0x08, 0x33, 0x1c, 0x13, 0x20, 0x03, 0xc0, 0x63, 0x43, 0xf8, 0x80, 0xff, 
	0x7f, 0x06, 0x00, 0x07, 0x08, 0x13, 0x1c, 0x33, 0x20, 0x03, 0x00, 0xef, 0x63, 0xf8, 0x00, 0xff, 
	0x3f, 0x02, 0x00, 0x1e, 0x98, 0x19, 0x00, 0x33, 0x30, 0x03, 0x00, 0xcf, 0x61, 0xd8, 0x00, 0xe0, 
	0x3f, 0x03, 0x00, 0x3c, 0xb8, 0x19, 0x00, 0x63, 0x30, 0x03, 0x02, 0xcc, 0x60, 0x9c, 0x00, 0xe0, 
	0x3f, 0x03, 0x00, 0x78, 0xf0, 0x08, 0x00, 0x63, 0x30, 0x03, 0x07, 0x88, 0x30, 0x9c, 0x00, 0xc0, 
	0x3f, 0x03, 0x0c, 0xe0, 0xf0, 0x0c, 0x00, 0xe1, 0x38, 0x03, 0x06, 0x08, 0x10, 0x9c, 0x01, 0xc0, 
	0x3f, 0x03, 0x0c, 0x60, 0x60, 0x0c, 0x80, 0xc1, 0x38, 0x03, 0x0e, 0x04, 0x18, 0x9c, 0x01, 0xc0, 
	0x3f, 0x03, 0x1c, 0x60, 0x00, 0x06, 0x80, 0xc0, 0x3d, 0x03, 0x0e, 0x04, 0x1c, 0xbc, 0x01, 0xc0, 
	0x1f, 0x03, 0x1c, 0x70, 0x00, 0x07, 0xc0, 0xc0, 0x3f, 0x03, 0x1f, 0x0e, 0x1e, 0x3c, 0xf3, 0xc1, 
	0x1f, 0x01, 0x3c, 0x70, 0x00, 0x07, 0xc0, 0x20, 0x37, 0x03, 0x3b, 0x7e, 0x3f, 0x3c, 0xff, 0xcf, 
	0x1f, 0x01, 0x7c, 0xf8, 0x80, 0x07, 0xe0, 0x31, 0x32, 0x83, 0x73, 0xff, 0x73, 0x3c, 0xff, 0xff, 
	0x9f, 0x01, 0xe6, 0xd8, 0xe3, 0x0d, 0xb0, 0x39, 0x38, 0xc3, 0xe1, 0xf3, 0xe1, 0x3e, 0x0e, 0xff, 
	0x9f, 0x81, 0xc7, 0x8c, 0xff, 0x38, 0x38, 0x7b, 0x18, 0xf3, 0xc1, 0x81, 0xc1, 0x3f, 0x00, 0xf8, 
	0x9f, 0xf9, 0x83, 0x0f, 0x3f, 0xf8, 0x1e, 0x7f, 0x18, 0xff, 0xc1, 0x81, 0xc3, 0x7f, 0x00, 0xf0, 
	0x8f, 0xfd, 0x03, 0x07, 0x3c, 0xf0, 0x1f, 0xf7, 0x1c, 0xff, 0xc3, 0x80, 0xcf, 0x7f, 0x00, 0xf0, 
	0x8f, 0xff, 0x03, 0x07, 0x38, 0xc0, 0x1f, 0xf6, 0x1f, 0xff, 0x07, 0xc0, 0xff, 0x7f, 0xf8, 0xf1, 
	0x8f, 0xff, 0x07, 0x03, 0x38, 0x00, 0x3f, 0xf2, 0x1f, 0xf3, 0x67, 0xe0, 0xff, 0x7f, 0xfe, 0xff, 
	0x8f, 0xe3, 0x8f, 0x03, 0x7e, 0x00, 0x3f, 0xf0, 0x1f, 0xf0, 0x7f, 0xf0, 0xff, 0xff, 0xff, 0xff, 
	0x8f, 0xe0, 0x8f, 0x87, 0xff, 0x80, 0x7f, 0xf8, 0x1f, 0xf0, 0xff, 0xff, 0xff, 0xff, 0xff, 0xff, 
	0x0f, 0xe0, 0x9f, 0xff, 0xff, 0xe1, 0x7f, 0xfc, 0x1f, 0xf8, 0xff, 0xff, 0xff, 0xff, 0xff, 0xff, 
	0x07, 0xe0, 0xff, 0xff, 0xff, 0xff, 0x7f, 0xfc, 0x1f, 0xfc, 0xff, 0xff, 0xff, 0xff, 0xff, 0xff, 
	0x07, 0xf0, 0xff, 0xff, 0xff, 0xff, 0x7f, 0xfe, 0x1f, 0xff, 0xff, 0xff, 0xff, 0xff, 0xff, 0xff, 
	0x07, 0xfc, 0xff, 0xff, 0xff, 0xff, 0xff, 0xff, 0x9f, 0xff, 0xff, 0xff, 0xff, 0xff, 0xff, 0xff, 
	0x87, 0xff, 0xff, 0xff, 0xff, 0xff, 0xff, 0xff, 0xff, 0xff, 0xff, 0xff, 0xff, 0xff, 0xff, 0xff, 
	0xc3, 0xff, 0xff, 0xff, 0xff, 0xff, 0xff, 0xff, 0xff, 0xff, 0xff, 0xff, 0xff, 0xff, 0xff, 0xff, 
	0xf3, 0xff, 0xff, 0xff, 0xff, 0xff, 0xff, 0xff, 0xff, 0xff, 0xff, 0xff, 0xff, 0xff, 0xff, 0xff, 
	0xff, 0xff, 0xff, 0xff, 0xff, 0xff, 0xff, 0xff, 0xff, 0xff, 0xff, 0xff, 0xff, 0xff, 0xff, 0xff, 
	0xff, 0xff, 0xff, 0xff, 0xff, 0xff, 0xff, 0xff, 0xff, 0xff, 0xff, 0xff, 0xff, 0xff, 0xff, 0xff, 
	0xff, 0xff, 0xff, 0xff, 0xff, 0xff, 0xff, 0xff, 0xff, 0xff, 0xff, 0xff, 0xff, 0xff, 0xff, 0xff, 
	0xff, 0xff, 0xff, 0xff, 0xff, 0xff, 0xff, 0xff, 0xff, 0xff, 0xff, 0xff, 0xff, 0xff, 0xff, 0xff, 
	0xff, 0xff, 0xff, 0xff, 0xff, 0xff, 0xff, 0xff, 0xff, 0xff, 0xff, 0xff, 0xff, 0xff, 0xff, 0xff};
#endif

#ifdef ENABLE_SCREGG
const uint8_t Scregg_Logo_bits[] PROGMEM = {
  0xFF, 0xFF, 0xFF, 0xFF, 0xFF, 0xFF, 0xFF, 0xFF, 0xFF, 0xFF, 0xFF, 0xFF, 0xFF, 0xFF, 0xFF, 0xFF,
  0xFF, 0xFF, 0xFF, 0xFF, 0xFF, 0xFF, 0xFF, 0xFF, 0xFF, 0xFF, 0xFF, 0xFF, 0xFF, 0xFF, 0xFF, 0xFF,
  0xFF, 0xFF, 0xFF, 0xFF, 0xFF, 0xFF, 0xFF, 0xFF, 0xFF, 0xFF, 0xFF, 0xFF, 0xFF, 0xFF, 0xFF, 0xFF,
  0xFF, 0xFF, 0xFF, 0xFF, 0xFF, 0xFF, 0xFF, 0xFF, 0xFF, 0xFF, 0xFF, 0xFF, 0xFF, 0xFF, 0xFF, 0xFF,
  0xFF, 0xFF, 0xFF, 0xFF, 0xFF, 0xFF, 0xFF, 0xFF, 0xFF, 0xFF, 0xFF, 0xFF, 0xFF, 0xFF, 0xFF, 0xFF,
  0xFF, 0xFF, 0xFF, 0xFF, 0xFF, 0xFF, 0xFF, 0xFF, 0xFF, 0xFF, 0xFF, 0xFF, 0xFF, 0xFF, 0xFF, 0xFF,
  0xFF, 0xFF, 0xFF, 0xFF, 0xFF, 0xFF, 0xFF, 0xFF, 0xFF, 0xFF, 0xFF, 0xFF, 0xFF, 0xFF, 0xFF, 0xFF,
  0xFF, 0xFF, 0xFF, 0xFF, 0xFF, 0xFF, 0xFF, 0xFF, 0xFF, 0xFF, 0xFF, 0xFF, 0xFF, 0xFF, 0xFF, 0xFF,
  0xFF, 0xFF, 0xFF, 0xFF, 0xFF, 0xFF, 0xFF, 0xFF, 0xFF, 0xFF, 0xFF, 0xFF, 0xFF, 0xFF, 0xFF, 0xFF,
  0xFF, 0xFF, 0xFF, 0xFF, 0xFF, 0xFF, 0xFF, 0xFF, 0xFF, 0xFF, 0xFF, 0xFF, 0xFF, 0xFF, 0xFF, 0xFF,
  0xFF, 0xFF, 0xFF, 0xFF, 0xFF, 0xFF, 0xFF, 0xFF, 0xFF, 0xFF, 0xFF, 0xFF, 0xFF, 0xFF, 0xFF, 0xFF,
  0xFF, 0xFF, 0xFF, 0xFF, 0xFF, 0xFF, 0xFF, 0xFF, 0xFF, 0xFF, 0xFF, 0xFF, 0xFF, 0xFF, 0xFF, 0xFF,
  0xFF, 0xFF, 0xFF, 0xFF, 0xFF, 0xFF, 0xFF, 0xFF, 0xFF, 0xFF, 0xFF, 0xFF, 0xFF, 0xFF, 0xFF, 0xFF,
  0xFF, 0xFF, 0xFF, 0xFF, 0xFF, 0xFF, 0xFF, 0xFF, 0xFF, 0xFF, 0xFF, 0xFF, 0xFF, 0xFF, 0xFF, 0xFF,
  0xFF, 0xFF, 0xFF, 0xFF, 0xFF, 0xFF, 0xFF, 0xFF, 0xFF, 0xFF, 0xFF, 0xFF, 0xFF, 0xFF, 0xFF, 0xFF,
  0xFF, 0xFF, 0xFF, 0xFF, 0xFF, 0xFF, 0xFF, 0xFF, 0xFF, 0xFF, 0xFF, 0xFF, 0xFF, 0xFF, 0xFF, 0xFF,
  0xFF, 0xFF, 0xFF, 0xFF, 0xFF, 0xFF, 0xFF, 0xFF, 0xFF, 0xFF, 0xFF, 0xFF, 0xFF, 0xFF, 0xFF, 0xFF,
  0xFF, 0xFF, 0xFF, 0xFF, 0xFF, 0xFF, 0xFF, 0xFF, 0xFF, 0xFF, 0xFF, 0xFF, 0xFF, 0xFF, 0xFF, 0xFF,
  0xFF, 0xFF, 0xFF, 0xFF, 0xFF, 0xFF, 0x3F, 0xF0, 0xC0, 0xFF, 0xC1, 0xFF, 0xFF, 0xFF, 0xFF, 0xFF,
  0xFF, 0xFF, 0xFF, 0xFF, 0xFF, 0xFF, 0x3F, 0xF0, 0xC0, 0xFF, 0xC1, 0xFF, 0xFF, 0xFF, 0xFF, 0xFF,
  0xFF, 0xFF, 0xFF, 0xFF, 0xFF, 0xFF, 0x1F, 0x20, 0x80, 0x81, 0x20, 0xFF, 0xFF, 0xFF, 0xFF, 0xFF,
  0xFF, 0xFF, 0xFF, 0xFF, 0xFF, 0xFF, 0x1F, 0x20, 0x80, 0x81, 0x20, 0xFF, 0xFF, 0xFF, 0xFF, 0xFF,
  0xFF, 0xFF, 0xFF, 0xFF, 0xFF, 0xFF, 0x0F, 0x20, 0x80, 0x00, 0x20, 0xFF, 0xFF, 0xFF, 0xFF, 0xFF,
  0xFF, 0xFF, 0xFF, 0xFF, 0xFF, 0xFF, 0x0F, 0x20, 0x80, 0x00, 0x20, 0xFF, 0xFF, 0xFF, 0xFF, 0xFF,
  0xFF, 0xFF, 0xFF, 0xFF, 0xFF, 0xFF, 0x07, 0x20, 0x00, 0x00, 0x29, 0x06, 0xFF, 0xFF, 0xFF, 0xFF,
  0xFF, 0xFF, 0xFF, 0xFF, 0xFF, 0xFF, 0x07, 0x20, 0x00, 0x00, 0x29, 0x06, 0xFF, 0xFF, 0xFF, 0xFF,
  0xFF, 0xFF, 0xFF, 0xFF, 0xFF, 0xFF, 0x83, 0x3F, 0x8F, 0x00, 0x28, 0x72, 0xFE, 0xFF, 0xFF, 0xFF,
  0xFF, 0xFF, 0xFF, 0xFF, 0xFF, 0xFF, 0x83, 0x3F, 0x8F, 0x00, 0x28, 0x72, 0xFE, 0xFF, 0xFF, 0xFF,
  0xFF, 0xFF, 0xFF, 0xFF, 0xFF, 0xFF, 0x01, 0x87, 0x7F, 0x3E, 0x2D, 0xA8, 0xFE, 0xFF, 0xFF, 0xFF,
  0xFF, 0xFF, 0xFF, 0xFF, 0xFF, 0xFF, 0x01, 0x87, 0x7F, 0x3E, 0x2D, 0xA8, 0xFE, 0xFF, 0xFF, 0xFF,
  0xFF, 0xFF, 0xFF, 0xFF, 0xFF, 0xFF, 0x01, 0x90, 0x21, 0xFE, 0x10, 0xB8, 0xFE, 0xFF, 0xFF, 0xFF,
  0xFF, 0xFF, 0xFF, 0xFF, 0xFF, 0xFF, 0x01, 0x90, 0x21, 0xFE, 0x10, 0xB8, 0xFE, 0xFF, 0xFF, 0xFF,
  0xFF, 0xFF, 0xFF, 0xFF, 0x7F, 0xFF, 0x00, 0x80, 0x40, 0x03, 0x1C, 0x98, 0xFE, 0xFF, 0xFF, 0xFF,
  0xFF, 0xFF, 0xFF, 0xFF, 0x7F, 0xFF, 0x00, 0x80, 0x40, 0x03, 0x1C, 0x98, 0xFE, 0xFF, 0xFF, 0xFF,
  0xFF, 0xFF, 0xFF, 0xFF, 0x7F, 0xFE, 0x00, 0x98, 0x41, 0x03, 0x0A, 0x48, 0xF8, 0xFF, 0xFF, 0xFF,
  0xFF, 0xFF, 0xFF, 0xFF, 0x7F, 0xFE, 0x00, 0x98, 0x41, 0x03, 0x0A, 0x48, 0xF8, 0xFF, 0xFF, 0xFF,
  0xFF, 0xFF, 0xFF, 0xFF, 0xE3, 0xFE, 0xC0, 0x8F, 0x33, 0x0F, 0x07, 0x00, 0xFE, 0xFF, 0xFF, 0xFF,
  0xFF, 0xFF, 0xFF, 0xFF, 0xE3, 0xFE, 0xC0, 0x8F, 0x33, 0x0F, 0x07, 0x00, 0xFE, 0xFF, 0xFF, 0xFF,
  0xFF, 0xFF, 0xFF, 0xFF, 0xCC, 0xFF, 0x80, 0x07, 0x10, 0xCE, 0x12, 0x40, 0xFF, 0xFF, 0xFF, 0xFF,
  0xFF, 0xFF, 0xFF, 0xFF, 0xCC, 0xFF, 0x80, 0x07, 0x10, 0xCE, 0x12, 0x40, 0xFF, 0xFF, 0xFF, 0xFF,
  0xFF, 0xFF, 0xFF, 0xFF, 0xF1, 0xFF, 0x00, 0x00, 0x10, 0x40, 0xC0, 0x44, 0xFE, 0xFF, 0xFF, 0xFF,
  0xFF, 0xFF, 0xFF, 0xFF, 0xF1, 0xFF, 0x00, 0x00, 0x10, 0x40, 0xC0, 0x44, 0xFE, 0xFF, 0xFF, 0xFF,
  0xFF, 0xFF, 0xFF, 0xFF, 0xFE, 0xFF, 0x01, 0x10, 0x10, 0x40, 0x44, 0xFF, 0xFE, 0xFF, 0xFF, 0xFF,
  0xFF, 0xFF, 0xFF, 0xFF, 0xFE, 0xFF, 0x01, 0x10, 0x10, 0x40, 0x44, 0xFF, 0xFE, 0xFF, 0xFF, 0xFF,
  0xFF, 0xFF, 0xFF, 0xFF, 0xFF, 0xFF, 0x03, 0x10, 0x30, 0x00, 0x60, 0xFD, 0xFF, 0xFF, 0xFF, 0xFF,
  0xFF, 0xFF, 0xFF, 0xFF, 0xFF, 0xFF, 0x03, 0x10, 0x30, 0x00, 0x60, 0xFD, 0xFF, 0xFF, 0xFF, 0xFF,
  0xFF, 0xFF, 0xFF, 0xFF, 0xFF, 0xFF, 0x0F, 0xF8, 0xF1, 0x07, 0x00, 0xFC, 0xFF, 0xFF, 0xFF, 0xFF,
  0xFF, 0xFF, 0xFF, 0xFF, 0xFF, 0xFF, 0x0F, 0xF8, 0xF1, 0x07, 0x00, 0xFC, 0xFF, 0xFF, 0xFF, 0xFF,
  0xFF, 0xFF, 0xFF, 0xFF, 0xFF, 0xFF, 0xFF, 0xFF, 0xF9, 0x2F, 0x00, 0xFC, 0xFF, 0xFF, 0xFF, 0xFF,
  0xFF, 0xFF, 0xFF, 0xFF, 0xFF, 0xFF, 0xFF, 0xFF, 0xF9, 0x2F, 0x00, 0xFC, 0xFF, 0xFF, 0xFF, 0xFF,
  0xFF, 0xFF, 0xFF, 0xFF, 0xFF, 0xFF, 0xFF, 0xFF, 0xFF, 0x3F, 0x00, 0xFC, 0xFF, 0xFF, 0xFF, 0xFF,
  0xFF, 0xFF, 0xFF, 0xFF, 0xFF, 0xFF, 0xFF, 0xFF, 0xFF, 0x3F, 0x00, 0xFC, 0xFF, 0xFF, 0xFF, 0xFF,
  0xFF, 0xFF, 0xFF, 0xFF, 0xFF, 0xFF, 0xFF, 0xFF, 0xFF, 0x17, 0x00, 0xFE, 0xFF, 0xFF, 0xFF, 0xFF,
  0xFF, 0xFF, 0xFF, 0xFF, 0xFF, 0xFF, 0xFF, 0xFF, 0xFF, 0x17, 0x00, 0xFE, 0xFF, 0xFF, 0xFF, 0xFF,
  0xFF, 0xFF, 0xFF, 0xFF, 0xFF, 0xFF, 0xFF, 0xFF, 0xFF, 0x0F, 0x00, 0xFE, 0xFF, 0xFF, 0xFF, 0xFF,
  0xFF, 0xFF, 0xFF, 0xFF, 0xFF, 0xFF, 0xFF, 0xFF, 0xFF, 0x0F, 0x00, 0xFE, 0xFF, 0xFF, 0xFF, 0xFF,
  0xFF, 0xFF, 0xFF, 0xFF, 0xFF, 0xFF, 0xFF, 0xFF, 0xFF, 0x1F, 0x00, 0xFF, 0xFF, 0xFF, 0xFF, 0xFF,
  0xFF, 0xFF, 0xFF, 0xFF, 0xFF, 0xFF, 0xFF, 0xFF, 0xFF, 0x1F, 0x00, 0xFF, 0xFF, 0xFF, 0xFF, 0xFF,
  0xFF, 0xFF, 0xFF, 0xFF, 0xFF, 0xFF, 0xFF, 0xFF, 0xFF, 0x7F, 0xC0, 0xFF, 0xFF, 0xFF, 0xFF, 0xFF,
  0xFF, 0xFF, 0xFF, 0xFF, 0xFF, 0xFF, 0xFF, 0xFF, 0xFF, 0x7F, 0xC0, 0xFF, 0xFF, 0xFF, 0xFF, 0xFF,
  0xFF, 0xFF, 0xFF, 0xFF, 0xFF, 0xFF, 0xFF, 0xFF, 0xFF, 0xFF, 0xFF, 0xFF, 0xFF, 0xFF, 0xFF, 0xFF,
  0xFF, 0xFF, 0xFF, 0xFF, 0xFF, 0xFF, 0xFF, 0xFF, 0xFF, 0xFF, 0xFF, 0xFF, 0xFF, 0xFF, 0xFF, 0xFF,
  0xFF, 0xFF, 0xFF, 0xFF, 0xFF, 0xFF, 0xFF, 0xFF, 0xFF, 0xFF, 0xFF, 0xFF, 0xFF, 0xFF, 0xFF, 0xFF,
  0xFF, 0xFF, 0xFF, 0xFF, 0xFF, 0xFF, 0xFF, 0xFF, 0xFF, 0xFF, 0xFF, 0xFF, 0xFF, 0xFF, 0xFF, 0xFF,
};
#endif

#ifdef ENABLE_STARFORCE
const uint8_t Starforce_Logo_bits[] PROGMEM = {
  0xff, 0xff, 0xff, 0xff, 0xff, 0xff, 0xff, 0xff, 0xff, 0xff, 0xff, 0xff, 0xff, 0xff, 0xff, 0xff, 
	0xff, 0xff, 0xff, 0xff, 0xff, 0xff, 0xff, 0xff, 0xff, 0xff, 0xff, 0xff, 0xff, 0xff, 0xff, 0xff, 
	0xff, 0xff, 0xff, 0xff, 0xff, 0xff, 0xff, 0xff, 0xff, 0xff, 0xff, 0xff, 0xff, 0xff, 0xff, 0xff, 
	0xff, 0xff, 0xff, 0xff, 0xff, 0xff, 0xff, 0xff, 0xff, 0xff, 0xff, 0xff, 0xff, 0xff, 0xff, 0xff, 
	0xff, 0xff, 0xff, 0xff, 0xff, 0xff, 0xff, 0xff, 0xff, 0xff, 0xff, 0xff, 0xff, 0xff, 0xff, 0xff, 
	0xff, 0xff, 0xff, 0xff, 0xff, 0xff, 0xff, 0xff, 0xff, 0xff, 0xff, 0xff, 0xff, 0xff, 0xff, 0xff, 
	0xff, 0xff, 0xff, 0xff, 0xff, 0xfb, 0xff, 0xff, 0xff, 0xf9, 0xff, 0xff, 0xff, 0xff, 0xff, 0xff, 
	0xff, 0xff, 0xff, 0xff, 0xff, 0xf9, 0xff, 0xff, 0xff, 0xf9, 0xff, 0xff, 0xff, 0xff, 0xff, 0xff, 
	0xff, 0xff, 0xff, 0xff, 0xff, 0xf8, 0xff, 0xff, 0xff, 0xf8, 0xff, 0xff, 0xff, 0xff, 0xff, 0xff, 
	0xff, 0xff, 0xff, 0xff, 0xff, 0xf8, 0xff, 0xff, 0x7f, 0xf8, 0xff, 0xff, 0xff, 0xff, 0xff, 0xff, 
	0xff, 0xff, 0xff, 0xff, 0x7f, 0xf8, 0xff, 0xff, 0x3f, 0xf8, 0xff, 0xff, 0xff, 0xff, 0xff, 0xff, 
	0xff, 0xff, 0xff, 0xff, 0x3f, 0xf8, 0xff, 0xff, 0x1f, 0xf8, 0xff, 0xff, 0xff, 0xff, 0xff, 0xff, 
	0xff, 0xff, 0xff, 0xff, 0x1f, 0xf8, 0xff, 0xff, 0x0f, 0xf8, 0xff, 0xff, 0xff, 0xff, 0xff, 0xff, 
	0xff, 0xff, 0xff, 0xff, 0x0f, 0xf8, 0xfe, 0xff, 0x07, 0xf8, 0xff, 0xff, 0xff, 0xff, 0xff, 0xff, 
	0xff, 0xff, 0xff, 0xff, 0x07, 0x78, 0xde, 0xcf, 0x07, 0xf8, 0xfd, 0x7e, 0x7e, 0xfe, 0xff, 0xff, 
	0xff, 0xff, 0xff, 0xff, 0x03, 0x78, 0x8e, 0xcf, 0x07, 0xf8, 0xfc, 0x7e, 0x7e, 0xfe, 0xff, 0xff, 
	0xff, 0xff, 0xff, 0xff, 0x81, 0x39, 0xc6, 0xc7, 0x87, 0x79, 0x7c, 0x3e, 0x3e, 0xfe, 0xff, 0xff, 
	0xff, 0xff, 0xff, 0xff, 0x80, 0x19, 0xc2, 0xc3, 0x87, 0x39, 0x3c, 0x1e, 0x1e, 0xfe, 0xff, 0xff, 
	0xff, 0xff, 0xff, 0x7f, 0xc0, 0x0b, 0xc0, 0xc1, 0xc7, 0x19, 0x1c, 0x0e, 0x0e, 0xfe, 0xff, 0xff, 
	0xff, 0xff, 0xff, 0x7f, 0xe0, 0x03, 0xc0, 0xc0, 0xc7, 0x19, 0x0c, 0x06, 0x06, 0xfe, 0xff, 0xff, 
	0xff, 0xff, 0xff, 0x7f, 0xf0, 0x03, 0xc0, 0xc0, 0xc7, 0x0d, 0x04, 0x06, 0x02, 0xfe, 0xff, 0xff, 
	0xff, 0xff, 0xff, 0x7f, 0xf0, 0x01, 0x40, 0xc0, 0xc7, 0x0c, 0x04, 0x06, 0x02, 0xfe, 0xff, 0xff, 
	0xff, 0xff, 0xff, 0x7f, 0xf0, 0x81, 0x40, 0xc0, 0xc7, 0x04, 0x04, 0x02, 0x42, 0xfe, 0xff, 0xff, 
	0xff, 0xff, 0xff, 0xff, 0xf0, 0xc0, 0x40, 0xc0, 0x47, 0x06, 0x04, 0x02, 0xc2, 0xfe, 0xff, 0xff, 
	0xff, 0xff, 0xff, 0xff, 0xf0, 0xc0, 0x40, 0xc0, 0x07, 0x46, 0x04, 0x02, 0xe2, 0xff, 0xff, 0xff, 
	0xff, 0xff, 0xff, 0xff, 0xe0, 0xc0, 0x40, 0xc4, 0x07, 0x46, 0x44, 0x02, 0xe3, 0xff, 0xff, 0xff, 
	0xff, 0xff, 0xff, 0xff, 0xe1, 0xc0, 0x40, 0xc4, 0x07, 0x46, 0x64, 0x02, 0xe3, 0xff, 0xff, 0xff, 
	0xff, 0xff, 0xff, 0xff, 0xc1, 0xc4, 0x40, 0xe4, 0x07, 0x46, 0x64, 0x82, 0xa3, 0xff, 0xff, 0xff, 
	0xff, 0xff, 0xff, 0xff, 0xc3, 0xc4, 0x40, 0xc0, 0x07, 0x46, 0x04, 0xe2, 0x83, 0xff, 0xff, 0xff, 
	0xff, 0xff, 0xff, 0xff, 0xc3, 0xc7, 0x40, 0xc0, 0x07, 0x46, 0x04, 0xe2, 0x83, 0xff, 0xff, 0xff, 
	0xff, 0xff, 0xff, 0xff, 0x87, 0xc7, 0x40, 0xc0, 0x87, 0x47, 0x04, 0xe2, 0x83, 0xff, 0xff, 0xff, 
	0xff, 0xff, 0xff, 0xff, 0x87, 0xc7, 0x40, 0xc0, 0x87, 0x47, 0x04, 0xe2, 0x83, 0xff, 0xff, 0xff, 
	0xff, 0xff, 0xff, 0xff, 0x07, 0xc7, 0x40, 0xc0, 0xc7, 0x47, 0x04, 0x62, 0x82, 0xff, 0xff, 0xff, 
	0xff, 0xff, 0xff, 0xff, 0x0f, 0xc7, 0x40, 0xc4, 0xc7, 0x47, 0x64, 0x22, 0x82, 0xff, 0xff, 0xff, 
	0xff, 0xff, 0xff, 0xff, 0x0f, 0xc6, 0x40, 0xc4, 0xc7, 0x47, 0x64, 0x22, 0xc2, 0xff, 0xff, 0xff, 
	0xff, 0xff, 0xff, 0xff, 0x0f, 0xc6, 0x40, 0xc4, 0xc7, 0x47, 0x44, 0x02, 0xc3, 0xff, 0xff, 0xff, 
	0xff, 0xff, 0xff, 0xff, 0x1f, 0xc6, 0x40, 0xc4, 0xc7, 0x47, 0x44, 0x02, 0x63, 0xfe, 0xff, 0xff, 
	0xff, 0xff, 0xff, 0xff, 0x1f, 0xc4, 0x40, 0xc4, 0xc7, 0x47, 0x44, 0x22, 0x63, 0xfe, 0xff, 0xff, 
	0xff, 0xff, 0xff, 0xff, 0x1f, 0xc4, 0x40, 0xc4, 0xc7, 0x47, 0x04, 0x22, 0x63, 0xfe, 0xff, 0xff, 
	0xff, 0xff, 0xff, 0xff, 0x0f, 0xc4, 0x40, 0xc4, 0xc7, 0x47, 0x04, 0x22, 0x63, 0xfe, 0xff, 0xff, 
	0xff, 0xff, 0xff, 0xff, 0x07, 0xc6, 0x40, 0xc4, 0xc7, 0x47, 0x04, 0x02, 0x22, 0xff, 0xff, 0xff, 
	0xff, 0xff, 0xff, 0xff, 0x03, 0xc6, 0x40, 0xc4, 0xc7, 0x47, 0x04, 0x02, 0x22, 0xff, 0xff, 0xff, 
	0xff, 0xff, 0xff, 0xf3, 0x01, 0xc7, 0x40, 0xc0, 0xc7, 0x07, 0x04, 0x02, 0x03, 0xff, 0xff, 0xff, 
	0xff, 0xff, 0xff, 0xf3, 0x80, 0xc7, 0x40, 0xc4, 0xc7, 0x07, 0x04, 0x02, 0x03, 0xfe, 0xff, 0xff, 
	0xff, 0xff, 0xff, 0x73, 0xc0, 0xc7, 0x44, 0xc4, 0xc7, 0x07, 0x06, 0x02, 0x03, 0xff, 0xff, 0xff, 
	0xff, 0xff, 0xff, 0x33, 0xe0, 0xc7, 0x46, 0xc6, 0xc7, 0x07, 0x26, 0x02, 0x03, 0xff, 0xff, 0xff, 
	0xff, 0xff, 0xff, 0x23, 0xf0, 0xc7, 0x46, 0xc6, 0xc7, 0x07, 0x27, 0x82, 0x83, 0xff, 0xff, 0xff, 
	0xff, 0xff, 0xff, 0x03, 0xf8, 0xc7, 0x47, 0xc7, 0xc7, 0x07, 0x33, 0x82, 0x83, 0xff, 0xff, 0xff, 
	0xff, 0xff, 0xff, 0x03, 0xfc, 0xc7, 0xc7, 0xc7, 0xc7, 0x87, 0x3f, 0xc2, 0xc3, 0xff, 0xff, 0xff, 
	0xff, 0xff, 0xff, 0x03, 0xfc, 0xc7, 0xc7, 0xe7, 0xc7, 0xc7, 0x3f, 0xe2, 0xe1, 0xff, 0xff, 0xff, 
	0xff, 0xff, 0xff, 0x01, 0xfe, 0xe7, 0xe7, 0xf3, 0xc7, 0xe7, 0x3f, 0xf3, 0xf1, 0xff, 0xff, 0xff, 
	0xff, 0xff, 0xff, 0x01, 0xff, 0xf7, 0xe7, 0xf7, 0xc7, 0xf7, 0x3f, 0xfb, 0xf9, 0xff, 0xff, 0xff, 
	0xff, 0xff, 0xff, 0x81, 0xff, 0xff, 0xff, 0xff, 0xc7, 0xff, 0xff, 0xfb, 0xfb, 0xff, 0xff, 0xff, 
	0xff, 0xff, 0xff, 0xc1, 0xff, 0xff, 0xff, 0xff, 0xc7, 0xff, 0xff, 0xff, 0xff, 0xff, 0xff, 0xff, 
	0xff, 0xff, 0xff, 0xe1, 0xff, 0xff, 0xff, 0xff, 0xc7, 0xff, 0xff, 0xff, 0xff, 0xff, 0xff, 0xff, 
	0xff, 0xff, 0xff, 0xf1, 0xff, 0xff, 0xff, 0xff, 0xc7, 0xff, 0xff, 0xff, 0xff, 0xff, 0xff, 0xff, 
	0xff, 0xff, 0xff, 0xf9, 0xff, 0xff, 0xff, 0xff, 0xc7, 0xff, 0xff, 0xff, 0xff, 0xff, 0xff, 0xff, 
	0xff, 0xff, 0xff, 0xf8, 0xff, 0xff, 0xff, 0xff, 0xe7, 0xff, 0xff, 0xff, 0xff, 0xff, 0xff, 0xff, 
	0xff, 0xff, 0xff, 0xfc, 0xff, 0xff, 0xff, 0xff, 0xf7, 0xff, 0xff, 0xff, 0xff, 0xff, 0xff, 0xff, 
	0xff, 0xff, 0xff, 0xfe, 0xff, 0xff, 0xff, 0xff, 0xff, 0xff, 0xff, 0xff, 0xff, 0xff, 0xff, 0xff, 
	0xff, 0xff, 0xff, 0xff, 0xff, 0xff, 0xff, 0xff, 0xff, 0xff, 0xff, 0xff, 0xff, 0xff, 0xff, 0xff, 
	0xff, 0xff, 0xff, 0xff, 0xff, 0xff, 0xff, 0xff, 0xff, 0xff, 0xff, 0xff, 0xff, 0xff, 0xff, 0xff, 
	0xff, 0xff, 0xff, 0xff, 0xff, 0xff, 0xff, 0xff, 0xff, 0xff, 0xff, 0xff, 0xff, 0xff, 0xff, 0xff, 
	0xff, 0xff, 0xff, 0xff, 0xff, 0xff, 0xff, 0xff, 0xff, 0xff, 0xff, 0xff, 0xff, 0xff, 0xff, 0xff
};
#endif

#ifdef ENABLE_SUPERCOBRA
const uint8_t Supercobra_Logo_bits[] PROGMEM = {
  0xFF, 0xFF, 0xFF, 0xFF, 0xFF, 0xFF, 0xFF, 0xFF, 0xFF, 0xFF, 0xFF, 0xFF, 0xFF, 0xFF, 0xFF, 0xFF,
  0xFF, 0xFF, 0xFF, 0xFF, 0xFF, 0xFF, 0xFF, 0xFF, 0xFF, 0xFF, 0xFF, 0xFF, 0xFF, 0xFF, 0xFF, 0xFF,
  0xFF, 0xFF, 0xFF, 0xFF, 0xFF, 0xFF, 0xFF, 0xFF, 0xFF, 0xFF, 0xFF, 0xFF, 0xFF, 0xFF, 0xFF, 0xFF,
  0xFF, 0xFF, 0xFF, 0xFF, 0xFF, 0xFF, 0xFF, 0xFF, 0xFF, 0xFF, 0xFF, 0xFF, 0xFF, 0xFF, 0xFF, 0xFF,
  0xFF, 0xFF, 0xFF, 0xFF, 0xFD, 0x9F, 0xCF, 0xFB, 0xFF, 0xFF, 0xFF, 0xFF, 0xFF, 0xFF, 0xFF, 0xFF,
  0xFF, 0xFF, 0xFF, 0xFF, 0xFD, 0x9F, 0xCF, 0xFB, 0xFF, 0xFF, 0xFF, 0xFF, 0xFF, 0xFF, 0xFF, 0xFF,
  0xFF, 0xFF, 0xFF, 0xFF, 0xB8, 0x0D, 0xCB, 0xE0, 0xFF, 0xFF, 0xFF, 0xFF, 0xFF, 0xFF, 0xFF, 0xFF,
  0xFF, 0xFF, 0xFF, 0xFF, 0xB8, 0x0D, 0xCB, 0xE0, 0xFF, 0xFF, 0xFF, 0xFF, 0xFF, 0xFF, 0xFF, 0xFF,
  0xFF, 0xFF, 0xFF, 0x7F, 0xBE, 0x6D, 0xE7, 0xED, 0xFF, 0xFF, 0xFF, 0xFF, 0xFF, 0xFF, 0xFF, 0xFF,
  0xFF, 0xFF, 0xFF, 0x7F, 0xBE, 0x6D, 0xE7, 0xED, 0xFF, 0xFF, 0xFF, 0xFF, 0xFF, 0xFF, 0xFF, 0xFF,
  0xFF, 0xFF, 0xFF, 0xFF, 0xBC, 0x6D, 0xCF, 0xE3, 0xFF, 0xFF, 0xFF, 0xFF, 0xFF, 0xFF, 0xFF, 0xFF,
  0xFF, 0xFF, 0xFF, 0xFF, 0xBC, 0x6D, 0xCF, 0xE3, 0xFF, 0xFF, 0xFF, 0xFF, 0xFF, 0xFF, 0xFF, 0xFF,
  0xFF, 0xFF, 0xFF, 0xFF, 0xB8, 0x2D, 0xE3, 0xF0, 0xFF, 0xFF, 0xFF, 0xFF, 0xFF, 0xFF, 0xFF, 0xFF,
  0xFF, 0xFF, 0xFF, 0xFF, 0xB8, 0x2D, 0xE3, 0xF0, 0xFF, 0xFF, 0xFF, 0xFF, 0xFF, 0xFF, 0xFF, 0xFF,
  0xFF, 0xFF, 0xFF, 0x7F, 0xB7, 0xCD, 0xF3, 0xF6, 0xFF, 0xFF, 0xFF, 0xFF, 0xFF, 0xFF, 0xFF, 0xFF,
  0xFF, 0xFF, 0xFF, 0x7F, 0xB7, 0xCD, 0xF3, 0xF6, 0xFF, 0xFF, 0xFF, 0xFF, 0xFF, 0xFF, 0xFF, 0xFF,
  0xFF, 0xFF, 0xFF, 0x7F, 0xB7, 0xED, 0xF7, 0xED, 0xFF, 0xFF, 0xFF, 0xFF, 0xFF, 0xFF, 0xFF, 0xFF,
  0xFF, 0xFF, 0xFF, 0x7F, 0xB7, 0xED, 0xF7, 0xED, 0xFF, 0xFF, 0xFF, 0xFF, 0xFF, 0xFF, 0xFF, 0xFF,
  0xFF, 0xFF, 0xFF, 0x7F, 0x30, 0xEE, 0x87, 0xED, 0xFF, 0xFF, 0xFF, 0xFF, 0xFF, 0xFF, 0xFF, 0xFF,
  0xFF, 0xFF, 0xFF, 0x7F, 0x30, 0xEE, 0x87, 0xED, 0xFF, 0xFF, 0xFF, 0xFF, 0xFF, 0xFF, 0xFF, 0xFF,
  0xFF, 0xFF, 0xFF, 0x3F, 0xF0, 0xFF, 0xFF, 0xFF, 0xFF, 0xFF, 0xFF, 0xFF, 0xFF, 0xFF, 0xFF, 0xFF,
  0xFF, 0xFF, 0xFF, 0x3F, 0xF0, 0xFF, 0xFF, 0xFF, 0xFF, 0xFF, 0xFF, 0xFF, 0xFF, 0xFF, 0xFF, 0xFF,
  0xFF, 0xFF, 0xFF, 0x0F, 0xC0, 0x0F, 0xFF, 0xFF, 0x1F, 0xF8, 0xFF, 0xFF, 0xFF, 0xFF, 0xFF, 0xFF,
  0xFF, 0xFF, 0xFF, 0x0F, 0xC0, 0x0F, 0xFF, 0xFF, 0x1F, 0xF8, 0xFF, 0xFF, 0xFF, 0xFF, 0xFF, 0xFF,
  0xFF, 0xFF, 0xFF, 0x07, 0x80, 0x01, 0xFE, 0xFF, 0x8F, 0x79, 0xF8, 0xFF, 0xFF, 0xFF, 0xFF, 0xFF,
  0xFF, 0xFF, 0xFF, 0x07, 0x80, 0x01, 0xFE, 0xFF, 0x8F, 0x79, 0xF8, 0xFF, 0xFF, 0xFF, 0xFF, 0xFF,
  0xFF, 0xFF, 0xFF, 0x07, 0x00, 0x78, 0x7C, 0x38, 0x00, 0x0F, 0x00, 0x00, 0xFE, 0xFF, 0xFF, 0xFF,
  0xFF, 0xFF, 0xFF, 0x07, 0x00, 0x78, 0x7C, 0x38, 0x00, 0x0F, 0x00, 0x00, 0xFE, 0xFF, 0xFF, 0xFF,
  0xFF, 0xFF, 0xFF, 0x03, 0x1E, 0x00, 0x1C, 0x00, 0x00, 0x02, 0x00, 0x00, 0xFC, 0xFF, 0xFF, 0xFF,
  0xFF, 0xFF, 0xFF, 0x03, 0x1E, 0x00, 0x1C, 0x00, 0x00, 0x02, 0x00, 0x00, 0xFC, 0xFF, 0xFF, 0xFF,
  0xFF, 0xFF, 0xFF, 0x03, 0x0C, 0x07, 0x06, 0x00, 0x31, 0x20, 0x8E, 0x44, 0xFE, 0xFF, 0xFF, 0xFF,
  0xFF, 0xFF, 0xFF, 0x03, 0x0C, 0x07, 0x06, 0x00, 0x31, 0x20, 0x8E, 0x44, 0xFE, 0xFF, 0xFF, 0xFF,
  0xFF, 0xFF, 0xFF, 0x07, 0x80, 0xF3, 0x87, 0x81, 0x31, 0x30, 0x8E, 0x26, 0xFE, 0xFF, 0xFF, 0xFF,
  0xFF, 0xFF, 0xFF, 0x07, 0x80, 0xF3, 0x87, 0x81, 0x31, 0x30, 0x8E, 0x26, 0xFE, 0xFF, 0xFF, 0xFF,
  0xFF, 0xFF, 0xFF, 0x0F, 0xC2, 0xC0, 0x85, 0x81, 0x08, 0x1A, 0x87, 0x20, 0xFE, 0xFF, 0xFF, 0xFF,
  0xFF, 0xFF, 0xFF, 0x0F, 0xC2, 0xC0, 0x85, 0x81, 0x08, 0x1A, 0x87, 0x20, 0xFE, 0xFF, 0xFF, 0xFF,
  0xFF, 0xFF, 0xFF, 0xFF, 0x41, 0x40, 0x88, 0x01, 0x00, 0x1B, 0x43, 0x12, 0xFF, 0xFF, 0xFF, 0xFF,
  0xFF, 0xFF, 0xFF, 0xFF, 0x41, 0x40, 0x88, 0x01, 0x00, 0x1B, 0x43, 0x12, 0xFF, 0xFF, 0xFF, 0xFF,
  0xFF, 0xFF, 0xFF, 0xFF, 0x60, 0x01, 0xFC, 0x70, 0x00, 0x0C, 0xE0, 0x01, 0xFF, 0xFF, 0xFF, 0xFF,
  0xFF, 0xFF, 0xFF, 0xFF, 0x60, 0x01, 0xFC, 0x70, 0x00, 0x0C, 0xE0, 0x01, 0xFF, 0xFF, 0xFF, 0xFF,
  0xFF, 0xFF, 0xFF, 0x7F, 0xE0, 0x03, 0xFC, 0x30, 0x3C, 0x08, 0xE0, 0x01, 0xFF, 0xFF, 0xFF, 0xFF,
  0xFF, 0xFF, 0xFF, 0x7F, 0xE0, 0x03, 0xFC, 0x30, 0x3C, 0x08, 0xE0, 0x01, 0xFF, 0xFF, 0xFF, 0xFF,
  0xFF, 0xFF, 0xFF, 0x7F, 0xE0, 0x11, 0x3C, 0x31, 0x38, 0x08, 0xC1, 0x00, 0xEE, 0xFF, 0xFF, 0xFF,
  0xFF, 0xFF, 0xFF, 0x7F, 0xE0, 0x11, 0x3C, 0x31, 0x38, 0x08, 0xC1, 0x00, 0xEE, 0xFF, 0xFF, 0xFF,
  0xFF, 0xFF, 0xFF, 0x7F, 0x00, 0x00, 0x08, 0x00, 0x3C, 0x88, 0xF0, 0x00, 0xE1, 0xFF, 0xFF, 0xFF,
  0xFF, 0xFF, 0xFF, 0x7F, 0x00, 0x00, 0x08, 0x00, 0x3C, 0x88, 0xF0, 0x00, 0xE1, 0xFF, 0xFF, 0xFF,
  0xFF, 0xFF, 0xFF, 0x7F, 0x00, 0x00, 0x80, 0x00, 0x18, 0x80, 0x00, 0x08, 0xE0, 0xFF, 0xFF, 0xFF,
  0xFF, 0xFF, 0xFF, 0x7F, 0x00, 0x00, 0x80, 0x00, 0x18, 0x80, 0x00, 0x08, 0xE0, 0xFF, 0xFF, 0xFF,
  0xFF, 0xFF, 0xFF, 0x7F, 0x00, 0x08, 0x00, 0x00, 0x00, 0x84, 0x10, 0x1C, 0xF0, 0xFF, 0xFF, 0xFF,
  0xFF, 0xFF, 0xFF, 0x7F, 0x00, 0x08, 0x00, 0x00, 0x00, 0x84, 0x10, 0x1C, 0xF0, 0xFF, 0xFF, 0xFF,
  0xFF, 0xFF, 0xFF, 0x7F, 0x00, 0x00, 0x00, 0x00, 0x61, 0xE3, 0x00, 0x1C, 0xF0, 0xFF, 0xFF, 0xFF,
  0xFF, 0xFF, 0xFF, 0x7F, 0x00, 0x00, 0x00, 0x00, 0x61, 0xE3, 0x00, 0x1C, 0xF0, 0xFF, 0xFF, 0xFF,
  0xFF, 0xFF, 0xFF, 0xFF, 0x00, 0x30, 0x00, 0x80, 0x00, 0xC2, 0x20, 0x3E, 0xF8, 0xFF, 0xFF, 0xFF,
  0xFF, 0xFF, 0xFF, 0xFF, 0x00, 0x30, 0x00, 0x80, 0x00, 0xC2, 0x20, 0x3E, 0xF8, 0xFF, 0xFF, 0xFF,
  0xFF, 0xFF, 0xFF, 0xFF, 0x01, 0xB8, 0xE8, 0xC0, 0x03, 0xE0, 0x11, 0x7F, 0xFC, 0xFF, 0xFF, 0xFF,
  0xFF, 0xFF, 0xFF, 0xFF, 0x01, 0xB8, 0xE8, 0xC0, 0x03, 0xE0, 0x11, 0x7F, 0xFC, 0xFF, 0xFF, 0xFF,
  0xFF, 0xFF, 0xFF, 0xFF, 0x23, 0xFE, 0xFC, 0xE1, 0x7F, 0xF0, 0xFF, 0xFF, 0xFF, 0xFF, 0xFF, 0xFF,
  0xFF, 0xFF, 0xFF, 0xFF, 0x23, 0xFE, 0xFC, 0xE1, 0x7F, 0xF0, 0xFF, 0xFF, 0xFF, 0xFF, 0xFF, 0xFF,
  0xFF, 0xFF, 0xFF, 0xFF, 0xFF, 0xFF, 0xFF, 0xFF, 0x7F, 0xF8, 0xFF, 0xFF, 0xFF, 0xFF, 0xFF, 0xFF,
  0xFF, 0xFF, 0xFF, 0xFF, 0xFF, 0xFF, 0xFF, 0xFF, 0x7F, 0xF8, 0xFF, 0xFF, 0xFF, 0xFF, 0xFF, 0xFF,
  0xFF, 0xFF, 0xFF, 0xFF, 0xFF, 0xFF, 0xFF, 0xFF, 0xFF, 0xFF, 0xFF, 0xFF, 0xFF, 0xFF, 0xFF, 0xFF,
  0xFF, 0xFF, 0xFF, 0xFF, 0xFF, 0xFF, 0xFF, 0xFF, 0xFF, 0xFF, 0xFF, 0xFF, 0xFF, 0xFF, 0xFF, 0xFF,
  0xFF, 0xFF, 0xFF, 0xFF, 0xFF, 0xFF, 0xFF, 0xFF, 0xFF, 0xFF, 0xFF, 0xFF, 0xFF, 0xFF, 0xFF, 0xFF,
  0xFF, 0xFF, 0xFF, 0xFF, 0xFF, 0xFF, 0xFF, 0xFF, 0xFF, 0xFF, 0xFF, 0xFF, 0xFF, 0xFF, 0xFF, 0xFF,
};
#endif

#ifdef ENABLE_TODRUAGA
const uint8_t Todruaga_Logo_bits[] PROGMEM = {
  0xFF, 0xFF, 0xFF, 0xFF, 0xFF, 0xFF, 0xFF, 0xFF, 0xFF, 0xFF, 0xFF, 0xFF, 0xFF, 0xFF, 0xFF, 0xFF,
  0xFF, 0xFF, 0xFF, 0xFF, 0xFF, 0xFF, 0xFF, 0xFF, 0xFF, 0xFF, 0xFF, 0xFF, 0xFF, 0xFF, 0xFF, 0xFF,
  0xFF, 0xFF, 0xFF, 0xFF, 0xFF, 0xFF, 0xFF, 0xFF, 0xFF, 0xFF, 0xFF, 0xFF, 0xFF, 0xFF, 0xFF, 0xFF,
  0xFF, 0xFF, 0xFF, 0xFF, 0xFF, 0xFF, 0xFF, 0xFF, 0xFF, 0xFF, 0xFF, 0xFF, 0xFF, 0xFF, 0xFF, 0xFF,
  0xFF, 0xFF, 0xFF, 0xFF, 0xFF, 0xFF, 0xFF, 0xFF, 0xFF, 0xFF, 0xFF, 0xFF, 0xFF, 0xFF, 0xFF, 0xFF,
  0xFF, 0xFF, 0xFF, 0xFF, 0xFF, 0xFF, 0xFF, 0xFF, 0xFF, 0xFF, 0xFF, 0xFF, 0xFF, 0xFF, 0xFF, 0xFF,
  0xFF, 0xFF, 0xFF, 0xFF, 0xFF, 0xFF, 0xFF, 0xF6, 0xFD, 0xFF, 0xFF, 0xFF, 0xFF, 0xFF, 0xFF, 0xFF,
  0xFF, 0xFF, 0xFF, 0xFF, 0xFF, 0xFF, 0xFF, 0xF6, 0xFD, 0xFF, 0xFF, 0xFF, 0xFF, 0xFF, 0xFF, 0xFF,
  0xFF, 0xFF, 0xFF, 0xFF, 0xFF, 0xFF, 0xFF, 0x75, 0xFF, 0xFF, 0xFF, 0xFF, 0xFF, 0xFF, 0xFF, 0xFF,
  0xFF, 0xFF, 0xFF, 0xFF, 0xFF, 0xFF, 0xFF, 0x75, 0xFF, 0xFF, 0xFF, 0xFF, 0xFF, 0xFF, 0xFF, 0xFF,
  0xFF, 0xFF, 0xFF, 0xFF, 0xFF, 0xFF, 0xFF, 0xF7, 0xFF, 0xFF, 0xFF, 0xFF, 0xFF, 0xFF, 0xFF, 0xFF,
  0xFF, 0xFF, 0xFF, 0xFF, 0xFF, 0xFF, 0xFF, 0xF7, 0xFF, 0xFF, 0xFF, 0xFF, 0xFF, 0xFF, 0xFF, 0xFF,
  0xFF, 0xFF, 0xFF, 0xFF, 0xFF, 0xFF, 0xFF, 0xFF, 0xFF, 0xFF, 0xFF, 0xFF, 0xFF, 0xFF, 0xFF, 0xFF,
  0xFF, 0xFF, 0xFF, 0xFF, 0xFF, 0xFF, 0xFF, 0xFF, 0xFF, 0xFF, 0xFF, 0xFF, 0xFF, 0xFF, 0xFF, 0xFF,
  0xFF, 0xFF, 0xFF, 0xFF, 0xFF, 0xFF, 0xFF, 0xFF, 0xFF, 0xFF, 0xFF, 0xFF, 0xFF, 0xFF, 0xFF, 0xFF,
  0xFF, 0xFF, 0xFF, 0xFF, 0xFF, 0xFF, 0xFF, 0xFF, 0xFF, 0xFF, 0xFF, 0xFF, 0xFF, 0xFF, 0xFF, 0xFF,
  0xFF, 0xFF, 0xFF, 0xFF, 0xFF, 0xFF, 0xFF, 0x7B, 0xF7, 0xFF, 0xFF, 0xFF, 0xFF, 0xFF, 0xFF, 0xFF,
  0xFF, 0xFF, 0xFF, 0xFF, 0xFF, 0xFF, 0xFF, 0x7B, 0xF7, 0xFF, 0xFF, 0xFF, 0xFF, 0xFF, 0xFF, 0xFF,
  0xFF, 0xFF, 0xFF, 0xFF, 0xFF, 0xFF, 0xFF, 0x6F, 0xE7, 0xDF, 0xFF, 0xFF, 0xFF, 0xFF, 0xFF, 0xFF,
  0xFF, 0xFF, 0xFF, 0xFF, 0xFF, 0xFF, 0xFF, 0x6F, 0xE7, 0xDF, 0xFF, 0xFF, 0xFF, 0xFF, 0xFF, 0xFF,
  0xFF, 0xFF, 0xFF, 0xFF, 0xFF, 0xFF, 0xCF, 0x67, 0xF7, 0xFF, 0xFF, 0xFF, 0xFF, 0xFF, 0xFF, 0xFF,
  0xFF, 0xFF, 0xFF, 0xFF, 0xFF, 0xFF, 0xCF, 0x67, 0xF7, 0xFF, 0xFF, 0xFF, 0xFF, 0xFF, 0xFF, 0xFF,
  0xFF, 0xFF, 0xFF, 0xFF, 0xFF, 0xFF, 0xFF, 0x5B, 0xF5, 0xEB, 0xFF, 0xFF, 0xFF, 0xFF, 0xFF, 0xFF,
  0xFF, 0xFF, 0xFF, 0xFF, 0xFF, 0xFF, 0xFF, 0x5B, 0xF5, 0xEB, 0xFF, 0xFF, 0xFF, 0xFF, 0xFF, 0xFF,
  0xFF, 0xFF, 0xFF, 0xFF, 0xFF, 0xFF, 0xFF, 0xFF, 0xFF, 0xEF, 0xFF, 0xFF, 0xFF, 0xFF, 0xFF, 0xFF,
  0xFF, 0xFF, 0xFF, 0xFF, 0xFF, 0xFF, 0xFF, 0xFF, 0xFF, 0xEF, 0xFF, 0xFF, 0xFF, 0xFF, 0xFF, 0xFF,
  0xFF, 0xFF, 0xFF, 0xFF, 0xFF, 0xFF, 0xFF, 0xFF, 0xFF, 0xFF, 0xFF, 0xFF, 0xFF, 0xFF, 0xFF, 0xFF,
  0xFF, 0xFF, 0xFF, 0xFF, 0xFF, 0xFF, 0xFF, 0xFF, 0xFF, 0xFF, 0xFF, 0xFF, 0xFF, 0xFF, 0xFF, 0xFF,
  0xFF, 0xFF, 0xFF, 0xFF, 0xFF, 0xFF, 0xFF, 0xFF, 0xFF, 0xFF, 0xFF, 0xFF, 0xFF, 0xFF, 0xFF, 0xFF,
  0xFF, 0xFF, 0xFF, 0xFF, 0xFF, 0xFF, 0xFF, 0xFF, 0xFF, 0xFF, 0xFF, 0xFF, 0xFF, 0xFF, 0xFF, 0xFF,
  0xFF, 0xFF, 0xFF, 0xFF, 0xFF, 0xFF, 0xFF, 0xFF, 0xFF, 0xFF, 0xFF, 0xFF, 0xFF, 0xFF, 0xFF, 0xFF,
  0xFF, 0xFF, 0xFF, 0xFF, 0xFF, 0xFF, 0xFF, 0xFF, 0xFF, 0xFF, 0xFF, 0xFF, 0xFF, 0xFF, 0xFF, 0xFF,
  0xFF, 0xFF, 0xFF, 0xFF, 0xFF, 0xFF, 0xFF, 0xFF, 0xFF, 0xFF, 0xFF, 0xFF, 0xFF, 0xFF, 0xFF, 0xFF,
  0xFF, 0xFF, 0xFF, 0xFF, 0xFF, 0xFF, 0xFF, 0xFF, 0xFF, 0xFF, 0xFF, 0xFF, 0xFF, 0xFF, 0xFF, 0xFF,
  0xFF, 0xFF, 0xFF, 0x03, 0xFC, 0xEE, 0x1F, 0x87, 0xFF, 0x7F, 0xC0, 0x0F, 0xE0, 0xFF, 0xFF, 0xFF,
  0xFF, 0xFF, 0xFF, 0x03, 0xFC, 0xEE, 0x1F, 0x87, 0xFF, 0x7F, 0xC0, 0x0F, 0xE0, 0xFF, 0xFF, 0xFF,
  0xFF, 0xFF, 0xFF, 0x03, 0x70, 0x00, 0x16, 0x87, 0x03, 0x18, 0x00, 0x03, 0xE0, 0xFF, 0xFF, 0xFF,
  0xFF, 0xFF, 0xFF, 0x03, 0x70, 0x00, 0x16, 0x87, 0x03, 0x18, 0x00, 0x03, 0xE0, 0xFF, 0xFF, 0xFF,
  0xFF, 0xFF, 0xFF, 0x03, 0x40, 0x00, 0x04, 0x87, 0x01, 0x10, 0x00, 0x03, 0xE0, 0xFF, 0xFF, 0xFF,
  0xFF, 0xFF, 0xFF, 0x03, 0x40, 0x00, 0x04, 0x87, 0x01, 0x10, 0x00, 0x03, 0xE0, 0xFF, 0xFF, 0xFF,
  0xFF, 0xFF, 0xFF, 0x03, 0x20, 0x10, 0x04, 0x87, 0x01, 0x10, 0x06, 0x02, 0xE0, 0xFF, 0xFF, 0xFF,
  0xFF, 0xFF, 0xFF, 0x03, 0x20, 0x10, 0x04, 0x87, 0x01, 0x10, 0x06, 0x02, 0xE0, 0xFF, 0xFF, 0xFF,
  0xFF, 0xFF, 0xFF, 0x83, 0x00, 0x38, 0x00, 0x87, 0xE0, 0x10, 0x1E, 0x82, 0xE1, 0xFF, 0xFF, 0xFF,
  0xFF, 0xFF, 0xFF, 0x83, 0x00, 0x38, 0x00, 0x87, 0xE0, 0x10, 0x1E, 0x82, 0xE1, 0xFF, 0xFF, 0xFF,
  0xFF, 0xFF, 0xFF, 0x83, 0x01, 0x00, 0x00, 0x87, 0xF0, 0x10, 0x06, 0xC2, 0xE1, 0xFF, 0xFF, 0xFF,
  0xFF, 0xFF, 0xFF, 0x83, 0x01, 0x00, 0x00, 0x87, 0xF0, 0x10, 0x06, 0xC2, 0xE1, 0xFF, 0xFF, 0xFF,
  0xFF, 0xFF, 0xFF, 0x83, 0x01, 0x00, 0x04, 0x87, 0xF0, 0x10, 0x02, 0xC2, 0xE1, 0xFF, 0xFF, 0xFF,
  0xFF, 0xFF, 0xFF, 0x83, 0x01, 0x00, 0x04, 0x87, 0xF0, 0x10, 0x02, 0xC2, 0xE1, 0xFF, 0xFF, 0xFF,
  0xFF, 0xFF, 0xFF, 0x03, 0x00, 0x00, 0x06, 0x87, 0x00, 0x10, 0x0E, 0x02, 0xE0, 0xFF, 0xFF, 0xFF,
  0xFF, 0xFF, 0xFF, 0x03, 0x00, 0x00, 0x06, 0x87, 0x00, 0x10, 0x0E, 0x02, 0xE0, 0xFF, 0xFF, 0xFF,
  0xFF, 0xFF, 0xFF, 0x03, 0x00, 0x00, 0x07, 0x86, 0x00, 0x10, 0x0C, 0x02, 0xE0, 0xFF, 0xFF, 0xFF,
  0xFF, 0xFF, 0xFF, 0x03, 0x00, 0x00, 0x07, 0x86, 0x00, 0x10, 0x0C, 0x02, 0xE0, 0xFF, 0xFF, 0xFF,
  0xFF, 0xFF, 0xFF, 0x03, 0x20, 0x08, 0x0E, 0x80, 0x00, 0x10, 0x00, 0x02, 0xE0, 0xFF, 0xFF, 0xFF,
  0xFF, 0xFF, 0xFF, 0x03, 0x20, 0x08, 0x0E, 0x80, 0x00, 0x10, 0x00, 0x02, 0xE0, 0xFF, 0xFF, 0xFF,
  0xFF, 0xFF, 0xFF, 0x03, 0x40, 0x18, 0x0C, 0x80, 0xF0, 0x10, 0x00, 0xC2, 0xE0, 0xFF, 0xFF, 0xFF,
  0xFF, 0xFF, 0xFF, 0x03, 0x40, 0x18, 0x0C, 0x80, 0xF0, 0x10, 0x00, 0xC2, 0xE0, 0xFF, 0xFF, 0xFF,
  0xFF, 0xFF, 0xFF, 0x03, 0x78, 0x38, 0x18, 0x80, 0xF0, 0x70, 0x00, 0xC2, 0xE1, 0xFF, 0xFF, 0xFF,
  0xFF, 0xFF, 0xFF, 0x03, 0x78, 0x38, 0x18, 0x80, 0xF0, 0x70, 0x00, 0xC2, 0xE1, 0xFF, 0xFF, 0xFF,
  0xFF, 0xFF, 0xFF, 0xFF, 0xFF, 0xFF, 0xFF, 0xFF, 0xFF, 0xFF, 0xFF, 0xFF, 0xFF, 0xFF, 0xFF, 0xFF,
  0xFF, 0xFF, 0xFF, 0xFF, 0xFF, 0xFF, 0xFF, 0xFF, 0xFF, 0xFF, 0xFF, 0xFF, 0xFF, 0xFF, 0xFF, 0xFF,
  0xFF, 0xFF, 0xFF, 0xFF, 0xFF, 0xFF, 0xFF, 0xFF, 0xFF, 0xFF, 0xFF, 0xFF, 0xFF, 0xFF, 0xFF, 0xFF,
  0xFF, 0xFF, 0xFF, 0xFF, 0xFF, 0xFF, 0xFF, 0xFF, 0xFF, 0xFF, 0xFF, 0xFF, 0xFF, 0xFF, 0xFF, 0xFF,
  0xFF, 0xFF, 0xFF, 0xFF, 0xFF, 0xFF, 0xFF, 0xFF, 0xFF, 0xFF, 0xFF, 0xFF, 0xFF, 0xFF, 0xFF, 0xFF,
  0xFF, 0xFF, 0xFF, 0xFF, 0xFF, 0xFF, 0xFF, 0xFF, 0xFF, 0xFF, 0xFF, 0xFF, 0xFF, 0xFF, 0xFF, 0xFF,
};
#endif

#ifdef ENABLE_VANVAN
const uint8_t Vanvan_Logo_bits[] PROGMEM = {
  0xFF, 0xFF, 0xFF, 0xFF, 0xFF, 0xFF, 0xFF, 0xFF, 0xFF, 0xFF, 0xFF, 0xFF, 0xFF, 0xFF, 0xFF, 0xFF,
  0xFF, 0xFF, 0xFF, 0xFF, 0xFF, 0xFF, 0xFF, 0xFF, 0xFF, 0xFF, 0xFF, 0xFF, 0xFF, 0xFF, 0xFF, 0xFF,
  0xFF, 0xFF, 0xFF, 0xFF, 0xFF, 0xFF, 0xFF, 0xFF, 0xFF, 0xFF, 0xFF, 0xFF, 0xFF, 0xFF, 0xFF, 0xFF,
  0xFF, 0xFF, 0xFF, 0xFF, 0xFF, 0xFF, 0xFF, 0xFF, 0xFF, 0xFF, 0xFF, 0xFF, 0xFF, 0xFF, 0xFF, 0xFF,
  0xFF, 0xFF, 0xFF, 0xFF, 0xFF, 0xFF, 0xFF, 0xFF, 0xFF, 0xFF, 0xFF, 0xFF, 0xFF, 0xFF, 0xFF, 0xFF,
  0xFF, 0xFF, 0xFF, 0xFF, 0xFF, 0xFF, 0xFF, 0xFF, 0xFF, 0xFF, 0xFF, 0xFF, 0xFF, 0xFF, 0xFF, 0xFF,
  0xFF, 0xFF, 0xFF, 0xFF, 0xFF, 0xFF, 0xFF, 0xFF, 0xFF, 0xFF, 0xFF, 0xFF, 0xFF, 0xFF, 0xFF, 0xFF,
  0xFF, 0xFF, 0xFF, 0xFF, 0xFF, 0xFF, 0xFF, 0xFF, 0xFF, 0xFF, 0xFF, 0xFF, 0xFF, 0xFF, 0xFF, 0xFF,
  0xFF, 0xFF, 0xFF, 0xFF, 0xFF, 0xFF, 0xFF, 0xFF, 0xFF, 0xFF, 0xFF, 0xFF, 0xFF, 0xFF, 0xFF, 0xFF,
  0xFF, 0xFF, 0xFF, 0xFF, 0xFF, 0xFF, 0xFF, 0xFF, 0xFF, 0xFF, 0xFF, 0xFF, 0xFF, 0xFF, 0xFF, 0xFF,
  0xFF, 0xFF, 0xFF, 0xFF, 0xFF, 0xFF, 0xFF, 0xFF, 0xFF, 0xFF, 0xFF, 0xFF, 0xFF, 0xFF, 0xFF, 0xFF,
  0xFF, 0xFF, 0xFF, 0xFF, 0xFF, 0xFF, 0xFF, 0xFF, 0xFF, 0xFF, 0xFF, 0xFF, 0xFF, 0xFF, 0xFF, 0xFF,
  0xFF, 0xFF, 0xFF, 0xFF, 0xFF, 0xFF, 0xFF, 0xFF, 0xFF, 0xFF, 0xFF, 0xFF, 0xFF, 0xFF, 0xFF, 0xFF,
  0xFF, 0xFF, 0xFF, 0xFF, 0xFF, 0xFF, 0xFF, 0xFF, 0xFF, 0xFF, 0xFF, 0xFF, 0xFF, 0xFF, 0xFF, 0xFF,
  0xFF, 0xFF, 0xFF, 0xFF, 0xFF, 0xFF, 0xFF, 0xFF, 0xFF, 0xFF, 0xFF, 0xFF, 0xFF, 0xFF, 0xFF, 0xFF,
  0xFF, 0xFF, 0xFF, 0xFF, 0xFF, 0xFF, 0xFF, 0xFF, 0xFF, 0xFF, 0xFF, 0xFF, 0xFF, 0xFF, 0xFF, 0xFF,
  0xFF, 0xFF, 0xFF, 0xFF, 0xFF, 0xFF, 0xFF, 0xFF, 0xFF, 0xFF, 0xFF, 0xFF, 0xFF, 0xFF, 0xFF, 0xFF,
  0xFF, 0xFF, 0xFF, 0xFF, 0xFF, 0xFF, 0xFF, 0xFF, 0xFF, 0xFF, 0xFF, 0xFF, 0xFF, 0xFF, 0xFF, 0xFF,
  0xFF, 0xFF, 0xFF, 0xFF, 0xFF, 0xFF, 0xFF, 0xFF, 0xFF, 0xFF, 0xFF, 0xFF, 0xFF, 0xFF, 0xFF, 0xFF,
  0xFF, 0xFF, 0xFF, 0xFF, 0xFF, 0xFF, 0xFF, 0xFF, 0xFF, 0xFF, 0xFF, 0xFF, 0xFF, 0xFF, 0xFF, 0xFF,
  0xFF, 0xFF, 0xFF, 0xFF, 0xFF, 0xFF, 0xFF, 0xFF, 0xFF, 0xFF, 0xFF, 0xFF, 0xFF, 0xFF, 0xFF, 0xFF,
  0xFF, 0xFF, 0xFF, 0xFF, 0xFF, 0xFF, 0xFF, 0xFF, 0xFF, 0xFF, 0xFF, 0xFF, 0xFF, 0xFF, 0xFF, 0xFF,
  0xFF, 0xFF, 0xFF, 0xDF, 0x5F, 0xE7, 0xFC, 0x7F, 0xDE, 0xF9, 0x71, 0x9C, 0xFC, 0xFF, 0xFF, 0xFF,
  0xFF, 0xFF, 0xFF, 0xDF, 0x5F, 0xE7, 0xFC, 0x7F, 0xDE, 0xF9, 0x71, 0x9C, 0xFC, 0xFF, 0xFF, 0xFF,
  0xFF, 0xFF, 0xFF, 0xAF, 0x09, 0x53, 0x1E, 0x37, 0x8C, 0xF5, 0x20, 0x9A, 0xF8, 0xFF, 0xFF, 0xFF,
  0xFF, 0xFF, 0xFF, 0xAF, 0x09, 0x53, 0x1E, 0x37, 0x8C, 0xF5, 0x20, 0x9A, 0xF8, 0xFF, 0xFF, 0xFF,
  0xFF, 0xFF, 0xFF, 0xC7, 0x21, 0x42, 0x1C, 0x6B, 0x8C, 0x71, 0x20, 0x18, 0xF8, 0xFF, 0xFF, 0xFF,
  0xFF, 0xFF, 0xFF, 0xC7, 0x21, 0x42, 0x1C, 0x6B, 0x8C, 0x71, 0x20, 0x18, 0xF8, 0xFF, 0xFF, 0xFF,
  0xFF, 0xFF, 0xFF, 0x8F, 0x00, 0x4A, 0x1C, 0x01, 0x08, 0x31, 0x20, 0x10, 0xF1, 0xFF, 0xFF, 0xFF,
  0xFF, 0xFF, 0xFF, 0x8F, 0x00, 0x4A, 0x1C, 0x01, 0x08, 0x31, 0x20, 0x10, 0xF1, 0xFF, 0xFF, 0xFF,
  0xFF, 0xFF, 0xFF, 0x0F, 0x48, 0x00, 0x1C, 0x91, 0x00, 0x39, 0x26, 0x11, 0xF8, 0xFF, 0xFF, 0xFF,
  0xFF, 0xFF, 0xFF, 0x0F, 0x48, 0x00, 0x1C, 0x91, 0x00, 0x39, 0x26, 0x11, 0xF8, 0xFF, 0xFF, 0xFF,
  0xFF, 0xFF, 0xFF, 0x0F, 0x48, 0x00, 0x1C, 0x90, 0x08, 0x38, 0x26, 0x01, 0xFC, 0xFF, 0xFF, 0xFF,
  0xFF, 0xFF, 0xFF, 0x0F, 0x48, 0x00, 0x1C, 0x90, 0x08, 0x38, 0x26, 0x01, 0xFC, 0xFF, 0xFF, 0xFF,
  0xFF, 0xFF, 0xFF, 0x0F, 0x04, 0x04, 0x3E, 0x18, 0x00, 0x38, 0x02, 0x10, 0xFC, 0xFF, 0xFF, 0xFF,
  0xFF, 0xFF, 0xFF, 0x0F, 0x04, 0x04, 0x3E, 0x18, 0x00, 0x38, 0x02, 0x10, 0xFC, 0xFF, 0xFF, 0xFF,
  0xFF, 0xFF, 0xFF, 0x1F, 0x04, 0x10, 0x3E, 0x18, 0x00, 0x38, 0x00, 0x80, 0xF8, 0xFF, 0xFF, 0xFF,
  0xFF, 0xFF, 0xFF, 0x1F, 0x04, 0x10, 0x3E, 0x18, 0x00, 0x38, 0x00, 0x80, 0xF8, 0xFF, 0xFF, 0xFF,
  0xFF, 0xFF, 0xFF, 0x1F, 0xC6, 0x10, 0x3E, 0x1C, 0x01, 0x78, 0x00, 0x82, 0xF0, 0xFF, 0xFF, 0xFF,
  0xFF, 0xFF, 0xFF, 0x1F, 0xC6, 0x10, 0x3E, 0x1C, 0x01, 0x78, 0x00, 0x82, 0xF0, 0xFF, 0xFF, 0xFF,
  0xFF, 0xFF, 0xFF, 0x3F, 0xCF, 0x10, 0x7E, 0x1C, 0x43, 0xFC, 0x10, 0x93, 0xF0, 0xFF, 0xFF, 0xFF,
  0xFF, 0xFF, 0xFF, 0x3F, 0xCF, 0x10, 0x7E, 0x1C, 0x43, 0xFC, 0x10, 0x93, 0xF0, 0xFF, 0xFF, 0xFF,
  0xFF, 0xFF, 0xFF, 0xFF, 0xFF, 0xFF, 0xFF, 0xFF, 0xFF, 0xFF, 0xFB, 0xDF, 0xF9, 0xFF, 0xFF, 0xFF,
  0xFF, 0xFF, 0xFF, 0xFF, 0xFF, 0xFF, 0xFF, 0xFF, 0xFF, 0xFF, 0xFB, 0xDF, 0xF9, 0xFF, 0xFF, 0xFF,
  0xFF, 0xFF, 0xFF, 0xFF, 0xFF, 0xFF, 0xFF, 0xFF, 0xFF, 0xFF, 0xFF, 0xFF, 0xFF, 0xFF, 0xFF, 0xFF,
  0xFF, 0xFF, 0xFF, 0xFF, 0xFF, 0xFF, 0xFF, 0xFF, 0xFF, 0xFF, 0xFF, 0xFF, 0xFF, 0xFF, 0xFF, 0xFF,
  0xFF, 0xFF, 0xFF, 0xFF, 0xFF, 0xFF, 0xFF, 0xFF, 0xFF, 0xFF, 0xFF, 0xFF, 0xFF, 0xFF, 0xFF, 0xFF,
  0xFF, 0xFF, 0xFF, 0xFF, 0xFF, 0xFF, 0xFF, 0xFF, 0xFF, 0xFF, 0xFF, 0xFF, 0xFF, 0xFF, 0xFF, 0xFF,
  0xFF, 0xFF, 0xFF, 0xFF, 0xFF, 0xFF, 0xFF, 0xFF, 0xFF, 0xFF, 0xFF, 0xFF, 0xFF, 0xFF, 0xFF, 0xFF,
  0xFF, 0xFF, 0xFF, 0xFF, 0xFF, 0xFF, 0xFF, 0xFF, 0xFF, 0xFF, 0xFF, 0xFF, 0xFF, 0xFF, 0xFF, 0xFF,
  0xFF, 0xFF, 0xFF, 0xFF, 0xFF, 0xFF, 0xFF, 0xFF, 0xFF, 0xFF, 0xFF, 0xFF, 0xFF, 0xFF, 0xFF, 0xFF,
  0xFF, 0xFF, 0xFF, 0xFF, 0xFF, 0xFF, 0xFF, 0xFF, 0xFF, 0xFF, 0xFF, 0xFF, 0xFF, 0xFF, 0xFF, 0xFF,
  0xFF, 0xFF, 0xFF, 0xFF, 0xFF, 0xFF, 0xFF, 0xFF, 0xFF, 0xFF, 0xFF, 0xFF, 0xFF, 0xFF, 0xFF, 0xFF,
  0xFF, 0xFF, 0xFF, 0xFF, 0xFF, 0xFF, 0xFF, 0xFF, 0xFF, 0xFF, 0xFF, 0xFF, 0xFF, 0xFF, 0xFF, 0xFF,
  0xFF, 0xFF, 0xFF, 0xFF, 0xFF, 0xFF, 0xFF, 0xFF, 0xFF, 0xFF, 0xFF, 0xFF, 0xFF, 0xFF, 0xFF, 0xFF,
  0xFF, 0xFF, 0xFF, 0xFF, 0xFF, 0xFF, 0xFF, 0xFF, 0xFF, 0xFF, 0xFF, 0xFF, 0xFF, 0xFF, 0xFF, 0xFF,
  0xFF, 0xFF, 0xFF, 0xFF, 0xFF, 0xFF, 0xFF, 0xFF, 0xFF, 0xFF, 0xFF, 0xFF, 0xFF, 0xFF, 0xFF, 0xFF,
  0xFF, 0xFF, 0xFF, 0xFF, 0xFF, 0xFF, 0xFF, 0xFF, 0xFF, 0xFF, 0xFF, 0xFF, 0xFF, 0xFF, 0xFF, 0xFF,
  0xFF, 0xFF, 0xFF, 0xFF, 0xFF, 0xFF, 0xFF, 0xFF, 0xFF, 0xFF, 0xFF, 0xFF, 0xFF, 0xFF, 0xFF, 0xFF,
  0xFF, 0xFF, 0xFF, 0xFF, 0xFF, 0xFF, 0xFF, 0xFF, 0xFF, 0xFF, 0xFF, 0xFF, 0xFF, 0xFF, 0xFF, 0xFF,
  0xFF, 0xFF, 0xFF, 0xFF, 0xFF, 0xFF, 0xFF, 0xFF, 0xFF, 0xFF, 0xFF, 0xFF, 0xFF, 0xFF, 0xFF, 0xFF,
  0xFF, 0xFF, 0xFF, 0xFF, 0xFF, 0xFF, 0xFF, 0xFF, 0xFF, 0xFF, 0xFF, 0xFF, 0xFF, 0xFF, 0xFF, 0xFF,
  0xFF, 0xFF, 0xFF, 0xFF, 0xFF, 0xFF, 0xFF, 0xFF, 0xFF, 0xFF, 0xFF, 0xFF, 0xFF, 0xFF, 0xFF, 0xFF,
  0xFF, 0xFF, 0xFF, 0xFF, 0xFF, 0xFF, 0xFF, 0xFF, 0xFF, 0xFF, 0xFF, 0xFF, 0xFF, 0xFF, 0xFF, 0xFF,
};
#endif
